vietnamese,tai_dam,is_augmented
quạ,ꪀꪱ,False
quạ,ꪚ꫁ꪮꪉ,True
ca,ꪀꪱ,False
lẽo,ꪀꪱ,True
đạt,ꪑꪲ꪿ꪣ,True
tận,ꪀ꪿ꪱ,False
đường,ꪀ꪿ꪱ,True
cả,ꪀ꪿ꪱ,False
Quý,ꪀ꪿ꪱ,False
ươm,ꪀ꫁ꪱ,False
tôi luyện,ꪀ꫁ꪱ,False
"tôi cuộng,",ꪀ꫁ꪱ,True
thướt tha,ꪀ꫁ꪱ ꪀꪮꪉ,False
"anh dũng, dũng cảm",ꪀ꫁ꪱ ꪬꪱꪙ,False
"vái dũng, dũng cảm",ꪀ꫁ꪱ ꪬꪱꪙ,True
mạ không giâm,ꪀ꫁ꪱ ꪶꪠꪉ,False
mạ sặt giâm,ꪀ꫁ꪱ ꪶꪠꪉ,True
mạ giâm,ꪀ꫁ꪱ ꪏꪾ,False
mạ giâm,ꪀ꫁ꪱ ꪶꪉꪉ,True
mạ lát,ꪀ꫁ꪱ ꪏꪾ,True
gan góc,ꪀ꫁ꪱ ꪵꪀ꪿,False
gác,ꪀ꪿ꪱꪀ,False
các,ꪀ꪿ꪱꪀ,False
tấc,ꪀ꪿ꪱꪀ,True
quá,ꪀꪱꪥ,False
cai,ꪀꪱꪥ,False
"qua thì, qua thời",ꪀꪱꪥ ꪹꪣ꪿,False
"qua thì, qua thư",ꪀꪱꪥ ꪹꪣ꪿,True
"qua thì, qua mái",ꪀꪱꪥ ꪹꪣ꪿,True
quá giờ,ꪀꪱꪥ ꪹꪋꪷ,False
quá mức,ꪀꪱꪥ ꪀꪱꪒ,False
rong mức,ꪀꪱꪥ ꪀꪱꪒ,True
"quá đáng, quá tệ",ꪀꪱꪥ ꪹꪁꪷ꪿,False
"quá đáng, quá tệ",ꪀꪱꪥ ꪋꪮꪀ,True
"quá đáng, quá quay,",ꪀꪱꪥ ꪹꪁꪷ꪿,True
"quá kỳ, lỗi thời",ꪀꪱꪥ ꪁꪲ,False
khỏi phải nói,ꪀꪱꪥ ꪫ꪿ꪱ,False
ngớp đủ nói,ꪀꪱꪥ ꪫ꪿ꪱ,True
ruộng phảy nói,ꪀꪱꪥ ꪹꪩꪷ꫁ꪀ,True
bắc,ꪀ꪿ꪱꪥ,False
"gác, đặt",ꪀ꪿ꪱꪥ,False
"gác, đặt",ꪭꪳꪙ,True
"kề, sát",ꪀ꪿ꪱꪥ,False
trạng sát,ꪯꪲꪒ,True
sao chép,ꪀ꪿ꪱꪥ,False
lưu truyền,ꪀ꪿ꪱꪥ ꪋꪸꪙ,False
lưu truyền,ꪀ꪿ꪱꪥ ꪹꪯꪷꪩꪒ,True
tổng truyền,ꪀ꪿ꪱꪥ ꪋꪸꪙ,True
"thay, đổi, cải",ꪀ꫁ꪱꪥ,False
"thay, khảu kềnh",ꪀ꫁ꪱꪥ,True
càng,ꪀ꫁ꪱꪣ,False
lòng trắng,ꪀ꫁ꪱꪣ,False
cùi,ꪀ꫁ꪱꪣ,False
cùi,ꪏꪩꪱꪉ,True
"cuống, cuộng, dọc lá",ꪀ꫁ꪱꪙ,False
"cuống, cuộng, dọc lá",ꪏꪴ꫁ꪥ,True
"lút cuộng, dọc vai",ꪀ꫁ꪱꪙ,True
cán,ꪀ꫁ꪱꪙ,False
"giữa, lưng, lưng chừng, nửa chừng",ꪀꪱꪉ,False
"giữa, lưng, lưng nhạo nửa chừng",ꪤꪲ꪿ꪙ,True
"đêm khuya, canh khuya",ꪀꪱꪉ ꪁꪳꪙ ꪨꪺꪉ,False
đêm uổng canh khuya,ꪀꪱꪉ ꪁꪳꪙ ꪨꪺꪉ,True
"đêm khuya, canh khuya",ꪊꪲ꫁ ꪁꪳꪙ ꪨꪺꪉ,True
đười ươi,ꪀꪱꪉ ꪀ꪿ꪮꪥ,False
cáng,ꪀ꪿ꪱꪉ,False
bủa,ꪀ꪿ꪱꪉ,False
bủa,ꪡꪱꪣ,True
bủa,ꪁꪲꪀ,True
lên khung,ꪀ꪿ꪱꪉ,False
"mắc, bắc",ꪀ꪿ꪱꪉ,False
rút bắc,ꪀ꪿ꪱꪉ,True
rớm bắc,ꪀ꪿ꪱꪉ,True
khạng nạng,ꪀ꪿ꪱꪉ ꪀꪱꪀ,False
"cú lượt,",ꪀ꪿ꪱꪉ ꪀꪱꪀ,True
"hóc, mắc",ꪀ꫁ꪱꪉ,False
"vòi, mắc",ꪀ꫁ꪱꪉ,True
"khoác, khoác lác",ꪀꪱꪫ,False
kính káo,ꪀ꪿ꪱꪫ ꪵꪘ,False
kính káo,ꪀ꪿ꪱꪫ ꪹꪬꪷ꪿ꪉ,True
"bẹ, mo",ꪀꪱꪚ,False
vỏ khô,ꪀꪱꪚ,False
thiếu khô,ꪀꪱꪚ,True
hãy khô,ꪀꪱꪚ,True
mảnh,ꪀꪱꪚ,False
sự,ꪀꪱꪙ,False
gọn,ꪀꪱꪙ,True
vụ,ꪀꪱꪙ,False
"nhở,",ꪀꪱꪙ,True
tình trạng,ꪀꪱꪙ,False
tình ém,ꪀꪱꪙ,True
"buốt, xe",ꪀꪱꪙ,True
tốc độ,ꪀꪱꪒ ꪫꪽ,False
"cỏ, độ",ꪀꪱꪒ ꪫꪽ,True
cô,ꪮꪱ,False
dắt,ꪮꪱ,True
à,ꪮꪱ,False
ư,ꪮꪱ,False
ơi,ꪮ꪿ꪱ,False
hả,ꪮ꪿ꪱ,False
chễm chệ,ꪮ꪿ꪱ ꪈ꫁ꪱ,False
há,ꪮ꫁ꪱ,False
há,ꪝꪰꪉ,True
ngoạc,ꪮ꫁ꪱ,False
ngoạc,ꪻꪝ,True
doãng,ꪮ꫁ꪱ,False
loe,ꪮ꫁ꪱ,False
nở,ꪮ꫁ꪱ,False
xoè,ꪮ꫁ꪱ,False
ngoam ngoáp,ꪮ꫁ꪱ ꪶꪊꪜꪉ,False
"kẽ, ngoáp",ꪮ꫁ꪱ ꪶꪊꪜꪉ,True
cô giáo,ꪮꪱ ꪼꪏ,False
chễm chệ,ꪮ꪿ꪱ ꪈ꪿ꪱ,False
chài bài,ꪮ꫁ꪱ ꪄꪱ,False
"chài xế,",ꪮ꫁ꪱ ꪄꪱ,True
"chài lúa,",ꪮ꫁ꪱ ꪄꪱ,True
cố tình,ꪮ꫁ꪱ ꪵꪘ꫁ꪉ,False
"cố nhiêu,",ꪮ꫁ꪱ ꪵꪘ꫁ꪉ,True
xắm tình,ꪮ꫁ꪱ ꪵꪘ꫁ꪉ,True
ngáp,ꪮ꫁ꪱ ꪉꪱꪚ,False
"thử,",ꪮ꫁ꪱ ꪉꪱꪚ,True
ngoáp,ꪮ꫁ꪱ ꪉꪱꪚ,False
chè hẻ,ꪮ꫁ꪱ ꪉꪱꪚ,False
bở hơi tai,ꪮ꫁ꪱ ꪉꪱꪚ ꪜꪱ,False
dông chuôi tai,ꪮ꫁ꪱ ꪉꪱꪚ ꪜꪱ,True
há miệng,ꪮ꫁ꪱ ꪜꪱꪀ,False
úi chà,ꪮ꫁ꪱ ꪮꪴ꪿ꪥ,False
đuối chà,ꪩꪲ꫁ꪉ ꪮꪴ꪿ꪥ,True
úi chà,ꪅꪲ꪿ꪣ ꪮꪴ꪿ꪥ,True
mở miệng,ꪮ꫁ꪱ ꪶꪎꪚ,False
mở mưng,ꪮ꫁ꪱ ꪶꪎꪚ,True
há hốc,ꪮ꫁ꪱ ꪶꪎꪚ,False
à,ꪯ꪿ꪱ,False
sà,ꪯ꪿ꪱ ꪥꪱꪒ,False
đáp,ꪯ꪿ꪱ ꪥꪱꪒ,False
đáp,ꪎꪮꪀ ꪥꪱꪒ,True
dìa,ꪯ꪿ꪱ ꪥꪱꪒ,True
ác,ꪮ꪿ꪱꪀ,False
gian ác,ꪮ꪿ꪱꪀ ꪊꪱꪙ,False
ác tâm,ꪮ꪿ꪱꪀ ꪻꪊ,False
ác tâm,ꪶꪏꪉ ꪻꪊ,True
khốc hại,ꪮ꪿ꪱꪀ ꪋ꪿ꪺ,False
khốc hại,ꪮ꪿ꪱꪀ ꪼꪀ꪿,True
tàn ác,ꪮ꪿ꪱꪀ ꪭ꫁ꪱꪥ,False
tàn ác,ꪮ꪿ꪱꪀ ꪅꪺꪉ,True
quằn ác,ꪮ꪿ꪱꪀ ꪭ꫁ꪱꪥ,True
eng éc,ꪵꪮ꪿ꪀ ꫟,False
eng éc,ꪵꪮ꪿ꪀ ꪹꪄ꫁,True
lặc lè,ꪵꪯ꫁ꪀ ꫟,False
mùi,ꪮꪱꪥ,False
"nẹt,",ꪮꪱꪥ,True
hôi,ꪮꪱꪥ,False
hơi,ꪮꪱꪥ,False
khí,ꪮꪱꪥ,False
"thấm, ăn thua",ꪮꪱꪥ,False
"thấm, bông thua",ꪮꪱꪥ,True
"thấm, thì, thua",ꪮꪱꪥ,True
"nặng mùi, mùi khó chịu",ꪮꪱꪥ ꪭ꫁ꪱꪥ,False
"nặng mùi, mùi khó bấc",ꪮꪱꪥ ꪔꪸꪚ,True
"kèm, mùi, mùi khó chịu",ꪹꪮꪷ ꪭ꫁ꪱꪥ,True
nguy nga,ꪮꪱꪥ ꪅꪱꪥ,False
không khí,ꪮꪱꪥ ꪶꪩꪣ,False
xấu hổ,ꪮꪱꪥ ꪘ꫁ꪱ,False
xấu hổ,ꪮꪱꪥ ꪹꪖ꫁,True
xấu hổ,ꪮꪱꪥ ꪮꪲꪉ,True
hôi hám,ꪮꪱꪥ ꪹꪐꪉ,False
lên hơi,ꪮꪱꪥ ꪮꪮꪀ,False
lên hơi,ꪐꪴ꪿ꪀ ꪮꪮꪀ,True
thấm tháp,ꪮꪱꪥ ꪹꪮꪷ꫁,False
"khí trời, không khí",ꪮꪱꪥ ꪡ꫁ꪱ,False
"róc trời, không khí",ꪮꪱꪥ ꪡ꫁ꪱ,True
sực mùi,ꪮꪱꪥ ꪡꪳ꫁ꪙ,False
sực mùi,ꪮ꫁ꪱꪫ ꪡꪳ꫁ꪙ,True
bốc hơi,ꪮꪱꪥ ꪜꪴ꪿ꪀ,False
bốc hơi,ꪹꪜ꫁ꪱ ꪜꪴ꪿ꪀ,True
bốc hoe,ꪮꪱꪥ ꪜꪴ꪿ꪀ,True
ải,ꪮ꪿ꪱꪥ,False
"bố, cha",ꪮ꫁ꪱꪥ,False
anh,ꪮ꫁ꪱꪥ,False
"gã, anh chàng",ꪮ꫁ꪱꪥ,False
ông chú,ꪮ꫁ꪱꪥ ꪮꪱꪫ,False
"bố dượng, cha dượng",ꪮ꫁ꪱꪥ ꪮꪱꪫ,False
bố bỡ cha ngượng,ꪮ꫁ꪱꪥ ꪮꪱꪫ,True
chàng trai,ꪮ꫁ꪱꪥ ꪚ꪿ꪱꪫ,False
"bố mẹ, cha mẹ",ꪮ꫁ꪱꪥ ꪹꪯꪸꪣ,False
"bố mẹ, trong mẹ",ꪮ꫁ꪱꪥ ꪹꪯꪸꪣ,True
"bố nuôi, cha nuôi",ꪮ꫁ꪱꪥ ꪩꪸ꫁ꪉ,False
bác trai,ꪮ꫁ꪱꪥ ꪩꪴꪉ,False
bác thẩn,ꪮ꫁ꪱꪥ ꪩꪴꪉ,True
ông anh,ꪮ꫁ꪱꪥ ꪨꪺꪉ,False
ông ók,ꪅꪳ꫁ꪣ ꪨꪺꪉ,True
"bố dượng, cha dượng",ꪮ꫁ꪱꪥ ꪻꪢ꪿,False
"bố dượng, cha dượng",ꪮ꫁ꪱꪥ ꪶꪠ꫁ꪉ,True
ông cậu,ꪮ꫁ꪱꪥ ꪙ꫁ꪱ,False
bội cậu,ꪮ꫁ꪱꪥ ꪙ꫁ꪱ,True
anh em,ꪮ꫁ꪱꪥ ꪙ꫁ꪮꪉ,False
anh em,ꪹꪫꪸ꫁ ꪙ꫁ꪮꪉ,True
"bố đẻ, cha đẻ",ꪮ꫁ꪱꪥ ꪮꪮꪀ,False
"bố đẻ, cha ngóng",ꪮ꫁ꪱꪥ ꪮꪮꪀ,True
bố cháy cha đẻ,ꪮ꫁ꪱꪥ ꪮꪮꪀ,True
anh,ꪮ꫁ꪱꪥ ꪝꪲ꪿,False
lõa,ꪮ꫁ꪱꪥ ꪝꪲ꪿,True
"ông nội, ông",ꪮ꫁ꪱꪥ ꪜꪴ꪿,False
ông phịch ông,ꪮ꫁ꪱꪥ ꪜꪴ꪿,True
ông ngoại,ꪮ꫁ꪱꪥ ꪔꪱ,False
ông ngoại,ꪮ꫁ꪱꪥ ꪵꪕ꪿ꪫ,True
bố vợ,ꪮ꫁ꪱꪥ ꪔꪱ,False
anh chị,ꪮ꫁ꪱꪥ ꪹꪮ꫁ꪥ,False
chiếc chị,ꪮ꫁ꪱꪥ ꪹꪮ꫁ꪥ,True
anh,ꪯꪱꪥ,False
lỏi,ꪯꪱꪥ,True
ái chà,ꪯꪱꪥ ꪥꪱ,False
thầy giáo,ꪯꪱꪥ ꪼꪏ,False
thầy giáo,ꪯꪱꪥ ꪕꪣꪳ꪿ꪙ,True
thổi,ꪮꪱꪣ,False
um ma,ꪮꪱꪣ ꪶꪛ꪿,False
um ma,ꪮꪱꪣ ꪹꪚꪱ꫁,True
tủm hụp,ꪯꪱꪣ ꪗ꪿ꪱꪣ,False
"còm, hụp",ꪯꪱꪣ ꪗ꪿ꪱꪣ,True
"loè xoè, bè xoè",ꪯꪱꪣ ꪗ꪿ꪱꪣ,False
"loè xoè, bè xoè",ꪯꪱꪣ ꪹꪯꪷꪥ꫁ꪀ,True
"loè xoè, tương, hển",ꪯꪱꪣ ꪗ꪿ꪱꪣ,True
yên,ꪮꪱꪙ,False
hàng,ꪮ꪿ꪱꪙ,False
những,ꪮ꪿ꪱꪙ,False
vô kể,ꪮ꪿ꪱꪙ,False
kể,ꪮ꪿ꪱꪙ,False
kể,ꪣꪺ,True
ròng,ꪮ꪿ꪱꪙ,False
đếm,ꪮ꪿ꪱꪙ,False
đếm,ꪁꪲꪀ,True
đọc,ꪮ꪿ꪱꪙ,False
đọc,ꪹꪮ꫁ꪉ,True
"cách trở, cách bức",ꪮ꪿ꪱꪙ ꪈꪽ,False
"cách trở, cách hạt,",ꪮ꪿ꪱꪙ ꪈꪽ,True
"tri châu, tri huyện",ꪮ꪿ꪱꪙ ꪑꪱ,False
"tri châu, vì, ủn",ꪮ꪿ꪱꪙ ꪑꪱ,True
"sửu châu, tri bật,",ꪮ꪿ꪱꪙ ꪑꪱ,True
chúa đất tham chính,ꪮ꪿ꪱꪙ ꪑꪱ,False
chúa đất tham chính,ꪮ꪿ꪱꪙ ꪶꪙ꫁ꪀ,True
chúa đất cắm chính,ꪭꪸꪫ ꪑꪱ,True
kết tội,ꪮ꪿ꪱꪙ ꪶꪕ꫁ꪥ,False
"dời, tội",ꪮ꪿ꪱꪙ ꪶꪕ꫁ꪥ,True
khoe,ꪮ꫁ꪱꪉ,False
khoe,ꪑꪴꪙ,True
kiêu kì,ꪮ꫁ꪱꪉ ꪈꪲꪒ,False
phô trương,ꪮ꫁ꪱꪉ ꪻꪐ꪿,False
vởn trương,ꪮ꫁ꪱꪉ ꪻꪐ꪿,True
phô trương,ꪶꪈ ꪛ꪿ꪺꪙ,True
nhởn nhơ,ꪵꪮ꪿ꪉ ꪵꪮ,False
nhởn nhơ,ꪵꪮ꪿ꪉ ꪙꪴꪉ,True
loa cái ninh,ꪵꪮ꪿ꪉ ꪢꪷ꫁,False
loa cái chấy,ꪵꪮ꪿ꪉ ꪢꪷ꫁,True
ảnh,ꪵꪮ꫁ꪉ,False
"quý, mến, đáng yêu",ꪵꪯꪉ,False
"quý, nong, đáng yêu",ꪵꪯꪉ,True
"anh yêu, em yêu",ꪵꪯꪉ ꪎꪱꪥ,False
"anh yêu, em ướt",ꪵꪯꪉ ꪎꪱꪥ,True
"gia, yêu, lõm yêu",ꪵꪯꪉ ꪎꪱꪥ,True
chú,ꪮꪱꪫ,False
cô chú,ꪮꪱꪫ ꪮꪱ,False
chạch chú,ꪮꪱꪫ ꪠꪱꪥ,True
chú rể,ꪮꪱꪫ ꪹꪄꪥ,False
chú út,ꪮꪱꪫ ꪨ꫁ꪱ,False
ngan út,ꪶꪋ꫁ꪀ ꪨ꫁ꪱ,True
chú chúm,ꪮꪱꪫ ꪨ꫁ꪱ,True
chú thím,ꪮꪱꪫ ꪩꪺ,False
nghĩ,ꪮ꪿ꪱꪫ,False
tắm,ꪮꪱꪚ,False
hắt,ꪮꪱꪚ,True
gội,ꪮꪱꪚ,False
phạ,ꪮꪱꪚ,True
mạ,ꪮꪱꪚ,False
hơi,ꪮ꪿ꪱꪫ,False
khí,ꪮ꪿ꪱꪫ,False
teo,ꪮ꪿ꪱꪫ,True
khoác lác,ꪮ꫁ꪱꪫ ꪻꪐ꪿,False
nhích khuống,ꪮ꫁ꪱꪫ ꪻꪐ꪿,True
ồn,ꪯꪱꪫ ꫟,False
"chớp,",ꪯꪱꪫ ꫟,True
huyên náo,ꪯꪱꪫ ꪹꪯꪸꪫ,False
suỵt,ꪯ꪿ꪱꪫ,False
tắm táp,ꪮꪱꪚ ꪮ꪿ꪺꪉ,False
"víu, táp",ꪮꪱꪚ ꪮ꪿ꪺꪉ,True
tắm chuôi,ꪮꪱꪚ ꪕꪷ꪿,True
tắm rửa,ꪮꪱꪚ ꪎ꪿ꪺꪥ,False
hưỡn: rửa,ꪮꪱꪚ ꪎ꪿ꪺꪥ,True
đè nén,ꪯꪱꪚ,False
đè nén,ꪣꪴꪒ,True
chơi trội,ꪯꪱꪚ ꪢ꫁ꪱ,False
chơi trội,ꪯꪱꪚ ꪮ꪿ꪱꪀ,True
"rải, trội",ꪯꪱꪚ ꪢ꫁ꪱ,True
"hình nộm bằng giẻ đuổi thú rừng, ma quỷ ở nương",ꪮꪱꪒ,False
"hình nộm bằng giẻ đuổi thú rừng, ma xỉa ở nương",ꪮꪱꪒ,True
"hình nộm bằng giẻ họp, đáy rừng, ma quỷ quản nương",ꪮꪱꪒ,True
lấy,ꪹꪮꪱ,False
"đem, mang, đưa",ꪹꪮꪱ,False
cho vào,ꪹꪮꪱ,False
dùng,ꪹꪮꪱ,False
nghén,ꪹꪮꪱ,True
tùy ý,ꪹꪮꪱ ꪻꪊ,False
"tùy cheng,",ꪹꪮꪱ ꪻꪊ,True
lấy lòng,ꪹꪮꪱ ꪻꪊ,False
lấy lòng,ꪹꪮꪱ ꪣꪷ,True
giữ tiếng,ꪹꪮꪱ ꪘ꫁ꪱ,False
"chịu đực, chịu tơ",ꪹꪮꪱ ꪠꪮꪀ,False
"chịu đực, chịu vàng",ꪎꪱꪫ ꪠꪮꪀ,True
chịu trống,ꪹꪮꪱ ꪝꪷ꪿,False
chịu chuồi,ꪹꪮꪱ ꪝꪷ꪿,True
"bạt mạng, vong mạng",ꪹꪮꪱ ꪔꪱꪥ,False
"bạt mạng, vong mạng",ꪹꪮꪱ ꪡ꫁ꪱꪉ,True
"bạt mạng, vong lật,",ꪏꪰꪀ ꪔꪱꪥ,True
chịu đực,ꪹꪮꪱ ꪹꪖꪷ꪿ꪀ,False
đấy,ꪹꪮ꪿ꪱ,False
đấy,ꪊꪲ꪿,True
dũi,ꪹꪮ꪿ꪱ,True
bức,ꪹꪮ꫁ꪱ,False
"ngột ngạt, nồng nực",ꪹꪮ꫁ꪱ ꪹꪈꪱ,False
"ngột ngạt, líu nực",ꪹꪮ꫁ꪱ ꪶꪎꪚꪙ,True
ngột cóng nồng nực,ꪹꪮ꫁ꪱ ꪮꪳ,True
"oi bức, bức bối",ꪹꪮ꫁ꪱ ꪮꪳꪒ,False
"oi bức, bức bờm",ꪩꪴ꫁ꪣ ꪮꪳꪒ,True
"oi bức, bức bối",ꪨ꫁ꪮꪥ ꪮꪳꪒ,True
đầy hơi,ꪻꪯ ꫟,False
đầy khẻo,ꪻꪯ ꫟,True
ho,ꪼꪮ,False
ho khan,ꪼꪮ ꪩ꫁ꪱ,False
ho chăn,ꪼꪮ ꪩ꫁ꪱ,True
ho đê,ꪼꪮ ꪩ꫁ꪱ,True
oi nước,ꪼꪮ꫁ ꪙꪾ꫁,False
quậy nước,ꪼꪮ꫁ ꪙꪾ꫁,True
dỗ dành,ꪮꪰꪀ ꫟,False
cám dỗ,ꪮꪰꪀ ꪮ꪿ꪮꪥ,False
cám dỗ,ꪮꪰꪀ ꪶꪜꪀ꫁ꪉ,True
xốn xang,ꪯꪰꪀ ꪙꪰꪀ,False
xốn xang,ꪼꪛ ꪙꪰꪀ,True
x. ꪠꪲ ꪮꪾ,ꪮꪾ,False
"gân, ꪠꪲ ꪮꪾ",ꪮꪾ,True
x. thoáng ꪮꪾ,ꪮꪾ,True
hoa văn hình quả trám,ꪮꪾ ꪚꪱ,False
hoa văn hình rạc trám,ꪮꪾ ꪚꪱ,True
hoa văn hình quả tày,ꪮꪾ ꪚꪱ,True
lặng thinh,ꪮꪾ꪿ ꪼꪠ꪿,False
"ẩm, ớm",ꪮꪾ꫁,False
giéo giắt,ꪮꪾ꫁ ꪮꪲ꪿ꪉ,False
giéo lạng,ꪮꪾ꫁ ꪮꪲ꪿ꪉ,True
ẩm thấp,ꪮꪾ꫁ ꪈꪾ,False
ẩm hăn-xen,ꪮꪾ꫁ ꪈꪾ,True
hoa văn trắng đen lấm tấm,ꪮꪾ꫁ ꪮ꪿ꪮꪥ,False
trơ khấc,ꪮꪾ꫁ ꪜꪱꪀ,False
trơ tranh,ꪮꪾ꫁ ꪜꪱꪀ,True
trơ khấc,ꪮꪾ꫁ ꪝ꫁ꪱꪙ,True
cái,ꪮꪽ,False
điều,ꪮꪽ,False
kêu,ꪮ꪿ꪽ,False
kêu,ꪹꪣꪷꪀ,True
tận,ꪮ꪿ꪽ,False
"ô, ngăn",ꪮ꫁ꪽ,False
"ô, tư",ꪮ꫁ꪽ,True
"ấy, đấy",ꪯ꫁ꪽ,False
"ấy, mèn",ꪯ꫁ꪽ,True
bảy đấy,ꪯ꫁ꪽ,True
kia kìa,ꪯ꫁ꪽ ꪹꪩꪸ,False
kia kìa,ꪯ꫁ꪽ ꪏꪴꪙ,True
bí hơi,ꪮꪾꪚ,False
âm u,ꪮꪾꪚ ꪯꪳ꫁ꪉ,False
"giô, u",ꪮꪾꪚ ꪯꪳ꫁ꪉ,True
ngần ngừ,ꪮꪾꪚ ꪯꪳ꫁ꪉ,False
"ngần cùng,",ꪮꪾꪚ ꪯꪳ꫁ꪉ,True
ngoắt ngoéo,ꪮꪰꪒ ꪵꪮ꫁ꪫ,False
"nhớt, ngoéo",ꪮꪰꪒ ꪵꪮ꫁ꪫ,True
muôn đời,ꪚꪱ ꪹꪓꪷꪥ,False
thề đời,ꪚꪱ ꪹꪓꪷꪥ,True
ta,ꪚꪱ ꪼꪕ,False
người,ꪚꪱ ꪼꪕ,False
người,ꪮꪳꪣ ꪼꪕ,True
vai,ꪚ꪿ꪱ,False
góp,ꪚ꪿ꪱ,True
đổ,ꪚ꪿ꪱ,False
đổ,ꪁ꪿ꪱꪥ,True
sã cánh,ꪚ꪿ꪱ ꪹꪨ꪿ꪥ,False
sã cánh,ꪚ꪿ꪱ ꪕꪸ꪿ꪉ,True
loạn lạc,ꪚ꪿ꪱ ꪐꪴ꫁ꪉ,False
"loạn tò,",ꪚ꪿ꪱ ꪐꪴ꫁ꪉ,True
tan hoang,ꪚ꪿ꪱ ꪎꪸꪫ,False
tan hoang,ꪹꪚꪸꪚ ꪎꪸꪫ,True
đa,ꪚ꫁ꪱ,False
phân,ꪚ꫁ꪱ,True
thằng,ꪚ꫁ꪱ,False
"ông, anh",ꪚ꫁ꪱ,False
điên,ꪚ꫁ꪱ,False
điên,ꪨꪳꪣ,True
giãy,ꪚ꫁ꪱ,False
bị thương,ꪚ꫁ꪱ ꪭꪱꪒ,False
"tòm, thương",ꪚ꫁ꪱ ꪭꪱꪒ,True
bị thương,ꪼꪜ꪿ ꪭꪱꪒ,True
ngoắc ngoải,ꪚ꫁ꪱ ꪭꪱꪒ,False
"ngoắc tiêu,",ꪚ꫁ꪱ ꪣꪱꪒ,True
lảo đảo,ꪚ꫁ꪱ ꪩꪱꪣ,False
thất thểu,ꪚ꫁ꪱ ꪩꪱꪣ,False
tất tả,ꪚ꫁ꪱ ꪩꪱꪣ,False
nát rượu,ꪚ꫁ꪱ ꪹꪨ꫁ꪱ,False
hung dữ,ꪚ꫁ꪱ ꪹꪩꪒ,False
động kinh,ꪚ꫁ꪱ ꪢꪴ,False
nhòm kinh,ꪚ꫁ꪱ ꪢꪴ,True
giãy chết,ꪚ꫁ꪱ ꪔꪱꪥ,False
si tình,ꪚ꫁ꪱ ꪎꪱꪫ,False
si tình,ꪥ꪿ꪱꪫ ꪎꪱꪫ,True
bà,ꪛꪱ,False
lã,ꪛꪱ,True
"bà mụ, bà đỡ đẻ",ꪛꪱ ꪣꪴ꫁,False
bà xối hoà đỡ đẻ,ꪛꪱ ꪠ꪿ꪮꪥ,True
nữ tu sĩ,ꪛꪱ ꪣꪴ꫁,False
nữ tu sĩ,ꪎꪲꪙ ꪣꪴ꫁,True
nữ tu sĩ,ꪛꪱ ꪁꪩ꫁ꪮꪀ,True
tuần đinh,ꪵꪚ꪿ꪀ,False
tuần giọ#ven,ꪵꪚ꪿ꪀ,True
túm,ꪚꪱꪥ,False
rẫy cỏ,ꪚꪱꪥ,False
"đảo, cỏ",ꪚꪱꪥ,True
rẫy rỡ,ꪚꪱꪥ,True
rẫy cỏ đợt một,ꪚꪱꪥ ꪔꪲꪙ,False
"rẫy ti móc, một",ꪚꪱꪥ ꪵꪉ,True
ngoảnh mặt,ꪚ꪿ꪱꪥ ꪘ꫁ꪱ,False
ngoảnh rui,ꪚ꪿ꪱꪥ ꪘ꫁ꪱ,True
chèo,ꪚ꫁ꪱꪥ,False
bài,ꪛꪱꪥ,False
hõm,ꪛ꫁ꪱꪣ,False
bừa,ꪚꪱꪙ,False
bừa,ꪚꪱꪙ,False
bảo ban,ꪚꪱꪙ ꪚꪮꪀ,False
bừa đợt một,ꪚꪱꪙ ꪬ꪿ꪱ ꪠ꫁ꪱꪙ,False
"bừa đợt tha,",ꪚꪱꪙ ꪬ꪿ꪱ ꪠ꫁ꪱꪙ,True
vành tai,ꪚꪱꪙ ꪬꪴ,False
vành tai,ꪄꪳꪚ ꪬꪴ,True
"vành lệ,",ꪚꪱꪙ ꪬꪴ,True
"vểnh râu, lên râu",ꪚꪱꪙ ꪬꪴ ꪶꪑ꫁ꪀ,False
"ghệt râu, lên râu",ꪊꪾꪚ ꪬꪴ ꪶꪑ꫁ꪀ,True
"dạo râu, lên râu",ꪚꪱꪙ ꪬꪴ ꪶꪑ꫁ꪀ,True
ban đã kết hạt,ꪚꪱꪙ ꪄ꪿ꪱꪉ,False
ban sam kết dọn,ꪚꪱꪙ ꪄ꪿ꪱꪉ,True
bừa đợt hai,ꪚꪱꪙ ꪄ꪿ꪱꪉ,False
"bừa lình, hai",ꪚꪱꪙ ꪄ꪿ꪱꪉ,True
bừa đợt cuối để cấy,ꪚꪱꪙ ꪩꪱꪒ,False
bừa đợt cuối để cấy,ꪵꪥ꪿ꪉ ꪩꪱꪒ,True
bừa đợt cuối giơ phệ,ꪚꪱꪙ ꪩꪱꪒ,True
hoa ban nở rộ,ꪚꪱꪙ ꪝꪴꪙ,False
"hoa súc, nở rộ",ꪚꪱꪙ ꪁꪩꪷ꫁,True
ngỏ lời,ꪚꪱꪙ ꪁꪫꪱꪣ,False
"bừa cào, bàn trang",ꪚꪱꪙ ꪎꪱꪉ,False
"bừa cào, bàn trang",ꪚꪱꪙ ꪤꪸꪒ,True
mẻ,ꪚ꪿ꪱꪙ,False
bản,ꪚ꫁ꪱꪙ,False
bàn chải,ꪚ꫁ꪱꪙ ꪊ꫁ꪱꪥ,False
"bản làng, làng xóm",ꪚ꫁ꪱꪙ ꪄ꪿ꪺꪉ,False
"bản chăm, làng phóc",ꪚ꫁ꪱꪙ ꪄ꪿ꪺꪉ,True
làng xóm,ꪚ꫁ꪱꪙ ꪄ꪿ꪺꪉ,False
làng xóm,ꪚ꫁ꪱꪙ ꪩꪴ꪿,True
"làng chiều,",ꪚ꫁ꪱꪙ ꪄ꪿ꪺꪉ,True
bản mường,ꪚ꫁ꪱꪙ ꪹꪣꪉ,False
làng mạc,ꪚ꫁ꪱꪙ ꪙꪱ,False
làng mạc,ꪚ꫁ꪱꪙ ꪶꪚ꪿,True
nông thôn,ꪚ꫁ꪱꪙ ꪙꪱ,False
đương thôn,ꪵꪐ꪿ꪉ ꪙꪱ,True
bàn,ꪛꪱꪙ,False
bạn,ꪛ꫁ꪱꪙ,False
bạn học,ꪛ꫁ꪱꪙ ꪭ꫁ꪮꪀ,False
"bạn bè, bầu bạn",ꪛ꫁ꪱꪙ ꪹꪡꪉ,False
"bạn bè, hoang ho",ꪛ꫁ꪱꪙ ꪹꪡꪉ,True
"bạn bè, mạp bạn",ꪣꪴ꪿ꪙ ꪹꪡꪉ,True
mỏng,ꪚꪱꪉ,False
nghèo,ꪚꪱꪉ,True
quen,ꪚꪱꪉ,True
"mảnh, thanh",ꪚꪱꪉ,False
"vợi, vãn",ꪚꪱꪉ,False
mỏng tanh,ꪚꪱꪉ ꪵꪤꪉ ꪵꪥ,False
mỏng tanh,ꪔꪮꪀ ꪵꪤꪉ ꪵꪥ,True
mỏng tanh,ꪚꪱꪉ ꪋꪱꪫ ꪚꪲꪙ,True
"mỏng manh, mỏng mảnh",ꪚꪱꪉ ꪪꪸ,False
"mỏng manh, mỏng mảnh",ꪹꪅꪸꪒ ꪪꪸ,True
"vợi hản, vãn hẳn",ꪚꪱꪉ ꪎꪰꪮꪱꪒ,False
"vợi hản, vãn hẳn",ꪚꪱꪉ ꪹꪮ꫁ꪉ,True
sóc bay,ꪚ꪿ꪱꪉ,False
sóc nịch,ꪚ꪿ꪱꪉ,True
"lang, khoang",ꪚ꪿ꪱꪉ,False
bảng,ꪚ꫁ꪱꪉ,False
mức,ꪚ꫁ꪱꪉ,True
bảng đen,ꪚ꫁ꪱꪉ ꪒꪾ,False
nết đen,ꪹꪮ꫁ ꪒꪾ,True
bảng tính,ꪚ꫁ꪱꪉ ꪔꪲ꪿ꪉ,False
bảng số,ꪚ꫁ꪱꪉ ꪶꪎ꪿,False
bảng chài,ꪚ꫁ꪱꪉ ꪶꪎ꪿,True
quạnh quẽ,ꪵꪚꪉ ꪵꪚ꪿ꪫ,False
lim quẽ,ꪵꪚꪉ ꪵꪚ꪿ꪫ,True
sình quẽ,ꪵꪚꪉ ꪵꪚ꪿ꪫ,True
bánh,ꪵꪚ꪿ꪉ,False
tấm,ꪵꪚ꪿ꪉ,True
báo,ꪚ꪿ꪱꪫ,False
báo,ꪻꪊ,True
báo,ꪚ꫁ꪱ,True
trai,ꪚ꪿ꪱꪫ,False
"trai bản, trai làng",ꪚ꪿ꪱꪫ ꪚ꫁ꪱꪙ,False
"trai bản, ngổn làng",ꪚ꪿ꪱꪫ ꪚ꫁ꪱꪙ,True
trai hầu chủ buôn,ꪚ꪿ꪱꪫ ꪁ꫁ꪱ,False
gơ hầu chủ buôn,ꪚ꪿ꪱꪫ ꪁ꫁ꪱ,True
trai hầu,ꪚ꪿ꪱꪫ ꪻꪋ꫁,False
trai giúp việc di cư,ꪚ꪿ꪱꪫ ꪋꪺ,False
trai nhà quyền thế,ꪚ꪿ꪱꪫ ꪀꪴꪙ,False
trai độc thân,ꪚ꪿ꪱꪫ ꪒꪱꪥ,False
tìm độc thân,ꪚ꪿ꪱꪫ ꪒꪱꪥ,True
trai tơ,ꪚ꪿ꪱꪫ ꪭꪱꪣ,False
trai tơ,ꪹꪮꪷ ꪭꪱꪣ,True
trai tơ,ꪶꪄ꫁ ꪭꪱꪣ,True
giám mã,ꪚ꪿ꪱꪫ ꪣ꫁ꪱ,False
giám mã,ꪚ꪿ꪱꪫ ꪶꪙ,True
lực điền,ꪚ꪿ꪱꪫ ꪙꪱ,False
lực điền,ꪨꪲ꪿ ꪙꪱ,True
thiếu niên,ꪚ꪿ꪱꪫ ꪙ꫁ꪮꪥ,False
thiếu cán,ꪚ꪿ꪱꪫ ꪙ꫁ꪮꪥ,True
trai thường dân,ꪚ꪿ꪱꪫ ꪙ꫁ꪮꪥ,False
vịt thường dân,ꪚ꪿ꪱꪫ ꪙ꫁ꪮꪥ,True
trai trẻ,ꪚ꪿ꪱꪫ ꪘ꪿ꪮꪣ,False
trai tráng,ꪚ꪿ꪱꪫ ꪵꪝꪫ,False
trai tráng,ꪄꪺꪥ ꪵꪝꪫ,True
"trai rặt,",ꪚ꪿ꪱꪫ ꪵꪝꪫ,True
tôi tớ,ꪚ꪿ꪱꪫ ꪵꪕꪫ,False
tôi xẻo,ꪚ꪿ꪱꪫ ꪵꪕꪫ,True
con trai luống tuổi,ꪚ꪿ꪱꪫ ꪹꪖ꫁ꪱ,False
trai gái,ꪚ꪿ꪱꪫ ꪎꪱꪫ,False
đàn gái,ꪚ꪿ꪱꪫ ꪎꪱꪫ,True
"tai, tai vạ",ꪚꪱꪚ,False
"đến, tai vạ",ꪚꪱꪚ,True
"cực, khốn",ꪚꪱꪚ,False
báo,ꪚ꪿ꪱꪫ,False
phạt vạ,ꪚꪱꪚ ꪻꪢ,False
vất vả,ꪚꪱꪚ ꪣꪷ꪿,False
"vất danh,",ꪚꪱꪚ ꪣꪷ꪿,True
"tai ác, quái ác",ꪚꪱꪚ ꪹꪫꪸꪙ,False
"mạo ác, quái ác",ꪚꪱꪚ ꪹꪫꪸꪙ,True
nhát,ꪚꪱꪒ,False
hà,ꪚꪱꪒ,True
bước,ꪚꪱꪒ,False
đứt,ꪚꪱꪒ,False
nhẹ,ꪹꪚꪱ,False
"nhẹ nhõm, nhẹ mình",ꪹꪚꪱ ꪚꪱꪉ,False
"nhẹ nhõm, nghệ mình",ꪹꪚꪱ ꪚꪱꪉ,True
nhẹ tênh,ꪹꪚꪱ ꪄꪤꪮꪉ,False
nhẹ sen,ꪹꪚꪱ ꪄꪤꪮꪉ,True
nhẹ bỗng,ꪹꪚꪱ ꪯꪥꪮꪒ,False
nhẹ túi,ꪹꪚꪱ ꪶꪖꪉ,False
phân túi,ꪹꪚꪱ ꪶꪖꪉ,True
nhẹ người,ꪹꪚꪱ ꪶꪔ,False
nhẹ cùi,ꪹꪚꪱ ꪶꪔ,True
"không, chẳng",ꪹꪚ꪿ꪱ,False
"chẳng bõ, chẳng bõ bèn",ꪹꪚ꪿ꪱ ꪮꪱꪥ ꪎꪰꪉ,False
"chẳng bõ, chẳng chội bèn",ꪹꪚ꪿ꪱ ꪮꪱꪥ ꪮꪨꪮꪒ,True
"rẻo bõ, bương bõ bèn",ꪹꪚ꪿ꪱ ꪮꪱꪥ ꪎꪰꪉ,True
"không chơi, thèm vào",ꪹꪚ꪿ꪱ ꪹꪁ꫁ꪱ,False
đừng hòng,ꪹꪚ꪿ꪱ ꪊꪺꪚ,False
đừng động,ꪎ꫁ꪱꪣ ꪊꪺꪚ,True
đừng thưa,ꪹꪚ꪿ꪱ ꪊꪺꪚ,True
vô cùng,ꪹꪚ꪿ꪱ ꪋꪳ꪿ ꪙ꫁ꪮꪥ,False
vô hang,ꪹꪚ꪿ꪱ ꪵꪏꪀ ꪙ꫁ꪮꪥ,True
"hoặc là, hay là",ꪹꪚ꪿ꪱ ꪁꪷ꫁,False
"hoặc là, cháu đồng",ꪹꪚ꪿ꪱ ꪁꪷ꫁,True
chưa thể,ꪹꪚ꪿ꪱ ꪹꪭꪸ,False
chưa cút,ꪹꪚ꪿ꪱ ꪹꪭꪸ,True
"chưa hề, chưa từng",ꪹꪚ꪿ꪱ ꪹꪭꪸ,False
"bêu hề, chưa từng",ꪹꪚ꪿ꪱ ꪡꪴꪣ,True
còn mệt,ꪹꪚ꪿ꪱ ꪹꪭꪸ ꪮ꪿ꪱꪫ,False
hiên mệt,ꪹꪚ꪿ꪱ ꪹꪭꪸ ꪮ꪿ꪱꪫ,True
còn khướt,ꪹꪚ꪿ꪱ ꪹꪭꪸ ꪉ꪿ꪱꪥ,False
còn toài,ꪡꪴꪀ ꪹꪫꪸ꪿ꪉ ꪉ꪿ꪱꪥ,True
"mất hút, mất tăm, mất tích",ꪹꪚ꪿ꪱ ꪹꪬꪸꪙ ꪜꪲ꫁ꪙ,False
"bết hút, mất tăm, mất tích",ꪹꪚ꪿ꪱ ꪹꪬꪸꪙ ꪜꪲ꫁ꪙ,True
không thể,ꪹꪚ꪿ꪱ ꪬ꪿ꪮꪙ,False
"xiết, thể",ꪹꪚ꪿ꪱ ꪬ꪿ꪮꪙ,True
không thể,ꪹꪚ꪿ꪱ ꪩꪮꪙ,False
biếc thể,ꪹꪚ꪿ꪱ ꪩꪮꪙ,True
còn mệt xác,ꪹꪚ꪿ꪱ ꪻꪙ ꪭꪳ,False
còn mệt xác,ꪹꪑꪱ꫁ ꪻꪙ ꪵꪛꪀ,True
kênh kiệu,ꪹꪚ꪿ꪱ ꪉ꪿ꪱꪥ,False
kênh kiệu,ꪔꪲ꪿ꪉ ꪉ꪿ꪱꪥ,True
kênh sụa,ꪹꪚ꪿ꪱ ꪉ꪿ꪱꪥ,True
hư,ꪹꪚ꪿ꪱ ꪹꪜꪸꪙ,False
hư,ꪹꪭꪙ ꪹꪜꪸꪙ,True
liệt dương,ꪹꪚ꪿ꪱ ꪹꪜꪸꪙ ꪋꪱꪥ,False
"chẳng cứ, bất kể, bất cứ",ꪹꪚ꪿ꪱ ꪫ꪿ꪱ,False
"rỗi xúy bất kể, bất cứ",ꪹꪚ꪿ꪱ ꪮꪎꪳꪒ,True
"chẳng cứ, bất khẽ, như cứ",ꪹꪚ꪿ꪱ ꪫ꪿ꪱ,True
chẳng gì,ꪹꪚ꪿ꪱ ꪎꪰꪉ,False
"chẳng những, không những",ꪹꪚ꪿ꪱ ꪎꪴꪒ ꪕꪷ꪿,False
"chẳng những, ngoái những",ꪹꪚ꪿ꪱ ꪎꪴꪒ ꪕꪷ꪿,True
"nhẵn những, không những",ꪹꪚ꪿ꪱ ꪎꪴꪒ ꪕꪷ꪿,True
bầu,ꪹꪛꪱ,False
tược,ꪶꪚꪉ,True
lá,ꪻꪚ,False
"tờ, cái, chiếc, bức",ꪻꪚ,False
"tờ, sôi chiếc, bức",ꪻꪚ,True
"tờ, dụm chiếc, bức",ꪻꪚ,True
lá mạ,ꪻꪚ ꪀ꫁ꪱ,False
lá mạ,ꪉꪺꪒ ꪀ꫁ꪱ,True
lá kim,ꪻꪚ ꪎ꫁ꪮꪥ,False
lá rĩ,ꪻꪚ ꪎ꫁ꪮꪥ,True
"đần, ngốc, ngu",ꪻꪚ꫁,False
"đần, ngốc, rãi",ꪻꪚ꫁,True
"ngu đần, dại dột, ngu dại",ꪻꪚ꫁ ꪋ꫁ꪱ,False
"ngu mưa dại dột, ngu dại",ꪻꪚ꫁ ꪋ꫁ꪱ,True
"khử đần, dại dột, nãy dại",ꪻꪚ꫁ ꪢꪳ꪿,True
"khù khờ, ngù ngờ",ꪻꪚ꫁ ꪨꪴ꪿,False
"búng khờ, ngù ngờ",ꪻꪚ꫁ ꪨꪴ꪿,True
"khù vặt, ngù ngờ",ꪻꪚ꫁ ꪹꪋꪸꪒ,True
"ngây ngô, khờ khạo",ꪻꪚ ꪮ꪿ꪮꪙ,False
chơi sụa khờ khạo,ꪻꪚ ꪮ꪿ꪮꪙ,True
trám đen,ꪼꪚ,False
làm nhàm,ꪼꪚ꪿,False
"cặt nhàng,",ꪼꪚ꪿,True
lắm điều,ꪼꪚ꪿ ꪼꪒ꫁,False
lắm ngóng,ꪼꪚ꪿ ꪼꪒ꫁,True
"tâu, tây bày",ꪼꪚ꫁ ꪹꪭꪱ,False
"tâu, cộng bày",ꪼꪚ꫁ ꪹꪭꪱ,True
tước đay lấy vỏ,ꪼꪚ꫁ ꪜ꪿ꪱꪙ,False
tước tập lấy vỏ,ꪼꪚ꫁ ꪜ꪿ꪱꪙ,True
dạm,ꪼꪛ,False
tán,ꪼꪛ,False
"lượn, ca",ꪼꪛ,False
"mặc cả, mà cả",ꪼꪛ ꪁ꪿ꪱ,False
"mặc cả, mà chan",ꪼꪛ ꪁ꪿ꪱ,True
"mặc nghịt, mà dó",ꪼꪛ ꪁ꪿ꪱ,True
tán tỉnh,ꪼꪛ ꪮꪲ꫁ꪙ,False
tán ong,ꪼꪛ ꪮꪲ꫁ꪙ,True
đồng cân,ꪚꪰꪀ,False
rượu cân,ꪚꪰꪀ,True
đánh,ꪚꪰꪀ,False
bịa,ꪚꪰꪀ,False
vu,ꪚꪰꪀ,False
bịa đặt,ꪚꪰꪀ ꪚꪮꪙ,False
gí đặt,ꪚꪰꪀ ꪚꪮꪙ,True
sáng tác,ꪚꪰꪀ ꪚꪮꪙ,False
sáng lượk:,ꪚꪰꪀ ꪚꪮꪙ,True
đục đẽo,ꪚꪰꪀ ꪚ꪿ꪮꪉ,False
đục vón,ꪚꪰꪀ ꪚ꪿ꪮꪉ,True
đục nhú,ꪚꪰꪀ ꪚ꪿ꪮꪉ,True
đạp vào khoeo chân,ꪚꪰꪀ ꪁꪙ꪿ꪮꪉ,False
đạp tru khoeo ở,ꪚꪰꪀ ꪁꪙ꪿ꪮꪉ,True
cờ vào khoeo chân,ꪚꪰꪀ ꪁꪙ꪿ꪮꪉ,True
vạch mặt,ꪚꪰꪀ ꪹꪄ꫁ꪱ ꪘ꫁ꪱ,False
vạch tiệt,ꪚꪰꪀ ꪹꪄ꫁ꪱ ꪘ꫁ꪱ,True
vạch mặt,ꪚꪰꪀ ꪹꪨꪱ꪿ ꪘ꫁ꪱ,True
"vu oan, vu khống",ꪚꪰꪀ ꪩ꫁ꪱ,False
"vu cấy, vu khống",ꪯꪴ꪿ꪣ ꪩ꫁ꪱ,True
hỏm,ꪚꪰꪀ ꪫꪾ꫁,False
hỏm,ꪢꪲ꪿ꪙ ꪫꪾ꫁,True
lảm nhảm,ꪚꪾ꪿,False
"lảm lũ,",ꪚꪾ꪿,True
lầm bầm,ꪚꪾ꪿ ꪹꪚ,False
"lầm hành,",ꪚꪾ꪿ ꪹꪚ,True
lầm bầm,ꪚꪾ꪿ ꪢꪮꪀ,True
bừa mứa,ꪚꪾ꪿ ꪹꪚ,False
chặt,ꪚꪾ꪿,False
củ,ꪚ꫁ꪽ,False
củ,ꪹꪖꪷꪉ,True
cục,ꪚ꫁ꪽ,False
cục,ꪐ꫁ꪱꪫ,True
hếch,ꪚ꫁ꪽ,True
đẳng sâm,ꪚ꫁ꪽ ꪄꪱ ꪼꪀ꪿,False
đẳng sâm,ꪚ꫁ꪽ ꪀꪒꪴ꪿ꪉ ꪼꪀ꪿,True
quây,ꪚꪰꪉ,False
quây,ꪚꪷ꫁,True
"băng, băng hà",ꪚꪰꪉ ꪚꪸ꪿ꪙ,False
phép chém vía,ꪚꪰꪉ ꪡꪽ,False
phép chém vía,ꪚꪰꪉ ꪅꪥ꫁ꪮꪀ,True
phép tàng hình,ꪚꪰꪉ ꪔꪱ,False
rã tàng hình,ꪚꪰꪉ ꪔꪱ,True
phép hộ mệnh,ꪚꪰꪉ ꪶꪔ,False
phết hộ mệnh,ꪚꪰꪉ ꪶꪔ,True
ống,ꪚꪰ꫁ꪉ,False
"con, chiếc",ꪚꪰ꫁ꪉ,False
băng băng,ꪚꪰ꫁ꪉ ꪚꪰ꫁ꪉ,False
băng băng,ꪶꪎ꪿ꪙ ꪚꪰ꫁ꪉ,True
băng lâm,ꪚꪰ꫁ꪉ ꪚꪰ꫁ꪉ,True
ống nói chung,ꪚꪰ꫁ꪉ ꪚꪮꪀ,False
ống đựng nhau trẻ sơ sinh,ꪚꪰ꫁ꪉ ꪵꪬ꪿,False
"ống ngẩng, nhau trẻ sơ sinh",ꪚꪰ꫁ꪉ ꪵꪬ꪿,True
ống đựng nhau trẻ mạc sinh,ꪶꪁꪩꪙ ꪵꪬ꪿,True
bằng,ꪛꪰꪉ,False
bằng,ꪉ꪿ꪱꪣ,True
che,ꪛꪰꪉ,False
rực sáng,ꪛꪰꪉ ꪻꪎ,False
rực nấy,ꪛꪰꪉ ꪻꪎ,True
thí,ꪚꪾꪚ,False
"chặt bớt, bỏ bớt",ꪚꪾꪚ,False
"thô bớt, bỏ bớt",ꪚꪾꪚ,True
"ẩn, lẩn",ꪚꪰꪒ,False
"bươm, lẩn",ꪚꪰꪒ,True
"ẩn, rề",ꪚꪰꪒ,True
"ẩn náu, lẩn lút",ꪚꪰꪒ ꪩꪲ꫁,False
"lìa, náu, lẩn lút",ꪚꪰꪒ ꪩꪲ꫁,True
giờ đây,ꪚꪰꪒ ꪙꪲ,False
giờ đây,ꪙꪲꪙ ꪙꪲ,True
"bắt đầu, mở đầu",ꪚꪰꪒ ꪙꪳ꪿ꪉ,False
"bắt đầu, mở đầu",ꪮꪴ꫁ꪣ ꪙꪳ꪿ꪉ,True
"nhếc nhác, nhem nhuốc",ꪛꪥꪳ꫁ ꪛꪥꪰ꪿ꪉ,False
nhếc số nhem nhuốc,ꪛꪥꪳ꫁ ꪛꪥꪰ꪿ꪉ,True
ngửa,ꪵꪚ,False
tênh hênh,ꪵꪚ ꪵꪩꪉꪒ,False
dê,ꪵꪚ꫁,False
vác,ꪵꪚꪀ,False
vác,ꪵꪚꪀ,False
bịn,ꪵꪚꪀ,False
kin,ꪵꪚꪀ,True
be be,ꪵꪛꪀ ꪵꪛꪀ,False
be be,ꪉꪮꪀ ꪵꪛꪀ,True
be be,ꪵꪛꪀ ꪹꪯꪚ,True
chiết,ꪵꪚꪣ,False
lép,ꪵꪚꪣ,True
nghịch,ꪵꪚꪙ,False
"phá, phá phách",ꪵꪚꪙ,False
"quắn, phá phách",ꪵꪚꪙ,True
hởi phá phách,ꪵꪚꪙ,True
tinh nghịch,ꪵꪚꪙ ꪣꪳ,False
"tắt mắt, táy máy",ꪵꪚꪙ ꪣꪳ,False
"hình, mắt, táy khoá,",ꪵꪚꪙ ꪣꪳ,True
"khoá mắt, táy máy",ꪵꪚꪙ ꪣꪳ,True
gây chuyện,ꪵꪚꪙ ꪶꪎꪚ,False
bắn,ꪵꪚ꪿ꪙ,False
chấn,ꪵꪚ꪿ꪙ,False
dương vật,ꪵꪚ꫁ꪙ,False
dương vây,ꪶꪔꪒ,True
chốt có khấc,ꪵꪚ꫁ꪙ,False
chốt có khấc,ꪊꪸꪉ,True
chốt có khấc,ꪛꪴ꪿ꪣ,True
méo,ꪵꪚ꫁ꪫ,False
méo,ꪹꪡꪷꪉ,True
dối,ꪵꪚ꫁ꪫ,False
dối trá,ꪵꪚ꫁ꪫ ꪩ꫁ꪱ,False
lừa dối,ꪵꪚ꫁ꪫ ꪹꪩ,False
"đắc, dối",ꪵꪚ꫁ꪫ ꪹꪩ,True
nếu không tin,ꪵꪚ꫁ꪫ ꪫ꪿ꪱ ꪩ꫁ꪱ,False
nếu không tin,ꪹꪮ꫁ꪣ ꪫ꪿ꪱ ꪩ꫁ꪱ,True
xẹp,ꪵꪛꪚ,False
nhoẹt,ꪄꪺꪚ,True
bét,ꪵꪚꪒ,False
bể,ꪹꪚꪸ꫁,False
bể,ꪹꪄꪸꪙ,True
biển,ꪹꪚꪸ꫁,False
oành oạch,ꪹꪛꪸ꫁ꪀ ꪹꪛꪸ꫁ꪀ,False
oành oạch,ꪢꪮꪚ ꪹꪛꪸ꫁ꪀ,True
sướt mướt,ꪹꪛꪸ꫁ꪀ ꪹꪛꪸ꫁ꪀ,False
sướt tủa,ꪹꪛꪸ꫁ꪀ ꪹꪛꪸ꫁ꪀ,True
bẹp,ꪹꪚꪸ꫁ꪣ,False
lõm,ꪹꪚꪸ꫁ꪣ,False
"đắp,",ꪖꪰꪒ,True
cũn,ꪹꪚꪸ꫁ꪣ,True
"bẹp dúm, móp méo",ꪹꪚꪸ꫁ꪣ ꪹꪚꪸꪀ,False
bẹp gí,ꪹꪚꪸ꫁ꪣ ꪹꪛꪸꪭ꫁,False
"bẹp kính,",ꪹꪚꪸ꫁ꪣ ꪹꪛꪸꪭ꫁,True
"chướng, đầy",ꪹꪚꪸꪉ,False
"chướng, đầy",ꪄꪺꪀ,True
trương,ꪹꪚꪸꪉ,False
căng,ꪹꪚꪸꪉ,False
căng,ꪊꪾ,True
"bì, phịu",ꪹꪚꪸꪉ,False
rặn,ꪹꪚꪸ꪿ꪉ,False
bệnh,ꪹꪛꪸ꫁ꪉ,False
quẫn,ꪹꪛꪸ꫁ꪉ,True
ra rả,ꪹꪛꪸ꫁ꪉ ꪹꪛꪸ꫁ꪉ,False
bệnh tật,ꪹꪛꪸ꫁ꪉ ꪙ꫁ꪱꪫ,False
"bệnh ơn,",ꪹꪛꪸ꫁ꪉ ꪙ꫁ꪱꪫ,True
bếp,ꪹꪚꪸꪚ,False
mếu,ꪹꪚꪸꪚ,False
mếu máo,ꪹꪚꪸꪚ ꪹꪚꪸ꫁,False
mếu máo,ꪹꪚꪸꪚ ꪵꪗ꫁,True
hòa máo,ꪹꪚꪸꪚ ꪹꪚꪸ꫁,True
lưỡi câu,ꪹꪚꪸꪒ,False
lưỡi câu,ꪹꪏꪱ꫁,True
"uốn, nắn",ꪹꪚꪸꪒ,False
"tột, nắn",ꪹꪚꪸꪒ,True
lệt xệt,ꪹꪛꪸꪒ ꪹꪛꪸꪒ,False
lệt xệt,"ꪹꪛꪸꪒ ꪕ꪿ꪽ,",True
ồ ề,ꪹꪛꪸꪒ ꪹꪛꪸꪒ,False
gắp cởi,ꪁꪴꪉ ꪹꪛꪸꪒ,True
sụm,ꪹꪛꪸꪭ꫁,False
kén,ꪹꪛꪸꪭ꫁,True
roi rói,ꪚꪬ꪿ꪮꪥ,False
đỏ đắn,ꪚꪬ꪿ꪮꪉ,False
mơn mởn,ꪶꪚꪬ꪿ꪉ,False
ẩn hiện,ꪹꪚꪷꪬꪉ ꪛꪭꪱꪥ,False
hoang mang,ꪹꪚꪷꪬꪉ ꪹꪛꪷꪭ,False
mật,ꪚꪲ,False
banh,ꪚꪲ꪿,False
hở,ꪚꪲ꪿,False
"khuâng,",ꪏꪱꪉ,True
"dọi,",ꪚꪲ꪿,True
hoác miệng,ꪚꪲ꪿ ꪵꪩꪉꪚ,False
chuồn chuồn,ꪚꪲ꫁,False
"tành, chuồn",ꪚꪲ꫁,True
con ngài,ꪚꪲ꫁ ꪣ꫁ꪮꪙ,False
con ngài,ꪨꪾ꫁ ꪣ꫁ꪮꪙ,True
bia,ꪚꪸ,False
"mảnh, bộ, cái (mặt mũi)",ꪚꪸ꪿,False
"vượt bộ, cái (mặt mũi)",ꪚꪸ꪿,True
lạng,ꪚꪸ꫁,False
biên,ꪚꪸꪙ,False
"bọ,",ꪚꪸꪙ,True
luẩn,ꪚꪸꪙ,True
khoanh rừng để săn bắt,ꪚꪸꪙ ꪒꪮꪙ,False
khoanh thuận để xon bắt,ꪚꪸꪙ ꪒꪮꪙ,True
khoanh tướp để săn bắt,ꪚꪸꪙ ꪒꪮꪙ,True
biến,ꪚꪸ꪿ꪙ,False
biến hóa,ꪚꪸ꪿ꪙ ꪬ꪿ꪫꪱ,False
"ốm, hóa",ꪚꪸ꪿ꪙ ꪬ꪿ꪫꪱ,True
"biển lận, biển thủ",ꪚꪸ꫁ꪙ ꪼꪡ꪿,False
biển trúc biển thủ,ꪚꪸ꫁ꪙ ꪼꪡ꪿,True
cất giấu,ꪚꪸ꫁ꪙ ꪼꪡ꪿,False
bay,ꪚꪲꪙ,False
sa,ꪚꪲꪙ,False
sa,ꪵꪎ,True
sa,ꪐ꫁ꪱꪣ,True
bay la,ꪚꪲꪙ ꪮꪥꪱꪒ,False
bay la,ꪚꪲꪙ ꪄꪳ꪿ꪙ,True
binh,ꪚꪲꪉ,False
"khoác, choàng",ꪚꪲꪉ,False
trêu choàng,ꪚꪲꪉ,True
"binh sĩ, quân sĩ",ꪚꪲꪉ ꪶꪀꪙ,False
binh choạc quân sĩ,ꪵꪩ ꪶꪀꪙ,True
binh lính,ꪚꪲꪉ ꪨꪲ꪿ꪉ,False
lăm lính,ꪚꪲꪉ ꪨꪲ꪿ꪉ,True
binh ám,ꪚꪲꪉ ꪨꪲ꪿ꪉ,True
bình an,ꪛꪲꪉ ꪮꪱꪙ,False
bình hếu,ꪛꪲꪉ ꪮꪱꪙ,True
bình múa,ꪛꪲꪉ ꪮꪱꪙ,True
bình yên,ꪛꪲꪉ ꪮꪸꪙ,False
gờ yên,ꪛꪲꪉ ꪮꪸꪙ,True
báng súng,ꪛꪲꪉ ꪶꪮ꪿ꪉ,False
báng súng,ꪭꪷ꪿ ꪶꪮ꪿ꪉ,True
"biên, súng",ꪛꪲꪉ ꪒꪰ꪿ꪉ,True
bóp,ꪚꪲꪚ,False
vắt,ꪚꪲꪚ,False
bẻ,ꪚꪲꪒ,False
véo,ꪚꪲꪒ,False
quặn,ꪚꪲꪒ,False
quặn,ꪹꪐꪉ,True
lái,ꪚꪲꪒ,False
bấm,ꪚꪲꪒ,False
bấm,ꪒꪴꪒ,True
méo mó,ꪚꪲꪒ ꪵꪚ꫁ꪫ,False
vênh,ꪚꪲꪒ ꪹꪚ꫁ꪣ,False
vênh,ꪢ꫁ꪽ ꪹꪚ꫁ꪣ,True
vặn mạnh,ꪚꪲꪒ ꪩ꫁ꪱꪫ,False
xoắn,ꪚꪲꪒ ꪩꪲ꫁ꪫ,False
xoắn,ꪎ꪿ꪽ ꪩꪲ꫁ꪫ,True
trong,ꪚꪲꪒ ꪩꪲ꫁ꪫ,True
búng,ꪚꪲꪒ ꪩꪲ꫁ꪫ,False
bửa,ꪚꪲꪒ ꪉ꫁ꪱꪙ,False
giáp,ꪚꪲꪒ ꪉ꫁ꪱꪙ,True
phép thuật làm người bị đau bụng,ꪚꪲꪒ ꪜꪮꪚ,False
ló,ꪚꪲꪒ ꪝꪴ꪿ꪉ,False
ầm ầm,ꪛꪩꪱꪒ ꪛꪩꪱꪒ,False
ầm ầm,ꪛꪩꪱꪒ ꪮ꫁ꪱꪥ,True
đùng đùng,ꪛꪩꪱꪒ ꪛꪩꪱꪒ,False
đùng đùng,ꪛꪩꪱꪒ ꪵꪩ꫁ꪣ,True
nhan đùng,ꪛꪩꪱꪒ ꪛꪩꪱꪒ,True
tào lao,ꪹꪛꪸꪩ꪿ ꪛꪩ꪿ꪱ,False
tào lao,ꪋ꫁ꪮꪉ ꪛꪩ꪿ꪱ,True
ọe,ꪛꪩ꫁ꪮꪀ,False
ộc,ꪛꪩ꫁ꪮꪀ,False
"đôm đốp, lốp đốp",ꪶꪚꪨꪚ ꪶꪚꪨꪚ,False
"khà đốp, lốp đốp",ꪶꪚꪨꪚ ꪶꪚꪨꪚ,True
vanh vách,ꪶꪛꪩꪚ ꪶꪛꪩꪚ,False
"ken két, trèo trẹo",ꪚꪨꪴꪚ ꪚꪨꪴꪚ,False
"nguyện gieo chọi, trẹo",ꪚꪨꪴꪚ ꪚꪨꪴꪚ,True
"ken két, gióng trẹo",ꪚꪨꪴꪚ ꪚꪨꪴꪚ,True
uỵch,ꪛꪩꪴꪚ ꪛꪩꪴꪚ,False
đặt,ꪚꪷ,False
cháo,ꪚꪷ,True
"dầu, dầu dãi",ꪚꪷ,False
hóng,ꪚꪷ,False
vô khối,ꪚꪷ,False
"đẻ, khối",ꪚꪷ,True
tuyệt sắc,ꪚꪷ ꪥꪷ,False
tuyệt cốm,ꪚꪷ ꪥꪷ,True
đầu ruồi,ꪚꪷ ꪶꪮ꪿ꪉ,False
đầu ruồi,ꪀ꫁ꪽ ꪶꪮ꪿ꪉ,True
vôi khối,ꪚꪷ ꪏꪮꪙ,False
vôi khối,ꪚꪷ ꪅꪷ꫁,True
vôi khối,ꪚꪷ ꪏꪺꪀ,True
"mó, nguồn",ꪚꪷ꪿,False
"mó, xủng",ꪚꪷ꪿,True
"mó, mẻo,",ꪚꪷ꪿,True
mỏ,ꪚꪷ꪿,False
vựa,ꪚꪷ꪿,False
kể công,ꪚꪷ꫁,False
bới móc,ꪚꪷ꫁ ꪼꪄ꫁,False
ruồng bỏ,ꪚꪷ꫁ ꪵꪪ꪿ꪉ,False
ván điệm,ꪚꪷ꫁ ꪵꪪ꪿ꪉ,True
trúc gai,ꪚ꪿ꪮꪥ,False
trúc gai,ꪮꪱꪫ,True
gà con rúc ra khỏi vỏ,ꪚ꪿ꪮꪥ,False
gà con rúc bạn khỏi ề,ꪚ꪿ꪮꪥ,True
gà con rúc ra khỏi kia,ꪚ꪿ꪮꪥ,True
mà lươn,ꪚ꪿ꪮꪥ ꪤꪸ꪿ꪙ,False
mà lươn,ꪎ꫁ꪺꪥ ꪤꪸ꪿ꪙ,True
nhem nhẻm,ꪛ꪿ꪮꪥ ꪛ꪿ꪮꪥ,False
thỏm nhẻm,ꪛ꪿ꪮꪥ ꪛ꪿ꪮꪥ,True
hoa,ꪚꪮꪀ,False
hoa,ꪶꪄꪤꪉ,True
bảo,ꪚꪮꪀ,False
dạy,ꪚꪮꪀ,False
"nụ hoa, búp hoa",ꪚꪮꪀ ꪊꪴ꪿,False
"nụ hoa, nửa, hoa",ꪚꪮꪀ ꪹꪄ꫁,True
nụ đót búp hoa,ꪚꪮꪀ ꪊꪴ꪿,True
"khó bảo, khó dạy",ꪚꪮꪀ ꪥꪱꪀ,False
"khó bảo, khó dái,",ꪚꪮꪀ ꪥꪱꪀ,True
"dễ bảo, dễ dạy",ꪚꪮꪀ ꪉ꪿ꪱꪥ,False
tàn lửa,ꪚꪮꪀ ꪼꪡ,False
ngoan,ꪚꪮꪀ ꪡꪰꪉ,False
"bảo ban, giáo dục",ꪚꪮꪀ ꪎꪮꪙ,False
"vệ, ban, cái dục",ꪚꪮꪀ ꪎꪮꪙ,True
dạy học,ꪚꪮꪀ ꪎꪳ,False
"khoằm, hin",ꪛꪮꪀ,False
bom,ꪚꪮꪣ,False
giọt,ꪚꪮꪣ,True
bom đạn,ꪚꪮꪣ ꪓ꫁ꪱꪙ,False
học đạn,ꪚꪮꪣ ꪓ꫁ꪱꪙ,True
bom cháy,ꪚꪮꪣ ꪼꪡ,False
riêng tư,ꪚ꪿ꪮꪣ ꪤꪸꪉ,False
"riêng lẻ, cá thể",ꪚ꪿ꪮꪣ ꪤꪸꪉ,False
"riêng lẻ, cá bẩm",ꪚ꪿ꪮꪣ ꪤꪸꪉ,True
khúc,ꪚ꫁ꪮꪣ,False
súc,ꪚ꫁ꪮꪣ,False
mấy máy,ꪚ꫁ꪮꪣ ꪵꪚ꫁ꪣ,False
mấy xóp,ꪚ꫁ꪮꪣ ꪵꪚ꫁ꪣ,True
hập máy,ꪚ꫁ꪮꪣ ꪵꪚ꫁ꪣ,True
khoai nước,ꪚꪮꪙ,False
khoai nước,ꪵꪙ꫁ꪫ,True
vạc,ꪚꪮꪙ,False
khêu,ꪚꪮꪙ,False
"chỗ, nơi",ꪚ꪿ꪮꪙ,False
"chỗ, khoáy",ꪚ꪿ꪮꪙ,True
"chỗ, nhừ",ꪚ꪿ꪮꪙ,True
bóc,ꪚ꫁ꪮꪙ,False
tẽ,ꪚ꫁ꪮꪙ,False
tẽ,ꪈꪺꪒ,True
lẩy,ꪚ꫁ꪮꪙ ꪚꪲ꪿,False
luồn lách,ꪚ꫁ꪮꪙ ꪚꪲ꪿,False
luồn răn,ꪚ꫁ꪮꪙ ꪚꪲ꪿,True
moi móc,ꪚ꫁ꪮꪙ ꪚꪲ꪿,False
"đừng, móc",ꪎꪲꪙ ꪚꪲ꪿,True
dấm,ꪚꪮꪉ,False
dấm,ꪄꪫꪲꪥ,True
muối,ꪚꪮꪉ,False
ướp,ꪚꪮꪉ,False
nhẹ,ꪀꪨ꫁ꪮꪥ,True
mai phục,ꪚꪮꪉ,False
bóng,ꪚ꪿ꪮꪉ,False
khoét,ꪚ꪿ꪮꪉ,False
"xâu, xỏ",ꪚ꪿ꪮꪉ,False
vạch mắt,ꪚ꪿ꪮꪉ ꪚꪸ꫁,False
vạch mắt,ꪉ꪿ꪱꪫ ꪚꪸ꫁,True
vạch thật,ꪚ꪿ꪮꪉ ꪚꪸ꫁,True
xui bảo,ꪚ꪿ꪮꪉ ꪶꪎꪚ,False
cuộn bảo,ꪚ꪿ꪮꪉ ꪶꪎꪚ,True
gióng tre non,ꪚ꫁ꪮꪉ,False
gióng giấu non,ꪚ꫁ꪮꪉ,True
chó đẻ,ꪚ꫁ꪮꪉ ꪚꪮꪀ,False
khắc khoải,ꪚ꫁ꪮꪉ ꪚꪮꪒ,False
khắc khoải,ꪚ꫁ꪮꪉ ꪹꪔꪸꪣ,True
"hoa tai, khuyên tai",ꪚ꫁ꪮꪉ ꪬꪴ,False
hoa chở khuyên chỗ,ꪚ꫁ꪮꪉ ꪬꪴ,True
tóp,ꪚꪮꪚ,False
mù,ꪚꪮꪒ,False
mù,ꪋꪴ꫁,True
sệch,ꪚꪮꪒ,True
tiếng húyt sáo,ꪚꪮꪒ ꪚꪮꪒ,False
tiếng húyt sáo,ꪝ꪿ꪱꪥ ꪚꪮꪒ,True
mù loà,ꪚꪮꪒ ꪡꪱꪉ,False
tụng loà,ꪚꪮꪒ ꪡꪱꪉ,True
mù loà,ꪚꪮꪒ ꪕꪱꪒ,True
bỏng,ꪶꪚ,False
lõ,ꪶꪚ,False
mỉm,ꪶꪚ,True
luồn,ꪶꪚ꫁,False
tảo,ꪶꪚ꫁,True
sằng:,ꪶꪚ꫁,True
phá,ꪶꪚ꫁,False
bổ,ꪶꪚ꫁,False
bổ,ꪶꪚ꫁,False
đâm bổ,ꪶꪚ꫁ ꪶꪥ꫁,False
"giăng, bổ",ꪶꪚ꫁ ꪶꪥ꫁,True
nhảy bổ,ꪶꪚ꫁ ꪶꪥ꫁,True
ô,ꪶꪛ,False
ô,ꪮꪸꪀ,True
bộ đội,ꪶꪛ꫁ ꪶꪓ꫁ꪥ,False
bộ gấm,ꪶꪛ꫁ ꪶꪓ꫁ꪥ,True
cạn,ꪶꪚ꪿ꪀ,False
bộ,ꪶꪚ꪿ꪀ,False
ngụ,ꪶꪚ꪿ꪀ,True
giáng,ꪶꪚꪥ,False
loét,ꪶꪚ꪿ꪥ,False
ống tre to,ꪶꪚꪀ,False
ống tre to,ꪬꪸ꫁ꪣ,True
chém bập,ꪶꪚꪀ,False
"chọe, chăng",ꪶꪚꪀ,True
bàn ăn,ꪶꪚꪣ ꪝꪱꪙ,False
mốc ăn,ꪬꪲ꫁ꪉ ꪝꪱꪙ,True
rấm,ꪶꪚ꪿ꪣ,False
rấm,ꪛꪱꪉ,True
ủ chà,ꪶꪚ꪿ꪣ ꪋꪱ,False
ủ cỏ,ꪶꪚ꪿ꪣ ꪠ꫁ꪱꪙ,False
nồi cỏ,ꪅꪙꪰꪀ ꪠ꫁ꪱꪙ,True
lụi cỏ,ꪹꪑꪷ ꪠ꫁ꪱꪙ,True
tưởng nhớ,ꪶꪚ꪿ꪙ,False
tưởng niệm,ꪶꪚ꪿ꪙ ꪹꪎꪉ,False
"tưởng bạch,",ꪶꪚ꪿ꪙ ꪹꪎꪉ,True
kỉ niệm,ꪶꪚ꪿ꪙ ꪹꪎꪉ,False
mạy,ꪶꪚꪉ,False
mõ tre,ꪶꪚꪉ,False
"cấy, ươm",ꪶꪚꪉ,False
"cấy, mắt",ꪶꪚꪉ,True
xốp,ꪶꪚꪉ,False
phồng,ꪶꪚꪉ,False
phồng,ꪣꪺ,True
"bồng, bù",ꪶꪚꪉ,False
"bồng, chẹo",ꪶꪚꪉ,True
phổng phao,ꪶꪚꪉ ꪚꪱꪙ,False
thai phao,ꪶꪚꪉ ꪚꪱꪙ,True
bù xù,ꪶꪚꪉ ꪶꪚ꪿,False
"trả, xù",ꪶꪚꪉ ꪶꪚ꪿,True
"khêu, chích",ꪶꪚ꪿ꪉ,False
sà chích,ꪶꪚ꪿ꪉ,True
sâu,ꪶꪚ꫁ꪉ,False
sâu có bờm,ꪶꪚ꫁ꪉ ꪁꪴꪀ,False
"sâu vẫn, hẹn",ꪶꪚ꫁ꪉ ꪁꪴꪀ,True
sâu chuối,ꪶꪚ꫁ꪉ ꪀ꫁ꪺꪥ,False
sâu chuối,ꪶꪚ꫁ꪉ ꪝꪾ꪿,True
sâu cuốn chiếu,ꪶꪚ꫁ꪉ ꪀꪳ,False
sâu cuốn dẫn,ꪶꪚ꫁ꪉ ꪀꪳ,True
sâu cuốn chiếu,ꪶꪚ꫁ꪉ ꪀꪳ,False
sâu keo,ꪶꪚ꫁ꪉ ꪹꪄ꫁ꪱ,False
sâu róm,ꪶꪚ꫁ꪉ ꪶꪄꪙ,False
sâu mèo,ꪶꪚ꫁ꪉ ꪢꪱ ꪙ꫁ꪮꪥ,False
giòn xèo,ꪶꪚ꫁ꪉ ꪢꪱ ꪙ꫁ꪮꪥ,True
"sâu bọ, côn trùng",ꪶꪚ꫁ꪉ ꪵꪣꪉ,False
"nhường bọ, côn trùng",ꪶꪚ꫁ꪉ ꪵꪣꪉ,True
sâu nẹt,ꪶꪚ꫁ꪉ ꪵꪜ꪿ꪣ,False
sâu nẹt,ꪶꪖ꪿ꪀ ꪵꪜ꪿ꪣ,True
sâu bông,ꪶꪚ꫁ꪉ ꪠ꫁ꪱꪥ,False
sâu vã,ꪶꪚ꫁ꪉ ꪵꪮ,True
sâu rau,ꪶꪚ꫁ꪉ ꪠꪰꪀ,False
"xòm xọp, bâng bâng",ꪶꪚꪉ ꪶꪚꪉ,False
"xòm cẫn, bâng bâng",ꪶꪚꪉ ꪄꪾ꫁,True
"xòm xọp, bâng bâng",ꪒꪮꪣ ꪶꪚꪉ,True
oang oang,ꪶꪚꪉ ꪶꪚꪉ,False
mầm oang,ꪶꪚꪉ ꪶꪚꪉ,True
bô bô,ꪶꪚꪚ ꪶꪚꪚ,False
xoa bô,ꪶꪚꪚ ꪶꪚꪚ,True
bô húp,ꪶꪚꪚ ꪶꪚꪚ,True
bùng,ꪶꪛꪚ,False
xốp xộp,ꪶꪛꪚ ꪶꪛ,False
bồm bộp,ꪶꪛꪚ ꪶꪛꪚ,False
bồm lạy,ꪶꪛꪚ ꪶꪛꪚ,True
lộp cộp,ꪶꪛꪚ ꪶꪛꪚ,False
lì cộp,ꪶꪛꪚ ꪭ꪿ꪮꪥ,True
râm,ꪶꪚꪒ,False
"ủ dột, ủ ê",ꪶꪚꪒ,False
"trộn, chảy, ủ ê",ꪶꪚꪒ,True
ảm đạm,ꪶꪚꪒ ꪹꪎ꫁ꪱ,False
ảm đạm,ꪁꪩꪮꪒ ꪹꪎ꫁ꪱ,True
rầu rĩ,ꪶꪚꪒ ꪹꪎ꫁ꪱ,False
rầu choái,ꪶꪚꪒ ꪹꪎ꫁ꪱ,True
bột,ꪶꪛꪒ,False
dày,ꪹꪚꪷ,False
trề,ꪹꪚꪷ ꪹꪛꪷꪏꪀ,False
vù,ꪹꪚꪷꪙ ꪹꪚꪷ,False
rộng vành,ꪹꪚꪷꪙ ꪹꪚꪷ,False
rộng vành,ꪹꪚꪷꪙ ꪪ꫁ꪱꪙ,True
rộng vành,ꪜꪮꪥ ꪹꪚꪷ,True
trông,ꪹꪚꪷ꪿ꪉ,False
xem,ꪹꪚꪷ꪿ꪉ,False
xem,ꪶꪅꪒ,True
trông nom,ꪹꪚꪷ꪿ꪉ ꪒꪴ,False
bớt,ꪹꪚꪷꪒ,False
bớt,ꪹꪥꪱ꪿,True
đít,ꪹꪚꪷꪒ,True
vì rằng,ꪹꪚꪷꪒ ꪀ꪿ꪫꪱ,False
hển rằng,ꪹꪚꪷꪒ ꪀ꪿ꪫꪱ,True
bù,ꪛꪴ,False
sen,ꪚꪺ,False
mạo,ꪚꪺ,True
sen vàng,ꪚꪺ ꪁꪾ,False
"sen rễ,",ꪚꪺ ꪁꪾ,True
sen hồng,ꪚꪺ ꪓꪱꪫ,False
thanh,ꪚꪺ ꪭꪱ,False
lịch,ꪚꪺ ꪶꪭꪣ,False
vương,ꪨꪸꪚ ꪵꪁ꫁ꪫ,True
lịch,ꪚꪺ ꪥꪷ,True
cối,ꪚ꪿ꪺ,False
nhánh con,ꪚ꪿ꪺ,False
cọ mối,ꪚ꪿ꪺ,True
cuống họng,ꪚ꪿ꪺ ꪁꪷ,False
cuống uổng,ꪕꪱꪥ ꪁꪷ,True
cuống họng,ꪚ꪿ꪺ ꪹꪡ꪿ꪥ,True
khí quản,ꪚ꪿ꪺ ꪁꪷ ꪙ꫁ꪮꪥ,False
cái cần rượu,ꪚ꪿ꪺ ꪹꪨ꫁ꪱ,False
sái cần rượu,ꪚ꪿ꪺ ꪎꪨꪱꪀ,True
cái nhao nhào,ꪚ꪿ꪺ ꪹꪨ꫁ꪱ,True
hoá phép,ꪛꪺ,False
"chết, phép",ꪛꪺ,True
hoá phép thần thông,ꪛꪺ ꪛꪱꪉ,False
lách,ꪚꪴꪀ,False
bỏm bẻm,ꪚꪴ꫁ꪣ ꪚ꫁ꪱꪣ,False
cỗi bẻm,ꪚꪴ꫁ꪣ ꪚ꫁ꪱꪣ,True
rung rinh,ꪚꪴ꫁ꪣ ꪚ꫁ꪱꪣ,False
rung rinh,ꪚꪴ꫁ꪣ ꪹꪄꪸ꪿ꪙ,True
rung rinh,ꪹꪣꪸ꫁ꪉ ꪚ꫁ꪱꪣ,True
đoàng đoàng,ꪛꪴ꪿ꪣ ꪛꪴ꪿ꪣ,False
đoàng trừng,ꪛꪴ꪿ꪣ ꪛꪴ꪿ꪣ,True
tại đoàng,ꪛꪴ꪿ꪣ ꪛꪴ꪿ꪣ,True
vận,ꪚꪴꪙ,False
diễm phúc,ꪚꪴꪙ ꪋꪴ꪿ꪣ,False
diễm phúc,ꪚꪴꪙ ꪶꪁ꪿ꪙ,True
phúc lộc,ꪚꪴꪙ ꪁꪴꪙ,False
vận đỏ,ꪚꪴꪙ ꪒꪲ,False
có duyên số,ꪚꪴꪙ ꪭꪮꪒ,False
lạt duyên số,ꪚꪴꪙ ꪭꪮꪒ,True
hạnh phúc,ꪚꪴꪙ ꪅꪴꪙ,False
"xuôi, bướng,",ꪚꪴꪙ ꪅꪴꪙ,True
số giàu,ꪚꪴꪙ ꪢ꫁ꪱ,False
bộc giàu,ꪚꪴꪙ ꪼꪉ꫁,True
vận may,ꪚꪴꪙ ꪼꪢ,False
khít may,ꪚꪴꪙ ꪼꪢ,True
"vận rủi, vận hạn",ꪚꪴꪙ ꪣꪴꪒ,False
"vận rủi, vận viêm",ꪚꪴꪙ ꪣꪴꪒ,True
"trần, rủi, xệch hạn",ꪚꪴꪙ ꪣꪴꪒ,True
em yêu,ꪚꪴꪙ ꪝꪽ,False
"thúng, mủng",ꪚꪴꪉ,False
non phu,ꪚꪴꪉ,True
nghị mủng,ꪚꪴꪉ,True
"thúng, mủng",ꪚꪴꪉ,False
tréo mủng,ꪚꪴꪉ,True
vòi rót rượu,ꪛ꪿ꪺꪥ ꪹꪨ꫁ꪱ,False
"vòi ngốn, rượu",ꪛ꪿ꪺꪥ ꪹꪨ꫁ꪱ,True
chập rót rượu,ꪛ꪿ꪺꪥ ꪹꪨ꫁ꪱ,True
ngấu nghiến,ꪛ꫁ꪺꪥ ꪛ꫁ꪺꪥ,False
ngấu nghiến,ꪛ꫁ꪺꪥ ꪔꪲ,True
"hũm, vũng",ꪚꪺꪀ,False
"hũm, rượt",ꪚꪺꪀ,True
ì oặp,ꪛꪺꪀ ꪛꪺꪀ,False
sùng sục,ꪛꪺꪀ ꪛꪺꪀ,False
sùng thiều,ꪛꪺꪀ ꪛꪺꪀ,True
chui,ꪛ꪿ꪺꪙ,False
rúc,ꪚ꪿ꪺꪙ,False
một loại rái cá,ꪚ꫁ꪺꪙ,False
một xưa rái cá,ꪚ꫁ꪺꪙ,True
ngớp,ꪚ꫁ꪺꪙ,False
nhoi,ꪚ꫁ꪺꪙ,False
súc miệng,ꪚ꫁ꪺꪙ ꪶꪎꪚ,False
xoài miệng,ꪚ꫁ꪺꪙ ꪶꪎꪚ,True
buồn,ꪛꪺꪙ,False
buồn,ꪵꪁꪫꪥ,True
buồn bã,ꪛꪺꪙ ꪻꪊ,False
buồn bã,ꪛꪺꪙ ꪉꪲꪙ,True
buồn rầu,ꪛꪺꪙ ꪶꪄꪙ,False
"kệ, rầu",ꪛꪺꪙ ꪶꪄꪙ,True
buồn phiền,ꪛꪺꪙ ꪹꪈꪱ,False
"thìa, muỗng",ꪚ꪿ꪺꪉ,False
"thìa, muỗng",ꪵꪠꪉ,True
múc,ꪚ꪿ꪺꪉ,False
cằn,ꪚ꪿ꪺꪉ,True
cùi dìa,ꪚ꪿ꪺꪉ ꪭꪲ,False
mướp,ꪚꪺꪚ,False
ồn ồn,ꪛꪺꪒ ꪛꪺꪒ,False
"ồn công,",ꪛꪺꪒ ꪛꪺꪒ,True
giập,ꪚꪴꪚ,False
lã chã,ꪚꪴꪚ ꪚꪴꪚ,False
"sỡ, chã",ꪚꪴꪚ ꪚꪴꪚ,True
giập nát,ꪚꪴꪚ ꪙꪴꪣ,False
thâm tím,ꪚꪴꪚ ꪙꪴꪣ,False
bút,ꪚꪴꪒ,False
đấu,ꪚꪴꪒ,True
thiu,ꪚꪴꪒ,False
quà bánh,ꪚꪴꪒ ꪵꪚ꪿ꪉ,False
hôi tanh,ꪚꪴꪒ ꪁꪱꪫ,False
đắm tanh,ꪚꪴꪒ ꪁꪱꪫ,True
bút chì,ꪚꪴꪒ ꪋꪲ꫁,False
bệnh chì,ꪚꪴꪒ ꪋꪲ꫁,True
bút lông,ꪚꪴꪒ ꪬꪱꪉ ꪵꪣꪫ,False
"đừng, lông",ꪚꪴꪒ ꪬꪱꪉ ꪵꪣꪫ,True
bút tuôn,ꪀꪫꪸꪒ ꪬꪱꪉ ꪵꪣꪫ,True
bút máy,ꪚꪴꪒ ꪼꪢ꪿,False
trục máy,ꪚꪴꪒ ꪼꪢ꪿,True
thiu thối,ꪚꪴꪒ ꪢꪲꪙ,False
thiu thối,ꪩ꪿ꪱꪣ ꪢꪲꪙ,True
bút mực,ꪚꪴꪒ ꪣꪳ꫁ꪀ,False
rốn,ꪚꪳ,False
rốn,ꪊꪲꪚ,True
bột cám,ꪹꪚ,False
bột nhừ,ꪹꪚ,True
cho ăn bột cám,ꪹꪚ,False
duốc,ꪹꪚ,False
duốc,ꪹꪏꪷ꪿ꪣ,True
lặc lè,ꪹꪚ ꪹꪥ,False
lặc lè,ꪉ꫁ꪮꪥ ꪹꪥ,True
bướm,ꪹꪚ꫁,False
đọt,ꪹꪚ꫁,False
vải chèn nách,ꪹꪚ꫁,False
mướn chèn vằng,ꪹꪚ꫁,True
hùynh hụych,ꪛꪳ꫁ꪀ ꪛꪳ꫁ꪀ,False
"bươm lần,",ꪛꪳ꫁ꪀ ꪛꪳ꫁ꪀ,True
bĩu môi,ꪚꪳꪙ ꪶꪎꪚ,False
bĩu mũi),ꪚꪳꪙ ꪶꪎꪚ,True
"chằm, đầm lầy",ꪹꪚ꪿ꪣ,False
"chằm, đầm khay",ꪹꪚ꪿ꪣ,True
nung núc,ꪹꪚ꪿ꪣ ꪹꪚ꪿ꪣ,False
nung núc,ꪹꪎꪸꪒꪙ ꪹꪚ꪿ꪣ,True
nung nhọn,ꪹꪚ꪿ꪣ ꪹꪚ꪿ꪣ,True
trăng,ꪹꪚꪙ,False
thánh,ꪹꪚꪙ,False
trăng tàn,ꪹꪚꪙ ꪒꪾꪚ,False
"chết, tàn",ꪹꪚꪙ ꪮꪮꪒ,True
tháng tận,ꪹꪚꪙ ꪒꪾꪚ,False
xép ề,ꪹꪚꪙ ꪒꪾꪚ,True
trăng non,ꪹꪚꪙ ꪻꪢ꪿,False
trăng non,ꪹꪚꪙ ꪝꪳꪉ,True
"sang tháng, thượng tuần",ꪹꪚꪙ ꪻꪢ꪿,False
"lai tháng, thượng tuần",ꪹꪚꪙ ꪻꪢ꪿,True
sang cụ thượng tuần,ꪹꪚꪙ ꪻꪢ꪿,True
tối trời,ꪹꪚꪙ ꪣꪳꪒ,False
tháng ở cữ,ꪹꪚꪙ ꪼꪡ,False
gàu ở cữ,ꪹꪚꪙ ꪘ꪿ꪺꪉ,True
đầy tháng,ꪹꪚꪙ ꪹꪔꪸꪣ,False
"lời, trắng,",ꪹꪚꪙ ꪹꪔꪸꪣ,True
trằn,ꪚꪳꪒ,False
vươn vai,ꪚꪳꪒ ꪶꪔ,False
"tèo, trỏ",ꪒ꫁ꪱꪫ ꪶꪔ,True
đại bàng,ꪀꪱ ꪵꪭ꫁ꪉ,False
đại thum,ꪹꪜꪸ꪿ꪉ ꪵꪭ꫁ꪉ,True
"từ, bàng",ꪀꪱ ꪵꪭ꫁ꪉ,True
Quý,ꪀ꪿ꪱ,False
buộc,ꪀ꪿ꪱ,True
Quý,ꪉꪺꪒ,True
tận,ꪀ꪿ꪱ,False
đâu,ꪀ꪿ꪱ ꪻꪒ,False
cận,ꪀ꪿ꪱ ꪶꪭ꪿ꪣ,True
mạ,ꪀ꫁ꪱ,False
xuýt,ꪀ꫁ꪱ,True
gieo trồng,ꪀ꫁ꪱ ꪶꪚꪉ,False
nhót trồng,ꪀ꫁ꪱ ꪶꪚꪉ,True
vun đắp,ꪀ꫁ꪱ ꪶꪚꪉ,False
"tuyệt, tạt,",ꪀ꫁ꪱ ꪬꪲ꫁ꪫ,True
san sát,ꪀ꫁ꪱ ꪀꪱꪒ,False
san sát,ꪨꪱꪀ ꪀꪱꪒ,True
cả đời,kả chua,False
cả dậy,kả chua,True
thướt tha,ꪀ꫁ꪱ ꪀ꪿ꪮꪉ,False
thướt tha,ꪀ꫁ꪱ ꪎꪰꪉ,True
lối gieo thẳng,ꪀ꫁ꪱ ꪤꪰꪒ,False
lối giường thẳng,ꪀ꫁ꪱ ꪤꪰꪒ,True
sắc (như) nước,ꪀ꫁ꪱ ꪤꪮꪉ,False
sắc (như) nước,ꪀ꫁ꪱ ꪹꪏꪷꪀ,True
"sắc lừa, đóng,",ꪀ꫁ꪱ ꪤꪮꪉ,True
mạ không giâm,ꪀ꫁ꪱ ꪶꪠꪉ,False
mạ cữ giâm,ꪀ꫁ꪱ ꪶꪠꪉ,True
gianh,ꪁꪱ,False
cậu,ꪁꪱ,True
gông,ꪁꪱ,False
đóng gông,ꪁꪱ,False
đóng dớn,ꪁꪱ,True
mạ giâm,ꪀ꫁ꪱ ꪏꪾ,False
mạ rễ,ꪀ꫁ꪱ ꪏꪾ,True
"dái, đực",ꪁꪱ,False
"dái, đực",ꪔꪲ꪿ꪀ,True
"mắc, chẹt",ꪁꪱ,False
"mắc, cọm",ꪁꪱ,True
sa,ꪁꪱ,False
"chặn ngang, chẹn ngang",ꪁꪱ,False
"chặn nhụt, chẹn ngang",ꪹꪬꪷ꪿ꪉ,True
mắc kẹt,ꪁꪱ ꪀꪱꪉ,False
mắc khốc,ꪁꪱ ꪀꪱꪉ,True
"hố, kẹt",ꪁꪱ ꪀꪱꪉ,True
mắc bận,ꪁꪱ ꪀꪱꪉ,False
mắc bận,ꪼꪘ꪿ ꪀꪱꪉ,True
vướng mắc,ꪁꪱ ꪻꪊ,False
vướng ứ,ꪁꪱ ꪻꪊ,True
mắc chẹt,ꪁꪱ ꪹꪁꪸꪩ꫁,False
nham chẹt,ꪹꪉꪷ ꪹꪁꪸꪩ꫁,True
giá,ꪁ꪿ꪱ,False
trị giá,ꪁ꪿ꪱ,False
cặt giá,ꪁ꪿ꪱ,True
"ngần, khoảng chừng",ꪁ꪿ꪱ,False
"ngần, khoảng chừng",ꪖ꫁ꪱꪙ,True
lực khoảng hững,ꪁ꪿ꪱ,True
giá,ꪁ꪿ꪱ,False
trị giá,ꪁ꪿ꪱ,False
trị giá,ꪹꪔ,True
"ngần, khoảng chừng",ꪁ꪿ꪱ,False
"bằng, ngang bằng",ꪁ꪿ꪱ,False
"bằng, vắng: tràn,",ꪁ꪿ꪱ,True
"khớp, ăn khớp",ꪁ꪿ꪱ,False
"khớp, ăn thỏm",ꪁ꪿ꪱ,True
(h. ăn khớp,ꪁ꪿ꪱ,True
"so, ướm",ꪁ꪿ꪱ,False
chìm ướm,ꪁ꪿ꪱ,True
từ,ꪁ꪿ꪱ,False
xét,ꪤꪮꪙ,True
"hợm mình, hợm hĩnh",ꪁ꪿ꪱ ꪹꪚ꪿ꪱ ꪉ꪿ꪱꪥ,False
giá cả,ꪁ꪿ꪱ ꪁꪮꪙ,False
lào,ꪁ꪿ꪱ ꫛ,False
công sá,ꪁ꪿ꪱ ꪵꪭꪉ,False
công bẽm,ꪁ꪿ꪱ ꪵꪭꪉ,True
giá trị sinh mạng,ꪁ꪿ꪱ ꪬꪺ,False
giá rỏ sinh mạng,ꪁ꪿ꪱ ꪬꪺ,True
"giá trị móng, mạng",ꪁ꪿ꪱ ꪬꪺ,True
buôn,ꪁ꫁ꪱ,False
canh gác,ꪀ꪿ꪱꪀ ꪵꪀꪉ,False
"các loại, các thứ",ꪀ꪿ꪱꪀ ꪎꪳ꪿ꪀ,False
các lốt các vu,ꪀ꪿ꪱꪀ ꪹꪮꪷ꫁ꪙ,True
các giẹo các thứ,ꪀ꪿ꪱꪀ ꪎꪳ꪿ꪀ,True
kẹc kẹc,ꪵꪀ꪿ꪀ ꪵꪀ꪿ꪀ,False
kẹc kẹc,ꪣꪱꪙ ꪵꪀ꪿ꪀ,True
gạch,ꪵꪁ꫁ꪀ,False
cót,ꪵꪁ꫁ꪀ,True
canh cách,ꪵꪁ꫁ꪀ ꪵꪁ꫁ꪀ,False
lu cách,ꪵꪁ꫁ꪀ ꪵꪁ꫁ꪀ,True
canh cách,ꪵꪁ꫁ꪀ ꪔꪴ꫁ꪣ,True
cai,ꪀꪱꪥ,False
"qua, ngang qua",ꪀꪱꪥ,False
"qua, ngang niêu",ꪀꪱꪥ,True
quá,ꪀꪱꪥ,False
nấng,ꪀꪱꪥ,True
quá mức,ꪀꪱꪥ ꪀꪱꪒ,False
rốt mức,ꪀꪱꪥ ꪀꪱꪒ,True
"quá tệ, quá đáng",ꪀꪱꪥ ꪹꪁꪷ꪿,False
qua đời,ꪀꪱꪥ ꪹꪓꪷꪥ,False
quá sức,ꪀꪱꪥ ꪵꪭꪉ,False
khoèo sức,ꪀꪱꪥ ꪭ꫁ꪺꪉ,True
quá lắm,ꪀꪱꪥ ꪵꪭꪉ,False
quá lắm,ꪀꪱꪥ ꪝꪮꪉ,True
"quá kì, lỗi thời",ꪀꪱꪥ ꪁꪲ,False
"quá kì, lỗi rực,",ꪀꪱꪥ ꪁꪲ,True
qua,ꪀꪱꪥ ꪣꪱ,False
qua,ꪹꪯꪷ ꪣꪱ,True
quá mức,ꪀꪱꪥ ꪣꪷ꪿,False
quá mức,ꪀꪱꪥ ꪩꪺ,True
quá ếch,ꪀꪱꪥ ꪣꪷ꪿,True
quá thì,ꪀꪱꪥ ꪹꪣ꪿,False
quá thời,ꪀꪱꪥ ꪑꪱꪣ,False
quá lứa,ꪀꪱꪥ ꪜꪱꪙ,False
xị lứa,ꪀꪱꪥ ꪜꪱꪙ,True
"quá quắt, quá ư",ꪀꪱꪥ ꪀ꪿ꪫꪱ,False
"quá quắt, quá rơn",ꪀꪱꪥ ꪀ꪿ꪫꪱ,True
quá trớn,ꪀꪱꪥ ꪀ꪿ꪫꪱ,False
"quá cuồng,",ꪀꪱꪥ ꪀ꪿ꪫꪱ,True
"chầm quay,",ꪀꪱꪥ ꪝꪱꪉ,True
quá mức,ꪀꪱꪥ ꪹꪔꪷ꪿ꪀ,False
quá dây,ꪀꪱꪥ ꪹꪔꪷ꪿ꪀ,True
thái quá,ꪀꪱꪥ ꪹꪔꪷ꪿ꪀ,False
thái quá,ꪋꪣꪮꪣ ꪹꪔꪷ꪿ꪀ,True
"quá, rất",ꪀꪱꪥ ꪫ꪿ꪱ,False
"quá, rất",ꪹꪜꪸꪉ ꪫ꪿ꪱ,True
quá chừng,ꪀꪱꪥ ꪫ꪿ꪱ,False
thùng chát,ꪀꪱꪥ ꪫ꪿ꪱ,True
quá thì,ꪀꪱꪥ ꪏꪲ,False
đây thì,ꪀꪱꪥ ꪏꪲ,True
"quá đáng, quá lắm",ꪀꪱꪥ ꪎꪸ,False
"quá đáng, quá lắm",ꪀꪱꪥ ꪉꪲ꫁ꪫ,True
"chóp đáng, quá lắm",ꪀꪱꪥ ꪎꪸ,True
quá đà,ꪀꪱꪥ ꪏꪩꪮꪒ,False
bắc,ꪀ꪿ꪱꪥ,False
màu,ꪀ꪿ꪱꪥ,True
lờn,ꪀ꪿ꪱꪥ,True
"gác, đặt",ꪀ꪿ꪱꪥ,False
"gác, hăng,",ꪀ꪿ꪱꪥ,True
"gác, đun",ꪶꪔꪙ,True
"kề, sát",ꪀ꪿ꪱꪥ,False
muối sát,ꪀ꪿ꪱꪥ,True
sao chép,ꪀ꪿ꪱꪥ,False
truyền nghề,ꪀ꪿ꪱꪥ,False
lưu truyền,ꪀ꪿ꪱꪥ ꪋꪸꪙ,False
đế truyền,ꪀ꪿ꪱꪥ ꪋꪸꪙ,True
nhởn khui,ꪀ꪿ꪱꪥ ꪶꪥꪉ,True
trùng điệp,ꪀ꪿ꪱꪥ ꪹꪀꪷꪥ,False
ngoắc điệp,ꪀ꪿ꪱꪥ ꪹꪀꪷꪥ,True
cải,ꪀ꫁ꪱꪥ,False
cải trang,ꪀ꫁ꪱꪥ,False
"cuồn tộc,",ꪀ꫁ꪱꪥ,True
đào,ꪁꪱꪥ,False
xáp,ꪁꪱꪥ,True
phấn,ꪁꪱꪥ,False
tuy,ꪁꪱꪥ,True
"nhả, nhè",ꪁꪱꪥ,False
"rậm, nhặm",ꪁꪱꪥ,False
cai,ꪁ꪿ꪱꪥ,False
"dậy,",ꪁ꪿ꪱꪥ,True
"qua, khỏi",ꪁ꪿ꪱꪥ,False
chả bấu,ꪁ꪿ꪱꪥ,True
vải,ꪁ꫁ꪱꪥ,False
vải,ꪁꪴ꫁ꪀ,True
cãi,ꪁ꫁ꪱꪥ,False
"khoang,",ꪁ꫁ꪱꪥ,True
hăc lào,ꪀꪱꪀ,False
"bẫm gót,",ꪑ꪿ꪮꪉ,True
hạt thóc,ꪀꪱꪀ,False
"nong, thóc",ꪀꪱꪀ,True
răng rắc,ꪁꪱꪀ ꪁꪱꪀ,False
miễn thứ,ꪀ꫁ꪱꪣ ꪤ꪿ꪱꪉ,False
dư dụng,ꪁꪱꪣ,False
dư dụng,ꪁ꫁ꪱ,True
vạch,ꪀ꪿ꪱꪙ,False
miễn trừ,ꪀ꫁ꪱꪣ ꪤ꪿ꪱꪉ,False
miễn trừ,ꪀ꫁ꪱꪣ ꪡꪱꪥ,True
vằn,ꪀ꪿ꪱꪙ,False
cái,ꪀ꫁ꪱꪙ,False
hom gianh,ꪀ꫁ꪱꪙ ꪊ꪿ꪱꪣ,False
đòn,ꪁꪱꪙ,False
dám,ꪁꪱꪙ,False
đòn xóc,ꪀꪱꪙ ꪀ꫁ꪱ,False
như xóc,ꪀꪱꪙ ꪀ꫁ꪱ,True
đòn gánh,ꪁꪱꪙ ꪬꪱꪚ,False
đòn đờm,ꪁꪱꪙ ꪬꪱꪚ,True
đòn bằng gỗ đẽo,ꪁꪱꪙ ꪕ꪿ꪱꪣ,False
đòn nạt gỗ đẽo,ꪁꪱꪙ ꪕ꪿ꪱꪣ,True
"đòn bằng ngược, đẽo",ꪶꪯ꫁ ꪕ꪿ꪱꪣ,True
đòn ống,ꪁꪱꪙ ꪎꪚꪴ,False
nghê ống,ꪁꪱꪙ ꪀꪲꪒ,True
bết,ꪁ꪿ꪱꪙ,False
lở,ꪁ꫁ꪱꪙ,False
vỡ lở,ꪁ꫁ꪱꪙ ꪶꪁ꫁ꪀ,False
"vỡ cỏ,",ꪁ꫁ꪱꪙ ꪶꪁ꫁ꪀ,True
giăng,ꪁ꪿ꪱꪙ,False
"trọ,",ꪁ꪿ꪱꪙ,True
can,ꪁ꪿ꪱꪙ,False
"xể, bể, vỡ",ꪁ꫁ꪱꪙ,False
"chát bể, vỡ",ꪁ꫁ꪱꪙ,True
"mủn, vữa",ꪁ꫁ꪱꪙ,False
đổ nhào,ꪁ꫁ꪱꪙ ꪹꪀ꪿ꪙ,False
đổ nhào,ꪁ꫁ꪱꪙ ꪵꪎꪀ,True
giữa,ꪀꪱꪉ,False
"giăng, chăng",ꪀꪱꪉ,False
kiệt chăng,ꪀꪱꪉ,True
trống trải,ꪀꪱꪉ ꪵꪀ꪿ꪉ,False
"tội, trải",ꪀꪱꪉ ꪵꪀ꪿ꪉ,True
chính giữa,ꪀꪱꪉ ꪹꪋꪷ꪿ꪉ,False
"chính trôn,",ꪀꪱꪉ ꪹꪋꪷ꪿ꪉ,True
"lưng, lưng chừng",ꪀꪱꪉ,False
nửa chừng,ꪀꪱꪉ,False
mắc,ꪀꪱꪉ,False
chõm,ꪀꪱꪉ,True
gài,ꪀꪱꪉ,False
gài,ꪶꪀꪥ,True
mong mỏi,ꪀꪱꪉ ꪁꪮꪉ,False
bỏm mỏi,ꪀꪱꪉ ꪁꪮꪉ,True
"mong ảo,",ꪀꪱꪉ ꪁꪮꪉ,True
nửa đêm,ꪀꪱꪉ ꪁꪳꪙ,False
"đêm khuya, canh khuya",ꪀꪱꪉ ꪁꪳꪙ ꪨꪺꪉ,False
ngang lưng,ꪀꪱꪉ ꪵꪮꪫ,False
khóa lưng,ꪀꪱꪉ ꪶꪉ꪿ꪙ,True
"không trung, khoảng không",ꪀꪱꪉ ꪬꪱꪫ,False
già nửa,ꪀꪱꪉ ꪵꪀ꪿,False
già nửa,ꪀꪱꪉ ꪘꪴꪣ,True
hi vọng,ꪀꪱꪉ ꪁꪮꪉ,False
hi rốn,ꪀꪱꪉ ꪁꪮꪉ,True
"sân, sân chơi",ꪀꪱꪉ ꪄ꪿ꪺꪉ,False
"sân, khét nhử,",ꪀꪱꪉ ꪄ꪿ꪺꪉ,True
non nửa,ꪀꪱꪉ ꪮ꪿ꪮꪙ,False
non thảy,ꪀꪱꪉ ꪮ꪿ꪮꪙ,True
"giữa trời, lưng trời",ꪀꪱꪉ ꪡ꫁ꪱ,False
"giữa trời, lưng khiếu",ꪀꪱꪉ ꪡ꫁ꪱ,True
trông mong,ꪀꪱꪉ ꪔꪷ꪿,False
ban trưa,ꪀꪱꪉ ꪹꪫꪸꪙ,False
"giong, chà",ꪀ꪿ꪱꪉ,False
"chẫu chàng, chẫu chuộc",ꪀ꪿ꪱꪉ ꪀ꫁ꪱ,False
"chẫu nhánh săn, chuộc",ꪀ꪿ꪱꪉ ꪀ꫁ꪱ,True
khạng nạng,ꪀ꪿ꪱꪉ ꪀꪱꪀ,False
"phùng, nạng",ꪀ꪿ꪱꪉ ꪶꪚ꪿ꪣ,True
cáng,ꪀ꪿ꪱꪉ,False
Bủa,ꪀ꪿ꪱꪉ,False
Bủa,ꪶꪣ,True
lên khung,ꪀ꪿ꪱꪉ,False
lên khung,ꪹꪕꪸ꪿-ꪹꪫꪸꪒ,True
bắc,ꪀ꪿ꪱꪉ,False
"bọn,",ꪀ꪿ꪱꪉ,True
mắc sợi vào khung cửi,ꪀ꪿ꪱꪉ ꪬꪴꪀ,False
mắc sợi vào sóng cửi,ꪀ꪿ꪱꪉ ꪬꪴꪀ,True
mắc sợi vào khung cửi,ꪶꪝ꫁ꪥ ꪬꪴꪀ,True
"chông chà, cành giong",ꪀ꪿ꪱꪉ ꪀꪲ꪿ꪉ,False
"cởi, chà, cành khi,",ꪀ꪿ꪱꪉ ꪀꪲ꪿ꪉ,True
chông bồi cành giong,ꪀ꪿ꪱꪉ ꪀꪲ꪿ꪉ,True
xương giăm,ꪀ꫁ꪱꪉ,False
"xương mục,",ꪀ꫁ꪱꪉ,True
phượng vĩ,ꪁꪱꪉ,False
phượng vĩ,ꪩꪱꪒ,True
"hóc, mắc",ꪀ꫁ꪱꪉ,False
hàm,ꪁꪱꪉ,False
"khu,",ꪁꪱꪉ,True
cằm sắt,ꪁꪱꪉ ꪹꪨꪸ꪿ꪀ,False
cằm sắt,ꪔꪴ ꪹꪨꪸ꪿ꪀ,True
giá để vo gạo,ꪁꪱꪉ ꪢ꪿ꪱ,False
giá để mẫm gạo,ꪁꪱꪉ ꪢ꪿ꪱ,True
"lẹm cằm, móm",ꪁꪱꪉ ꪫꪾ꫁,False
"lẹm cằm, trừng,",ꪁꪱꪉ ꪫꪾ꫁,True
lêu têu,ꪁ꪿ꪱꪉ,False
lêu têu,ꪮꪱꪉ,True
"mắc, ngạc",ꪁ꫁ꪱꪉ,False
"lạc bước, lưu lạc",ꪁ꫁ꪱꪉ ꪼꪋ꫁,False
"rấn, bước, lưu lạc",ꪶꪋꪒ ꪼꪋ꫁,True
"giắt răng, dính miệng, mắc răng",ꪁ꫁ꪱꪉ ꪵꪄ꫁ꪫ,False
"tây răng, dính miệng, mắc giằng,",ꪁ꫁ꪱꪉ ꪵꪄ꫁ꪫ,True
canh,ꪵꪀꪉ,False
canh suông,ꪵꪀꪉ ꪵꪁ,False
canh suông,ꪵꪀꪉ ꪵꪫ꪿ꪙ,True
giắt,ꪁ꫁ꪱꪉ,False
miến,ꪁ꫁ꪱꪉ,True
"sót, lọt",ꪁ꫁ꪱꪉ,False
"sót, chủi",ꪁ꫁ꪱꪉ,True
đờ,ꪁ꫁ꪱꪉ,False
cháo,ꪵꪀꪉ,False
giết,ꪵꪀꪉ,True
"nấu canh, nấu cháo",ꪵꪀꪉ,False
"nấu canh, trở, cháo",ꪵꪀꪉ,True
xúp,ꪵꪀꪉ ꪮꪺꪀ,False
xúp,ꪹꪯꪸ꫁ꪫ ꪮꪺꪀ,True
quang,ꪵꪀ꪿ꪉ,False
và,ꪵꪀ꪿ꪉ,False
quang đãng,ꪵꪀ꪿ꪉ ꪹꪁꪷꪉ,False
khệ nệ,ꪵꪀ꪿ꪉ ꪵꪀꪀ,False
khệ nùng,ꪵꪀ꪿ꪉ ꪵꪀꪀ,True
lẫn,ꪵꪀ꪿ꪉ,False
thác,ꪵꪀ꫁ꪉ,False
bềnh,ꪵꪀ꫁ꪉ,True
"hãy, hẵng",ꪵꪁꪉ,False
tùy theo,ꪵꪁꪉ ꪕꪷ꪿,False
"tùy ngát,",ꪵꪁꪉ ꪕꪷ꪿,True
tùy theo,ꪵꪁꪉ ꪏꪮꪣ,True
cẳng,ꪵꪁ꪿ꪉ,False
chi dưới,ꪵꪁ꪿ꪉ ꪄꪱ,False
"vọc, dưới",ꪵꪁ꪿ꪉ ꪄꪱ,True
chi kẹc,ꪵꪁ꪿ꪉ ꪄꪱ,True
cao,ꪀꪱꪫ,False
"khoác, ngoa",ꪀꪱꪫ,False
"khoác, xoảng",ꪀꪱꪫ,True
"thưa, trình, kính",ꪀ꪿ꪱꪫ,False
"thưa, trình, gỗ",ꪀ꪿ꪱꪫ,True
"thưa, tì kính",ꪀ꪿ꪱꪫ,True
khoe khoang,ꪀ꪿ꪱꪫ ꪮ꫁ꪱꪉ,False
khoe bạc,ꪀ꪿ꪱꪫ ꪮ꫁ꪱꪉ,True
"xe duyên, ăn hỏi",ꪀ꪿ꪱꪫ ꪢꪱꪥ,False
"kính mời, mời mọc",ꪀ꪿ꪱꪫ ꪹꪣꪷꪥ,False
"kính mời, mời mọc",ꪀ꪿ꪱꪫ ꪹꪄ,True
"kính mời, mời rổ,",ꪊꪮꪙ ꪹꪣꪷꪥ,True
khoác lác,ꪀ꫁ꪱꪫ ꪻꪐ꪿,False
"rú, lác",ꪀ꫁ꪱꪫ ꪻꪐ꪿,True
tanh,ꪁꪱꪫ,False
vồ,ꪁ꫁ꪱꪫ,False
cưỡng hiếp,ꪁ꫁ꪱꪫ ꪁꪳꪣ,False
cướp giật,ꪁ꫁ꪱꪫ,False
"đáng, giật",ꪁ꫁ꪱꪫ,True
Tước,ꪁ꫁ꪱꪫ,False
"cưỡng dâm, cưỡng gian",ꪁ꫁ꪱꪫ,False
"nghiến, dâm, cưỡng gian",ꪠ꫁ꪱꪙ,True
"bướm, bươm bướm",ꪀꪱꪚ ꪹꪚ꫁,False
cước bươm bướm,ꪀꪱꪚ ꪹꪚ꫁,True
"bướm, bươm bướm",ꪬꪸꪚ ꪹꪚ꫁,True
con thiêu thân,ꪀꪱꪚ ꪹꪚ꫁ ꪚꪴꪒ,False
châu chấu ma,ꪀꪱꪚ ꪀꪮꪉ,False
châu chấu đũa,ꪀꪱꪚ ꪀꪮꪉ,True
"con sò, con trai",ꪀꪱꪚ ꪀ꫁ꪺꪉ,False
"toan sò, con trai",ꪀꪱꪚ ꪀ꫁ꪺꪉ,True
mép,ꪀꪱꪚ ꪀꪳ,False
vỏ cây khô,ꪀꪱꪚ ꪄꪮꪙ,False
mưa cây khô,ꪀꪱꪚ ꪄꪮꪙ,True
vỏ cây lưỡi,ꪀꪱꪚ ꪄꪮꪙ,True
mo nang,ꪀꪱꪚ ꪘꪱ,False
mo đốp,ꪀꪱꪚ ꪘꪱ,True
gàu,ꪀꪱꪚ ꪶꪎꪀ,False
gàu,ꪀꪱꪚ ꪣ꪿ꪮꪉ,True
đai,ꪀꪱꪚ ꪶꪎꪀ,True
nền,ꪁꪱꪚ,False
ngoạm,ꪁꪱꪚ,False
ro,ꪁꪱꪚ,True
phát,ꪁꪱꪚ,False
"chập chờn, lơ mơ, mơ màng",ꪁꪱꪚ ꪁꪱ,False
"chỗ hiểm, huyệt",ꪁꪱꪚ ꪁꪰꪒ,False
cốt đất,ꪁꪱꪚ,False
tháng láu,ꪁꪱꪚ,True
"quắp, quặp, cắp",ꪁꪱꪚ,False
"quắp, quặp, trắng",ꪁꪱꪚ,True
"quắp, thống cắp",ꪁꪱꪚ,True
tha,ꪁꪱꪚ,False
nhoang,ꪁꪱꪚ,True
quả,ꪁꪱꪚ,False
quả,ꪹꪒꪸ꪿ꪙ,True
"quắn, cú",ꪁꪱꪚ,False
phếch cú,ꪁꪱꪚ,True
nớp cú,ꪁꪱꪚ,True
"lõm bõm, loáng thoáng",ꪁꪱꪚ ꪁꪱ,False
"lõm bõm, loáng thoáng",ꪁꪱꪚ ꪵꪁ꫁ꪣ,True
"lõm bõm, loáng thời",ꪁꪱꪚ ꪁꪱ,True
tớp,ꪁꪱꪚ ꪡꪰꪒ,False
luống cày,ꪁꪱꪚ ꪼꪖ,False
tha cày,ꪊ꪿ꪱꪥ ꪼꪖ,True
"cú đá, mòng giò",ꪁꪱꪚ ꪕꪮꪒ,False
"cú đá, mòng giò",ꪏ꪿ꪱꪉ ꪕꪮꪒ,True
chừng mực,ꪀꪱꪒ,False
tốc độ,ꪀꪱꪒ ꪫꪽ,False
tốc độ,ꪎꪱꪚ ꪫꪽ,True
tốc độ,ꪀꪱꪒ ꪹꪩꪱ,True
"ràng, chằng",ꪁꪱꪒ,False
đóng,ꪁꪱꪒ,False
ràng buộc,ꪁꪱꪒ ꪁꪸꪙ,False
mủi buộc,ꪁꪱꪒ ꪁꪸꪙ,True
gắn bó,ꪁꪱꪒ ꪁꪸꪙ,False
đoàn kết,ꪁꪱꪒ ꪎꪱꪙ,False
tồi đếm,ꪁꪱꪒ ꪹꪔ꫁ꪥ,True
xoắn,ꪹꪀꪱ,False
trẩu,ꪹꪀ꪿ꪱ,False
"cũ, cổ",ꪹꪀ꪿ꪱ,False
"bận, cổ",ꪹꪀ꪿ꪱ,True
"cũ, nhọn",ꪹꪀ꪿ꪱ,True
"cũ kĩ, cổ lỗ sĩ",ꪹꪀ꪿ꪱ ꪵꪀ꪿,False
cũ nhất lạnh lỗ sĩ,ꪹꪀ꪿ꪱ ꪵꪀ꪿,True
thủ cựu,ꪹꪀ꪿ꪱ ꪩ꫁ꪱꪫ,False
"thủ rợp,",ꪹꪀ꪿ꪱ ꪩ꫁ꪱꪫ,True
"tàng tàng, tàu tàu",ꪹꪀ꪿ꪱ ꪢꪰꪉ,False
chín,ꪹꪀ꫁ꪱ,False
lẽ,ꪹꪀ꫁ꪱ,True
chốn,ꪹꪀ꫁ꪱ,True
x. ꪔꪰ꫁ꪉ ꪹꪀ꫁ꪱ,ꪹꪀ꫁ꪱ,False
bốc ꪔꪰ꫁ꪉ ꪹꪀ꫁ꪱ,ꪹꪀ꫁ꪱ,True
chín mươi,ꪹꪀ꫁ꪱ ꪎꪲꪚ,False
chín nịnh,ꪹꪀ꫁ꪱ ꪎꪲꪚ,True
sờn mươi,ꪹꪀ꫁ꪱ ꪎꪲꪚ,True
cầu treo,ꪹꪁꪱ ꪵꪄꪫꪙ,False
phong,ꪹꪁ꫁ꪱ,False
phong,ꪄꪰꪒ,True
làm ồn,ꪹꪁ꫁ꪱ,False
kêu xào xạc,ꪹꪁ꫁ꪱ ꪮ꪿ꪽ,False
kêu xào giấu,ꪖ꪿ꪮꪥ ꪮ꪿ꪽ,True
nhõng xào xạc,ꪹꪁ꫁ꪱ ꪮ꪿ꪽ,True
cú vọ,ꪹꪁ꫁ꪱ ꪹꪄꪱ,False
cú vọ,ꪁꪲꪀ ꪹꪄꪱ,True
cú khảo,ꪹꪁ꫁ꪱ ꪹꪄꪱ,True
"sưng, bươu",ꪻꪁ꪿,False
"sưng, bươu",ꪬꪺꪚ,True
đớp,ꪻꪁ꪿,False
rầy,ꪻꪁ꪿,True
sưng sỉa,ꪻꪁ꪿ ꪹꪚꪸꪉ,False
sưng sỉa,ꪵꪉ꫁ ꪹꪚꪸꪉ,True
sưng sỉa,ꪔ꪿ꪮꪉ ꪹꪚꪸꪉ,True
Hợi,ꪻꪁ꫁,False
hênh,ꪻꪁ꫁,True
"cò, lẫy",ꪼꪀ,False
"cò, lẫy",ꪋꪾ꫁,True
cây,ꪼꪀ,False
mơ,ꪡꪴꪙ,True
xa,ꪼꪀ,False
xa cách,ꪼꪀ ꪵꪀ꪿ꪀ,False
"thương, cách",ꪼꪀ ꪵꪀ꪿ꪀ,True
gà,ꪼꪀ꪿,False
"gà đực, gà hoa",ꪼꪀ꪿ ꪁꪱ,False
"hóp đực, gà hoa",ꪼꪀ꪿ ꪁꪱ,True
"khó, đực, gà hoa",ꪼꪀ꪿ ꪁꪱ,True
gà con,ꪼꪀ꪿ ꪊꪸꪚ,False
"gà chọi, gà nòi",ꪼꪀ꪿ ꪁꪮꪙ,False
"gà chọi, cạy, nòi",ꪼꪀ꪿ ꪁꪮꪙ,True
gà giò,ꪼꪀ꪿ ꪭꪱꪣ,False
gà gáy,ꪼꪀ꪿ ꪄꪽ,False
"gà thói,",ꪭꪰꪉ ꪄꪽ,True
tổ gáy,ꪼꪀ꪿ ꪄꪽ,True
gà gô,ꪼꪀ꪿ ꪵꪄ꫁,False
chuốc gô,ꪼꪀ꪿ ꪵꪄ꫁,True
gà mái tơ,ꪼꪀ꪿ ꪹꪄ꪿ꪉ,False
ngay mái dẻ,ꪼꪀ꪿ ꪹꪄ꪿ꪉ,True
gà mái ghẹ,ꪼꪀ꪿ ꪣꪱꪙ ꪣꪮꪀ,False
gà mừng ghẹ,ꪼꪀ꪿ ꪣꪱꪙ ꪣꪮꪀ,True
gà mái,ꪼꪀ꪿ ꪵꪣ꪿,False
"gà nước, gà đồng",ꪼꪀ꪿ ꪙꪾ꫁,False
gà tật hồn đồng,ꪼꪀ꪿ ꪙꪾ꫁,True
gà mờ,ꪼꪀ꪿ ꪡꪱꪉ,False
"gà trống, gà sống",ꪼꪀ꪿ ꪝꪷ꪿,False
gà kim tiền,ꪼꪀ꪿ ꪁꪫꪱꪉ,False
gà nữa ngão,ꪼꪀ꪿ ꪁꪫꪱꪉ,True
gà rừng,ꪼꪀ꪿ ꪹꪖ꪿ꪙ,False
"dẫn, rừng",ꪼꪀ꪿ ꪹꪖ꪿ꪙ,True
gà thiến,ꪼꪀ꪿ ꪔꪮꪙ,False
"ngoạy, thiến",ꪼꪀ꪿ ꪔꪮꪙ,True
dâm dục,ꪼꪀ꫁,False
dâm khoằm,ꪼꪀ꫁,True
lũ lượt,ꪼꪀ꫁,False
rêu đá,ꪼꪁ,False
"lượn, đá",ꪼꪁ,True
nương cậy,ꪼꪁ꫁ ꪹꪝꪷ꪿ꪉ,False
nương dan,ꪼꪁ꫁ ꪹꪝꪷ꪿ꪉ,True
nắm,ꪀꪾ,False
buồng,ꪀꪾ,True
nắm,ꪀꪾ,False
"điệu cổ, túm cổ",ꪀꪾ ꪁꪷ,False
"điệu cổ, ột cổ",ꪀꪾ ꪁꪷ,True
"điệu cổ, chụm, cổ",ꪀꪾ ꪁꪷ,True
vừa một cườm tay,ꪀꪾ ꪁꪮꪚ,False
phị một cườm tay,ꪀꪾ ꪁꪮꪚ,True
vừa một cườm tay,ꪀꪾ ꪎꪳ,True
nắm rưỡi,ꪀꪾ ꪤꪳꪙ,False
giữ rịt,ꪀꪾ ꪑ꪿ꪽ,False
ịch rịt,ꪀꪾ ꪑ꪿ꪽ,True
quả đấm,ꪀꪾ ꪜ꫁ꪽ,False
quả vẫn,ꪁꪺꪉ ꪜ꫁ꪽ,True
"cương quyết, kiên quyết",ꪀꪾ ꪀꪫꪸꪒ,False
"cương quyết, bên, quyết",ꪣ꫁ꪱꪫ ꪀꪫꪸꪒ,True
"cương quyết, đất, quyết",ꪀꪾ ꪀꪫꪸꪒ,True
"tím, thâm",ꪀꪾ꪿,False
tím bầm,ꪀꪾ꪿ ꪭꪺꪙ ꪭꪺꪙ,False
thâm tím,ꪀꪾ꪿ ꪙꪴꪣ,False
thâm tím,ꪮꪱꪫ ꪙꪴꪣ,True
tím than,ꪀꪾ꪿ ꪜꪰꪉ,False
"thâm, sẫm",ꪀꪾ꪿,False
"đông nghịt, nghìn nghịt",ꪀꪾ꪿ ꪜꪳ꪿ꪀ,False
chốn,ꪀꪾ꫁,False
nơi chốn,ꪀꪾ꫁ ꪹꪘꪷꪥ,False
xoèn chốn,ꪀꪾ꫁ ꪹꪘꪷꪥ,True
nơi chốn,ꪹꪥ꫁ꪉ ꪶꪓ꫁ꪀ,True
vàng,ꪁꪾ,False
miếng,ꪁꪾ,False
thăn,ꪁꪾ,True
nhặn,ꪁꪾ,True
"kiêng, kị",ꪁꪾ,False
"kiêng, hét,",ꪁꪾ,True
vàng lá,ꪁꪾ ꪻꪚ,False
vàng me,ꪁꪾ ꪁꪩ꪿ꪽ,True
"cầm cữ, kiêng cữ",ꪁꪾ ꪹꪚꪙ,False
"cầm cữ, kiêng cữ",ꪶꪕꪣ ꪹꪚꪙ,True
"độc, cữ, kiêng cữ",ꪁꪾ ꪹꪚꪙ,True
"dầu cao, cù là",ꪁꪾ ꪹꪥ꫁ꪱ,False
"dầu giai rồ, là",ꪁꪾ ꪹꪥ꫁ꪱ,True
dầu xôn để là,ꪁꪾ ꪹꪥ꫁ꪱ,True
vàng nguyên chất,ꪁꪾ ꪵꪒꪉ,False
vàng nguyên phúc,ꪁꪾ ꪵꪒꪉ,True
món,ꪁꪾ,False
có kị,ꪁꪾ,False
"có bao,",ꪁꪾ,True
kị,ꪁꪾ ꪵꪁ꫁,False
kị,ꪝꪱꪒ ꪵꪁ꫁,True
kị,ꪹꪋꪱ ꪵꪁ꫁,True
cỗ cưới,ꪁꪾ ꪀꪲꪙ,False
cỗ cưới chính thức,ꪁꪾ ꪀꪲꪙ ꪨꪺꪉ,False
"tím, cưới chính thức",ꪁꪾ ꪀꪲꪙ ꪨꪺꪉ,True
cỗ cưới ra mắt,ꪁꪾ ꪀꪲꪙ ꪙ꫁ꪮꪥ,False
cỗ cưới ra mắt,ꪁꪾ ꪀꪲꪙ ꪢ꪿ꪱꪉ,True
"cầu đảo, đảo vũ",ꪁꪾ ꪹꪣꪉ,False
"cầu đảo, đảo lì",ꪁꪾ ꪹꪣꪉ,True
"mẻo, mẩu",ꪁꪾ ꪯꪮꪥ,False
thục mẩu,ꪁꪾ ꪯꪮꪥ,True
"để tang, để trở",ꪁꪾ ꪔꪱꪉ,False
"để tang, để sộc",ꪮꪲꪚ ꪢꪾ꫁,True
chịu tang,ꪁꪾ ꪶꪕ꫁ꪀ,False
chịu hất,ꪁꪾ ꪶꪕ꫁ꪀ,True
chịu tang,ꪹꪩꪷꪥ ꪶꪕ꫁ꪀ,True
vàng quí,ꪁꪾ ꪵꪎꪉ,False
vàng mười,ꪁꪾ ꪎꪲꪚ,False
vàng kiêng,ꪁꪾ ꪎꪲꪚ,True
vàng thoi,ꪁꪾ ꪎꪮꪥ,False
vàng thoi,ꪡꪮꪉ ꪎꪮꪥ,True
trừng thoi,ꪁꪾ ꪎꪮꪥ,True
tối,ꪁꪾ꪿,False
mồng,ꪁꪾ꪿,False
mồng,ꪊꪀꪴ꪿,True
đêm hôm,ꪁꪾ꪿ ꪁꪳꪙ,False
đêm nháy,ꪁꪾ꪿ ꪁꪳꪙ,True
chống,ꪁꪾ꫁,False
chống,ꪹꪔꪸꪙ,True
giằng co,ꪁꪾ꫁ ꪼꪀ,False
giằng chịu,ꪁꪾ꫁ ꪼꪀ,True
"đảm nhận, đảm đương, đảm đang",ꪁꪾ꫁ ꪝꪱ,False
"đảm nhận, đảm hỏn, đảm đang",ꪁꪾ꫁ ꪀꪺꪀ,True
chọc trời,ꪁꪾ꫁ ꪡ꫁ꪱ,False
chọc trời,ꪁꪾ꫁ ꪚꪾ,True
"chống chọi, kháng cự, chống lại",ꪁꪾ꫁ ꪔꪷ꪿,False
"chống chọi, kháng cự, chống lại",ꪤꪸꪒ ꪔꪷ꪿,True
đỡ,ꪁꪾ꫁,False
gánh,ꪁꪾ꫁,False
đích,ꪁꪾ꫁,True
cát,ꪁꪾ꫁,True
đương,ꪁꪾ꫁,False
"chống trả, chống đỡ, chống đối",ꪁꪾ꫁ ꪔꪮꪚ,False
"chống trả, ươi đỡ, chống đối",ꪁꪾ꫁ ꪔꪮꪚ,True
"run, trả, chống đỡ, chống đối",ꪁꪾ꫁ ꪔꪮꪚ,True
nhau,ꪀꪽ,False
nhau,ꪮꪢꪮꪀ,True
dùi,ꪀ꪿ꪽ,False
cái nút,ꪀ꪿ꪽ ꪶꪮꪒ,False
quàu nút,ꪀ꪿ꪽ ꪶꪮꪒ,True
cái dim,ꪀ꪿ꪽ ꪩ꫁ꪱ,True
"chặn, cản, ngáng",ꪀ꫁ꪽ,False
nén lòng,ꪀ꫁ꪽ ꪻꪊ,False
nén lòng,ꪀ꫁ꪽ ꪶꪔ꫁ꪉ,True
nén lòng,ꪕꪳ꪿ꪉ ꪻꪊ,True
chặn hậu,ꪀ꫁ꪽ ꪨꪰꪉ,False
"chặn tiệt,",ꪀ꫁ꪽ ꪨꪰꪉ,True
chặn đầu,ꪀ꫁ꪽ ꪘ꫁ꪱ,False
đìu đầu,ꪀ꫁ꪽ ꪑꪮꪚ,True
bờ,ꪁꪽ,False
nõ,ꪀ꪿ꪽ,False
ngăn chặn,ꪀ꫁ꪽ,False
"rào, rào đón",ꪀ꫁ꪽ,False
"rét, rào đón",ꪀ꫁ꪽ,True
cán,ꪁꪽ,False
chán,ꪵꪔ꫁ꪉ,True
cần,ꪁꪽ,False
cua,ꪁꪽ,True
ngứa,ꪁꪽ,False
vòng,ꪼꪎ꫁,True
cần câu,ꪁꪽ ꪹꪚꪸꪒ,False
ngứa ngáy,ꪁꪽ ꪁꪱꪥ,False
ngứa ngáy,ꪚꪮꪣ ꪁꪱꪥ,True
ngứa tai,ꪁꪽ ꪬꪴ,False
ngứa tay,ꪁꪽ ꪣꪳ,False
ngứa hến,ꪁꪽ ꪣꪳ,True
bờ đường,ꪁꪽ ꪵꪏꪉ,False
nháo đường,ꪁꪽ ꪙꪴꪣ,True
ngứa mồm,ꪁꪽ ꪶꪎꪚ,False
ngứa mồm,ꪁꪽ ꪹꪘꪸ꫁,True
tiện,ꪁ꪿ꪽ ꪁꪷ꪿,False
xoa bóp,ꪁ꫁ꪽ,False
xoa xẻng,ꪁ꫁ꪽ,True
nhuộm chàm,ꪁ꫁ꪽ ꪙꪲꪙ,False
nhuộm xắp,ꪁ꫁ꪽ ꪙꪲꪙ,True
nhuộm chàm,ꪁ꫁ꪽ ꪔꪲꪙ,True
căng,ꪀꪰꪉ,False
"tròng, cạm",ꪀꪰꪉ,False
một loại căng to,ꪀꪰꪉ ꪒꪲꪙ,False
một loại căng to,ꪹꪐ꪿ꪥ ꪒꪲꪙ,True
kham,ꪀꪰ꪿ꪉ,False
nghịch,ꪁ꫁ꪽ,False
tới,ꪁ꫁ꪽ,True
nghịch,ꪼꪀ꫁,True
"chơi, thèm",ꪁ꫁ꪽ,False
"gắng, nuối",ꪀꪰ꪿ꪉ,False
dế nuối,ꪀꪰ꪿ꪉ,True
lắp,ꪀꪰ꫁ꪉ,False
"loáng, loang loáng",ꪁꪰꪉ ꪁꪰꪉ,False
"loáng, loang giăng,",ꪁꪰꪉ ꪁꪰꪉ,True
triều loang loáng,ꪁꪰꪉ ꪁꪰꪉ,True
chói chang,ꪁꪰꪉ ꪁꪰꪉ,False
"chói vợ,",ꪁꪰꪉ ꪁꪰꪉ,True
"bẫy cặp, bẫy kẹp",ꪀꪾꪚ,False
"bẫy cặp, yểng kẹp",ꪀꪾꪚ,True
"bẫy cặp, bẫy dẫn",ꪀꪾꪚ,True
tại,ꪀꪾꪚ,False
với,ꪀꪾꪚ,False
với,ꪶꪩꪚ,True
"kèm, kèm với",ꪀꪾꪚ,False
hờ gối với,ꪀꪾꪚ,True
"lập tức, tức thì, tức khắc",ꪀꪾꪚ ꪚꪱꪒ,False
"lập tức, tức thì, tức suất",ꪀꪾꪚ ꪚꪱꪒ,True
"lập tức, tức thì, khuyu khắc",ꪶꪨꪣ ꪚꪱꪒ,True
bẫy bằng ống tre,ꪀꪾꪚ ꪚꪮꪀ,False
giếng bằng ống lè,ꪀꪾꪚ ꪎꪴ꪿ꪣ,True
bẫy bằng ống tre,ꪀꪾꪚ ꪶꪊꪚ,True
vận,ꪀꪾꪚ ꪀ꪿ꪱꪥ,False
"vốc,",ꪀꪾꪚ ꪀ꪿ꪱꪥ,True
tại trận,ꪀꪾꪚ ꪅꪱꪚ,False
tại trận,ꪀꪾꪚ ꪹꪁꪱ,True
đổi chác,ꪀꪾꪚ ꪵꪩꪀ,False
chật,ꪁꪾꪚ,False
chật,ꪶꪏ,True
đầy,ꪁꪾꪚ,False
vang,ꪁꪾꪚ,False
chật chội,ꪁꪾꪚ ꪁꪴꪉ,False
chật bó,ꪁꪾꪚ ꪭꪰꪒ,False
chật hẹp,ꪁꪾꪚ ꪵꪁꪚ,False
chật hẹp,ꪁꪾꪚ ꪁꪲꪀ,True
chật vựa,ꪁꪾꪚ ꪻꪭ꪿,True
chật cứng,ꪁꪾꪚ ꪮꪨꪳꪒ,False
tuyến cứng,ꪁꪾꪚ ꪮꪨꪳꪒ,True
chật ních,ꪁꪾꪚ ꪎꪸꪚ,False
cắn,ꪀꪰꪒ,False
thấu,ꪀꪰꪒ,False
ngoạm,ꪀꪰꪒ ꪡ꫁ꪱꪥ,False
ngoạm,ꪀꪰꪒ ꪹꪙ꫁,True
chặt,ꪁꪰꪒ,False
hiểm,ꪁꪰꪒ,False
"bần, bần bách",ꪁꪰꪒ,False
khổ não,ꪁꪰꪒ ꪻꪊ,False
khổ não,ꪊꪲ꪿ꪉ ꪻꪊ,True
khổ của,ꪘ꪿ꪱꪉ ꪻꪊ,True
"nghèo nàn, nghèo túng, bần hàn",ꪁꪰꪒ ꪁꪴꪉ,False
"nghèo quéo nghèo túng, bần niềng",ꪁꪰꪒ ꪁꪴꪉ,True
"dừa nàn, nghèo túng, bần hàn",ꪁꪰꪒ ꪁꪴꪉ,True
khốn quẫn,ꪁꪰꪒ ꪵꪁ꫁ꪙ,False
"nghèo khó, nghèo ngặt",ꪁꪰꪒ ꪄꪷ꪿,False
"nghèo khó, nghèo nguy",ꪁꪰꪒ ꪄꪷ꪿,True
xốc nổi,ꪀꪚꪰꪀ ꪼꪀꪚ꪿,False
ngặt,ꪁꪰꪒ,False
trúng,ꪁꪰꪒ,True
ngặt,ꪵꪕꪚ,True
dai,ꪁꪰꪒ,False
"năng nổ, nổ nang",ꪀꪚꪰꪀ ꪼꪀꪚ꪿,False
"năng mọi, nổ nang",ꪋꪲ꫁ ꪼꪀꪚ꪿,True
"năng nổ, óc nang",ꪀꪚꪰꪀ ꪼꪀꪚ꪿,True
quang quác,ꪀꪤ꪿ꪱꪀ ꪀꪤ꪿ꪱꪀ,False
quang ắp,ꪀꪤ꪿ꪱꪀ ꪀꪤ꪿ꪱꪀ,True
quang chênh,ꪀꪤ꪿ꪱꪀ ꪀꪤ꪿ꪱꪀ,True
nhố nhăng,ꪀꪤ꫁ꪱꪣ ꪀꪤꪳꪀ,False
nhố mỏm,ꪀꪤ꫁ꪱꪣ ꪀꪤꪳꪀ,True
lông bông,ꪁꪥꪱꪚ ꪹꪁꪷ꪿ ꪹꪥꪷ,False
dớp bông,ꪁꪥꪱꪚ ꪹꪁꪷ꪿ ꪹꪥꪷ,True
lông vong,ꪁꪥꪱꪚ ꪹꪁꪷ꪿ ꪶꪔꪙ,True
luôn chân luôn tay,ꪀꪤꪰꪒ ꪀꪤ꫁ꪮꪥ,False
luôn chân luôn sá,ꪀꪤꪰꪒ ꪀꪤ꫁ꪮꪥ,True
"lăng xăng, xăng xít",ꪀꪤ꫁ꪮꪥ ꪀꪤꪲꪒ,False
"lăng xăng, chầm xít",ꪀꪤ꫁ꪮꪥ ꪀꪤꪲꪒ,True
"nhăng xăng, xăng xít",ꪀꪤ꫁ꪮꪥ ꪀꪤꪲꪒ,True
"lon ton, con cón",ꪀꪤ꫁ꪮꪥ ꪀꪤ꫁ꪮꪥ,False
vượn,ꪀꪒꪱꪀ,False
cóng,ꪀꪒ꫁ꪱꪉ,False
cứng đờ,ꪀꪒ꫁ꪱꪉ ꪶꪄꪙ ꪶꪄ,False
cứng đờ,ꪀꪒ꫁ꪱꪉ ꪶꪄꪙ ꪐꪮꪀ,True
cứng đờ,ꪀꪒ꫁ꪱꪉ ꪘꪸꪉ ꪶꪄ,True
"khô, khô khốc",ꪵꪀꪒ꫁ꪉ,False
"khô, nịnh khốc",ꪵꪀꪒ꫁ꪉ,True
khô không khốc,ꪵꪀꪒ꫁ꪉ ꪀꪒꪲꪒ,False
huyết lươm khốc,ꪵꪀꪒ꫁ꪉ ꪀꪒꪲꪒ,True
mất hút,ꪀꪒꪾ꫁,False
"mất quặn,",ꪀꪒꪾ꫁,True
nguội,ꪀꪒ꫁ꪱꪉ,False
gùi,ꪀꪒꪴ꪿ꪉ,False
"góp vui, tán vui",ꪊꪱ,False
"góp vui, tán vui",ꪏꪷ꫁,True
"nó, vui, rẫm vui",ꪊꪱ,True
lăng xăng,ꪁꪩꪰꪉ ꪁꪩꪱꪒ,False
"lăng hầu,",ꪁꪩꪰꪉ ꪁꪩꪱꪒ,True
lao,ꪁꪩꪰ꪿ꪉ,False
óng,ꪁꪩꪰ꪿ꪉ,True
xó,ꪁꪩꪷ꫁,False
bông lơn,ꪁꪩꪷ꫁,False
"khóc, lơn",ꪁꪩꪷ꫁,True
xó xỉnh,ꪁꪩꪷ꫁ ꪶꪁꪩ꫁ꪀ,False
xó xỉnh,ꪀꪤꪲꪒ ꪶꪁꪩ꫁ꪀ,True
trơ,ꪁꪩ꫁ꪮꪀ,False
tót,ꪀꪨ꫁ꪮꪥ,False
tọt,ꪀꪨ꫁ꪮꪥ,False
"trơ trơ, nhơn nhơn",ꪁꪩꪷ꫁,False
dẫn xác,ꪁꪩꪷ꪿,False
dẫn xác,ꪶꪋ꫁,True
lợn cợn,ꪁꪩ꪿ꪮꪙ ꪵꪁꪩ꪿ꪙ,False
lợn nghỉ,ꪝ꪿ꪱꪥ ꪵꪁꪩ꪿ꪙ,True
lợn chím,ꪁꪩ꪿ꪮꪙ ꪵꪁꪩ꪿ꪙ,True
lọt thỏm,ꪁꪩꪮꪒ,False
lọt trẩu,ꪁꪩꪮꪒ,True
lọt oải,ꪁꪩꪮꪒ,True
tòi,ꪁꪩꪮꪒ,False
"giăng,",ꪁꪩꪮꪒ,True
"sổng miệng, sổng mồm",ꪁꪩꪮꪒ ꪶꪎꪚ,False
sổng phềnh sổng mồm,ꪁꪩꪮꪒ ꪶꪎꪚ,True
vật dài hình lăng trụ,ꪶꪁꪩ꪿,False
tráo trưng,ꪶꪁꪩ꫁ ꪹꪁꪸꪩ꫁,False
lổn nhổn,ꪶꪁꪩ꪿ꪙ ꪹꪁꪸꪩ꪿ꪙ,False
săn,ꪶꪁꪩ꪿ꪙ ꪶꪁꪩ꪿ꪙ,False
tọt,ꪶꪁꪩꪒ,False
bụa,ꪶꪁꪩꪒ,True
"ấn,",ꪶꪁꪩꪒ,True
óc trâu,ꪶꪁꪩ꪿ꪙ ꪹꪁꪸꪩ꪿ꪙ,False
óc thiển,ꪶꪁꪩ꪿ꪙ ꪹꪁꪸꪩ꪿ꪙ,True
óc trâu,ꪶꪁꪩ꪿ꪙ ꪏꪷ꫁,True
buột miệng,ꪶꪁꪩꪒ,False
"đẽo, miệng",ꪶꪁꪩꪒ,True
te te,ꪹꪀꪷ꪿ꪨꪀ ꪹꪮꪷ꪿ꪀ,False
"bấn, te",ꪹꪀꪷ꪿ꪨꪀ ꪹꪢꪒ,True
nưa,ꪀꪨꪴ꪿ꪀ ꪹꪀꪨ,False
"gảy,",ꪀꪨꪴ꪿ꪀ ꪹꪀꪨ,True
nưa,ꪵꪝ꫁ ꪵꪭ꫁ꪀ,True
lô xô,ꪀꪨꪺꪙ ꪀꪨꪺꪙ,False
"lấc cấc, nhâng nháo",ꪁꪩꪳꪒ ꪁꪩꪰ꪿ꪉ,False
"lấc cấc, nhâng nháo",ꪁꪩꪳꪒ ꪹꪝꪷꪚ,True
"gô cấc, nhâng nháo",ꪁꪩꪳꪒ ꪁꪩꪰ꪿ꪉ,True
thóp,ꪁꪣ꪿ꪮꪣ,False
tróm trém,ꪁꪣꪴ꫁ꪣ ꪁꪣꪴ꫁ꪣ,False
chỗ dày nhất của dạ dày trâu bò,ꪁꪙꪱ ꪘꪱ,False
"thơm, dày nhất của ong dày trâu bò",ꪁꪙꪱ ꪄꪸꪀ,True
chỗ dày cú của dạ dày trâu bò,ꪁꪙꪱ ꪘꪱ,True
cù,ꪵꪀꪘ꪿ꪀ,False
lưới,ꪁꪙꪱꪚ,False
níp,ꪀꪘꪲꪚ,False
"khuỷu chân, khoeo",ꪁꪙ꪿ꪮꪉ,False
khuỷu khén khoeo,ꪁꪙ꪿ꪮꪉ,True
khuỵu,ꪁꪙ꪿ꪮꪉ ꪤꪮꪀ,False
"thường,",ꪹꪎ꪿ ꪤꪮꪀ,True
cây,ꪀꪷ,False
cây phướn,ꪀꪷ ꪵꪭ꪿ꪫ,False
"tròng, phướn",ꪀꪷ ꪏꪳ꫁ꪙ,True
bồ câu,ꪀꪷ ꪵꪀ,False
bồ câu,ꪀꪷ ꪚꪮꪚ,True
chuyền đưa,ꪊ꪿ꪱꪙ ꪵꪀ,True
láu cá,ꪀꪷ ꪵꪀ,False
cây cối,ꪀꪷ ꪼꪣ꫁,False
"lẽ, cối",ꪀꪷ ꪼꪣ꫁,True
cây cỏ,ꪀꪷ ꪐ꫁ꪱ,False
giẻ,ꪀꪷ꪿,False
phức,ꪀꪷ꪿,True
nhen,ꪀꪷ꪿,False
chưng,ꪀꪷ꪿,True
chóe,ꪀꪷ꪿,True
"nhen nhúm, nhóm, khởi công",ꪀꪷ꪿,False
chớm,ꪀꪷ꪿,False
vấn,ꪀꪷ꪿,True
chớm nở,ꪀꪷ꪿ ꪶꪀ꪿ꪀ,False
xồng nở,ꪀꪷ꪿ ꪶꪀ꪿ꪀ,True
"hoài thai, chớm có thai",ꪀꪷ꪿ ꪣꪲ,False
hoài chảy chớm có thai,ꪹꪀꪱ꫁ ꪕꪴ꫁ꪉ,True
"cống, thai, chớm có thai",ꪀꪷ꪿ ꪣꪲ,True
kẽ nách,ꪀꪷ꪿ ꪎ꫁ꪱꪉ,False
"thớ kếch,",ꪀꪷ꪿ ꪎ꫁ꪱꪉ,True
kẽ nách,ꪬꪴ꪿ꪣ ꪎ꫁ꪱꪉ,True
đốt,ꪀꪷ꫁,False
đốt,ꪁ꪿ꪫꪱꪉ,True
địch,ꪀꪷ꫁,False
địch,ꪎ꫁ꪺꪥ,True
cái bật cung,ꪀꪷ꫁ ꪶꪀꪉ,False
trục ngang cái cán bông quay tay,ꪀꪷ꫁ ꪮꪲ꫁ꪫ,False
"nhiếc ngang cái mạng đĩ, quay tay",ꪀꪷ꫁ ꪹꪖ꫁ꪱ,True
đốt trúc để quay guồng xa kéo sợi,ꪀꪷ꫁ ꪼꪙ,False
đốt trúc để đi guồng bệ kéo sợi,ꪀꪷ꫁ ꪼꪙ,True
ống dẫn nước,ꪀꪷ꫁ ꪙꪾ꫁,False
tuốt dẫn nước,ꪀꪷ꫁ ꪙꪾ꫁,True
ống,ꪀꪷ꫁,False
cổ,ꪁꪷ,False
cổ,ꪶꪑꪉ,True
cuống,ꪁꪷ,False
cuống,ꪵꪜꪘ꫁ꪫ,True
ngáy,ꪁꪷ ꪶꪀꪙ,False
"khàn cổ, khản cổ",ꪁꪷ ꪵꪬꪚ,False
"ôi, cổ, khản cổ",ꪁꪷ ꪵꪬꪚ,True
"khàn cổ, khản cổ",ꪙꪱꪙ ꪵꪬꪚ,True
cổ họng,ꪁꪷ ꪬꪮꪥ,False
vục họng,ꪵꪄꪉ ꪶꪊꪒ,True
lạc giọng,ꪁꪷ ꪄꪫꪱ,False
phất giọng,ꪁꪷ ꪄꪫꪱ,True
khen giọng,ꪹꪨꪸꪙ ꪄꪫꪱ,True
cổ bồng,ꪁꪷ ꪀꪲ꪿ꪫ,False
hám bồng,ꪁꪷ ꪀꪲ꪿ꪫ,True
mạch nước,ꪁꪷ ꪙꪾ꫁,False
"cổ, cườm",ꪁꪷ꪿,False
"cổ, thình,",ꪁꪷ꪿,True
cổ chân,ꪁꪷ꪿ ꪵꪁ꪿ꪉ,False
dự chân,ꪁꪷ꪿ ꪵꪁ꪿ꪉ,True
"ống xương, lồng xương",ꪁꪷ꪿ ꪒꪴꪀ,False
"giết, tầng lồng xương",ꪹꪮꪒ ꪒꪴꪀ,True
"ống xương, lồng xương",ꪏ꪿ꪱꪣ ꪒꪴꪀ,True
khớp,ꪁꪷ꪿ ꪵꪁꪀ,False
cọ,ꪁꪷ꫁,False
cọ,ꪵꪪ,True
"rặc,",ꪁꪷ꫁,True
"cũng, đều",ꪁꪷ꫁,False
thế,ꪁꪷ꫁,False
cũng thể,ꪁꪷ꫁,False
"cũng thế, cũng vậy",ꪁꪷ꫁ ꪹꪋꪸ꫁ꪙ,False
"cũng thế, cũng dương",ꪬ꫁ꪽ ꪹꪋꪸ꫁ꪙ,True
một mực,ꪁꪷ꫁ ꪵꪁ꫁,False
cũng như,ꪁꪷ꫁ ꪵꪜꪀ,False
"cốc, củng",ꪀ꪿ꪮꪀ,False
lọc cọc,ꪁ꫁ꪮꪀ ꪵꪁ꫁ꪀ,False
cộc cộc,ꪁ꫁ꪮꪀ ꪁ꫁ꪮꪀ,False
quê lãnh,ꪁ꫁ꪮꪀ ꪁ꫁ꪮꪀ,True
đã,ꪁꪷ꫁,False
gỏi,ꪀ꫁ꪮꪥ,False
gỏi sinh cầm,ꪀ꫁ꪮꪥ ꪹꪁꪷꪣ,False
"gỏi cấp, cầm",ꪀ꫁ꪮꪥ ꪹꪁꪷꪣ,True
"khẽ, se sẽ, khe khẽ",ꪁ꪿ꪮꪥ,False
"giỡ, se sẽ, khe khẽ",ꪁ꪿ꪮꪥ,True
"khẽ, se nê lạy khẽ",ꪠ꪿ꪱꪫ,True
"từ từ, thong thả",ꪁ꪿ꪮꪥ,False
từ hục hển thả,ꪁ꪿ꪮꪥ,True
"khoan, thư thả",ꪁ꪿ꪮꪥ,False
mở thư thả,ꪁ꪿ꪮꪥ,True
hãy,ꪁ꪿ꪮꪥ,False
chuồng,ꪁꪮꪀ,False
"bỉm,",ꪁꪮꪀ,True
chuồng,ꪀꪺꪀ,True
"quặp, khum",ꪀꪮꪣ,False
ru,ꪀ꪿ꪮꪣ,False
lẩn,ꪀ꪿ꪮꪣ ꪀ꫁ꪮꪥ,False
"đoản, đoạn",ꪀ꫁ꪮꪣ,False
vụn,ꪀ꫁ꪮꪣ ꪵꪀ꫁ꪣ,False
vụn,ꪮꪾ꫁ ꪵꪀ꫁ꪣ,True
vụn,ꪤꪷ꪿ ꪵꪀ꫁ꪣ,True
"cộc cỡn, cũn cỡn",ꪀ꫁ꪮꪣ ꪀꪲꪒ,False
"cộc cỡn, cũn cỡn",ꪔ꪿ꪮꪥ ꪀꪲꪒ,True
mòn,ꪁ꪿ꪮꪣ,False
bẫy hình chuồng,ꪁꪮꪀ,False
cộc,ꪀ꫁ꪮꪣ,False
"lả, ngả",ꪁ꫁ꪮꪣ,False
rui,ꪀꪮꪙ,False
cài then,ꪀꪮꪙ,False
cài then,ꪕꪮꪥ,True
tập hậu,ꪀꪮꪙ ꪨꪰꪉ,False
trước,ꪀ꪿ꪮꪙ,False
kia,ꪀ꪿ꪮꪙ,False
kia,ꪥ꫁ꪱꪉ,True
trước khi,ꪀ꪿ꪮꪙ ꪹꪋꪷ,False
trước chóp,ꪀ꪿ꪮꪙ ꪹꪋꪷ,True
trước đây,ꪀ꪿ꪮꪙ ꪬ꫁ꪽ,False
"bần, đây",ꪀ꪿ꪮꪙ ꪬ꫁ꪽ,True
trước sau,ꪀ꪿ꪮꪙ ꪨꪰꪉ,False
trước sau,ꪀ꪿ꪮꪙ ꪑꪲꪉ,True
trước kia,ꪀ꪿ꪮꪙ ꪙ꫁ꪽ,False
cục,ꪀ꫁ꪮꪙ,False
chiếc,ꪀ꫁ꪮꪙ,False
giường,ꪵꪀ꪿ꪀ,True
vón,ꪀ꫁ꪮꪙ,False
già,ꪀ꫁ꪮꪙ,True
bòn,ꪀ꫁ꪮꪙ,False
bòn,ꪋꪱꪙ,True
bòn,ꪁꪩ꫁ꪮꪀ,True
bòn của,ꪀ꫁ꪮꪙ ꪹꪋ꪿꪿ꪉ,False
truất của,ꪀ꫁ꪮꪙ ꪹꪋ꪿꪿ꪉ,True
co quắm,ꪀ꫁ꪮꪙ ꪀꪮꪀ,False
co rộn,ꪀ꫁ꪮꪙ ꪀꪮꪀ,True
co mới,ꪀ꫁ꪮꪙ ꪀꪮꪀ,True
"bòn rút, bóc xén",ꪀ꫁ꪮꪙ ꪀꪮꪀ,False
đúng chuyên bóc xén,ꪀ꫁ꪮꪙ ꪀꪮꪀ,True
còn,ꪁꪮꪙ,False
"sông,",ꪁꪮꪙ,True
nhánh,ꪁꪮꪙ,False
chỗ ngủ của chim muông,ꪁꪮꪙ,False
chỗ than của chim muông,ꪁꪮꪙ,True
chỗ ngủ xệch chim ọc,ꪁꪮꪙ,True
quảy,ꪁꪮꪙ,False
long,ꪁꪮꪙ,False
sẩy,ꪹꪜꪸ꫁,True
nuôi gà để chọi,ꪁꪮꪙ,False
còn vòng,ꪁꪮꪙ ꪫꪮꪉ,False
còn đứt,ꪁꪮꪙ ꪫꪮꪉ,True
lung lay,ꪁꪮꪙ ꪔꪘ꪿ꪮꪥ ꪔꪘ꪿ꪮꪥ,False
"lung nhúc,",ꪁꪮꪙ ꪔꪘ꪿ꪮꪥ ꪔꪘ꪿ꪮꪥ,True
cáu,ꪁ꪿ꪮꪙ,False
cáu,ꪏꪮꪀ,True
rộm,ꪁ꪿ꪮꪙ,False
gậy,ꪁ꫁ꪮꪙ,False
gậy đập lúa,ꪁ꫁ꪮꪙ ꪹꪄ꫁ꪱ,False
ngóng đập lúa,ꪁ꫁ꪮꪙ ꪹꪄ꫁ꪱ,True
"búa, búa tay, búa đinh",ꪁ꫁ꪮꪙ ꪔꪲ,False
"búa, búa tay, anh đinh",ꪁ꫁ꪮꪙ ꪔꪲ,True
vồ,ꪁ꫁ꪮꪙ ꪹꪕꪷꪣꪙ,False
dùi đục,ꪁ꫁ꪮꪙ ꪔꪮꪀ ꪎꪲ꪿ꪫ,False
"dùi phèo,",ꪁ꫁ꪮꪙ ꪔꪮꪀ ꪎꪲ꪿ꪫ,True
dùi đục,ꪁ꫁ꪮꪙ ꪔꪮꪀ ꪣ꪿ꪱ,True
trống to và dài,ꪀꪮꪉ,False
tranh; to và dài,ꪤ꫁ꪱꪣ,True
"đống, đụn",ꪀꪮꪉ,False
"đống, xơi",ꪀꪮꪉ,True
suất,ꪀꪮꪉ,False
đánh đống,ꪀꪮꪉ,False
"cung, đác",ꪀꪮꪉ,True
cong,ꪀꪮꪉ,False
cong,ꪮꪲ꪿ꪣ,True
chổng mông,ꪀꪮꪉ ꪶꪀ꫁ꪙ,False
chồng đống,ꪀꪮꪉ ꪹꪮꪸ꫁ ꪹꪐꪸ꫁,False
chồng đống,ꪡꪳꪙ ꪹꪮꪸ꫁ ꪹꪐꪸ꫁,True
"rác, bớn",ꪀꪮꪉ ꪭ꫁ꪱ,False
hàng đống,ꪀꪮꪉ ꪹꪅꪸ꫁ꪀ,False
"lay lắt, vạ vật",ꪀꪮꪉ ꪅꪩꪳ꪿ꪙ,False
"lay sò, vạ vật",ꪀꪮꪉ ꪅꪩꪳ꪿ꪙ,True
"lay lắt, vạ mo,",ꪀꪮꪉ ꪅꪩꪳ꪿ꪙ,True
thi hài còn quàn lại,ꪀꪮꪉ ꪜꪱꪉ,False
"thi ngẫng còn quàn xác,",ꪀꪮꪉ ꪜꪱꪉ,True
tro hài,ꪀꪮꪉ ꪡꪮꪙ,False
tro chiếng,ꪀꪮꪉ ꪡꪮꪙ,True
"xây lưng, quay lưng",ꪀꪮꪉ ꪎꪨꪰꪉ,False
"xây lưng, nếm lưng",ꪀꪮꪉ ꪅꪑꪮꪀ,True
"xoang lưng, quay lưng",ꪀꪮꪉ ꪎꪨꪰꪉ,True
võng,ꪀ꪿ꪮꪉ,False
đầu rượu,ꪀ꪿ꪮꪉ ꪹꪨ꫁ꪱ,False
ống,ꪀ꫁ꪮꪉ,False
"gầm, gậm",ꪀ꫁ꪮꪉ,False
sức gậm,ꪀ꫁ꪮꪉ,True
giã trợt xay,ꪀ꫁ꪮꪉ,False
giã trợt chết,ꪹꪤꪷꪉ,True
ống phốc,ꪀ꫁ꪮꪉ ꪶꪀꪔꪚ,False
"móc, phốc",ꪀ꫁ꪮꪉ ꪶꪀꪔꪚ,True
ống xá,ꪀ꫁ꪮꪉ ꪶꪀꪔꪚ,True
ống để cuốn sợi chỉ,ꪀ꫁ꪮꪉ ꪨꪮꪒ,False
trải húc thòi sợi chỉ,ꪀ꫁ꪮꪉ ꪵꪡꪀ,True
ống để cuốn lạ chỉ,ꪀ꫁ꪮꪉ ꪨꪮꪒ,True
ống thổi,ꪀ꫁ꪮꪉ ꪹꪜ꪿ꪱ,False
câu thổi,ꪀ꫁ꪮꪉ ꪯꪸ,True
gầm trời,ꪀ꫁ꪮꪉ ꪡ꫁ꪱ,False
tù và,ꪀ꫁ꪮꪉ ꪀꪴꪒ,False
tù lén,ꪀ꫁ꪮꪉ ꪀꪴꪒ,True
"đùi, nhăn",ꪀ꫁ꪮꪉ ꪀꪴꪒ,True
"trĩu, ẻo",ꪀ꪿ꪮꪉ,False
"sáng, ẻo",ꪀ꪿ꪮꪉ,True
dưới,ꪀ꫁ꪮꪉ,False
ống thụt,ꪀ꫁ꪮꪉ ꪎꪲꪒ,False
"liệm, thụt",ꪀ꫁ꪮꪉ ꪎꪲꪒ,True
ống nhòm,ꪀ꫁ꪮꪉ ꪎ꪿ꪮꪉ,False
mong,ꪁꪮꪉ,False
kí,ꪁꪮꪉ,True
sụm,ꪁꪮꪉ,True
"mong chờ, ngong ngóng",ꪁꪮꪉ ꪬꪱ,False
mong mèn dành ngóng,ꪁꪮꪉ ꪤ꫁ꪱꪫ,True
mong mỏi,ꪁꪮꪉ ꪩꪷ ꪩꪷ,False
quý mỏi,ꪁꪮꪉ ꪩꪷ ꪩꪷ,True
mong đợi,ꪁꪮꪉ ꪖ꫁ꪱ,False
mong nhở,ꪁꪮꪉ ꪖ꫁ꪱ,True
"mong ước, ước mong",ꪁꪮꪉ ꪕꪷ꪿,False
"dẩy ước, ước mong",ꪁꪮꪉ ꪹꪗꪷ꫁ꪣ,True
"chiêng, cồng",ꪁ꫁ꪮꪉ,False
"chiêng, cồng",ꪁꪱꪫ,True
trống cơm,ꪁ꫁ꪮꪉ ꪚꪰ꫁ꪉ,False
nhạn cơm,ꪁ꫁ꪮꪉ ꪚꪰ꫁ꪉ,True
chiêng cái,ꪁ꫁ꪮꪉ ꪵꪣ꪿,False
chiêng bẹp,ꪁ꫁ꪮꪉ ꪵꪣ꪿,True
ý cái,ꪁ꫁ꪮꪉ ꪜ꫁ꪮꪙ,True
chiêng nhỏ,ꪁ꫁ꪮꪉ ꪝꪷ꪿,False
"cạp, viền, mép",ꪀꪮꪚ,False
"cạp, nức, viền",ꪀꪮꪚ,False
"cạp, nức, viền",ꪖꪲ꫁ꪣ,True
"vốc, núm",ꪀꪮꪚ,False
"góp, cóp",ꪀꪮꪚ,False
vốc,ꪀꪮꪚ,False
hùn,ꪀꪮꪚ,False
pha,ꪀꪮꪚ,True
rục,ꪚꪮꪉ,True
"gom góp, cóp nhặt",ꪀꪮꪚ ꪡꪱꪥ,False
"phễu góp, cóp nhặt",ꪹꪎꪉ ꪡꪱꪥ,True
"trữ góp, cóp nhặt",ꪀꪮꪚ ꪡꪱꪥ,True
lượt,ꪁꪮꪚ,False
xuể,ꪁꪮꪚ,False
chớm,ꪁꪮꪚ,True
lọm cọm,ꪁꪮꪚ ꪁꪮꪚ,False
cọm rọm,ꪁꪮꪚ ꪁꪮꪚ,False
"cọm dúm,",ꪁꪮꪚ ꪁꪮꪚ,True
"cọm cởi,",ꪁꪮꪚ ꪁꪮꪚ,True
quay vòng,ꪁꪮꪚ ꪁ꪿ꪺꪥ,False
quay gái,ꪁꪮꪚ ꪁ꪿ꪺꪥ,True
"quay nhởn,",ꪁꪮꪚ ꪁ꪿ꪺꪥ,True
trả lời dứt khoát,ꪁꪮꪚ ꪁꪫꪱꪣ,False
trả lời dứt khoát,ꪔꪱꪣ ꪶꪣ꫁ꪣ,True
trả lời dứt khoát,ꪁꪮꪚ ꪐ꫁ꪱ,True
chúc tụng,ꪀꪮꪚ ꪡꪱꪥ,False
còm cọm,ꪁꪮꪚ ꪁꪮꪚ,False
còm cọm,ꪔꪮꪣ ꪶꪊꪉ,True
ôm,ꪀꪮꪒ,False
"phùng,",ꪀꪮꪒ,True
ôm ấp,ꪀꪮꪒ ꪝꪽ,False
"dựng, cù,",ꪀꪮꪒ ꪝꪽ,True
ấp ủ,ꪀꪮꪒ ꪮꪴ꫁ꪣ,False
ấp ủ,ꪀꪮꪒ ꪭꪫꪱꪀ,True
trợt lớt,ꪁꪮꪒ,False
vét,ꪁꪮꪒ,False
"nạo, gọt",ꪁꪮꪒ,False
chót gọt,ꪁꪮꪒ,True
vét sạch,ꪁꪮꪒ ꪁ꫁ꪮꪥ,False
"ráo, ráo hảnh",ꪁꪮꪒ ꪁ꫁ꪮꪥ,False
"bần, ráo hảnh",ꪁꪮꪒ ꪹꪎꪸꪒ,True
"moi móc,",ꪁꪮꪒ ꪁ꫁ꪮꪥ,False
"moi móc,",ꪁꪮꪒ ꪝ꫁ꪱꪫ,True
"cót két, cọt kẹt",ꪁꪮꪒ ꪵꪁꪒ,False
"phách két, te kẹt",ꪁꪮꪒ ꪵꪁꪒ,True
"cót két, cọt dịp",ꪁꪮꪒ ꪵꪁꪒ,True
nạo tiền,ꪁꪮꪒ ꪹꪉꪷꪙ,False
nạo tiền,ꪁꪮꪒ ꪹꪘꪀ,True
"cố, rán, rốn",ꪶꪀ꪿,False
khúc,ꪶꪁ꪿,False
cỗ,ꪶꪁ꫁,False
"gốc, cội, cỗi",ꪶꪀ꪿ꪀ,False
"gốc, cội, bầy",ꪶꪀ꪿ꪀ,True
"vốn, gốc",ꪶꪀ꪿ꪀ,False
thọt gốc,ꪶꪀ꪿ꪀ,True
"vốn, gốc",ꪩ꪿ꪱꪫ,True
cả,ꪶꪀ꪿ꪀ,False
đầu,ꪶꪀ꪿ꪀ,False
đầu,ꪁꪩꪮꪒ,True
đứng đầu,ꪶꪀ꪿ꪀ,False
đứng đều,ꪶꪀ꪿ꪀ,True
cốc,ꪶꪀ꪿ꪀ,False
cốp,ꪶꪀ꪿ꪀ,False
gáy,ꪶꪀ꪿ꪀ ꪶꪀꪨ꫁ꪙ,False
khấu đuôi,ꪶꪀ꪿ꪀ ꪬꪱꪉ,False
"khấu lùn,",ꪶꪀ꪿ꪀ ꪮꪫꪱꪙ,True
khấu đỗi,ꪶꪀ꪿ꪀ ꪄꪺꪒ,True
"thu thập, thu nhặt",ꪶꪀ꪿ꪀ ꪬꪮꪣ,False
"ạch thập, thu nhặt",ꪶꪀ꪿ꪀ ꪬꪮꪣ,True
mang tai,ꪶꪀ꪿ꪀ ꪬꪴ,False
mang tai,ꪶꪮꪒ ꪥꪲ꪿,True
mang ngoẵng,ꪶꪀ꪿ꪀ ꪬꪴ,True
chân răng,ꪶꪀ꪿ꪀ ꪹꪬꪀ,False
"gốc gác, gốc tích",ꪶꪀ꪿ꪀ ꪵꪀ꪿ꪙ,False
bẹn,ꪶꪀ꪿ꪀ ꪄꪱ,False
đầu cánh tay,ꪶꪀ꪿ꪀ ꪵꪄꪙ,False
đầu tiên,ꪶꪀ꪿ꪀ ꪵꪅꪫꪀ,False
đầu tiên,ꪶꪀ꪿ꪀ ꪄꪫꪸꪙ,True
đầu não,ꪶꪀ꪿ꪀ ꪀꪷ,False
cốt lõi,ꪶꪀ꪿ꪀ ꪵꪀ꪿ꪙ,False
"viền, lõi",ꪶꪀ꪿ꪀ ꪵꪀ꪿ꪙ,True
ban đầu,ꪶꪀ꪿ꪀ ꪵꪅꪫꪀ,False
cuống lưỡi,ꪶꪀ꪿ꪀ ꪩꪲ꫁ꪙ,False
cuống lọi,ꪶꪀ꪿ꪀ ꪔꪲ꪿ꪉ,True
cuống quen,ꪶꪀ꪿ꪀ ꪩꪲ꫁ꪙ,True
"đầu đuôi, cỗi ngọn",ꪶꪀ꪿ꪀ ꪜꪱꪥ,False
"đầu đuôi, cỗi ngọn",ꪐꪽ ꪜꪱꪥ,True
"chân tóc, chân tơ",ꪶꪀ꪿ꪀ ꪶꪠꪣ,False
cộc,ꪶꪁ꫁ꪀ,False
cợ,ꪶꪁ꫁ꪀ,True
cồng cộc,ꪶꪁ꫁ꪀ ꪶꪁ꫁ꪀ,False
nhễ cộc,ꪠꪱꪀ ꪶꪁ꫁ꪀ,True
lộc cộc,ꪶꪁ꫁ꪀ ꪹꪁꪸ꫁ꪀ,False
lộc cộc,ꪶꪁ꫁ꪀ ꪁꪳꪙ,True
mông,ꪶꪀꪥ,False
đá,ꪶꪀ꪿ꪥ,False
đá văng,ꪶꪀ꪿ꪥ ꪗꪲ꫁,False
đá dom,ꪶꪀ꪿ꪥ ꪗꪲ꫁,True
đá văng,ꪶꪀ꪿ꪥ ꪔꪽ,True
sai khớp,ꪶꪁꪀ,False
"hạt, khớp",ꪶꪁꪀ,True
tròn,ꪶꪀꪣ,False
"chửng, trọn",ꪶꪀꪣ,False
"chửng, thò,",ꪶꪀꪣ,True
tròn trĩnh,ꪶꪀꪣ ꪮꪘꪴ꪿ꪣ,False
"lạnh, trĩnh",ꪶꪀꪣ ꪮꪘꪴ꪿ꪣ,True
tròn chiều,ꪶꪀꪣ ꪐꪱꪫ,True
cúi,ꪶꪀ꫁ꪣ,False
kín,ꪶꪀ꫁ꪣ,False
"xấp, gấp bội",ꪶꪀ꫁ꪣ,False
"xấp, gấp bội",ꪜꪲ꪿,True
"đủ để bao, để nuôi",ꪶꪀ꫁ꪣ,False
"đủ để bao, độc, nuôi",ꪶꪀ꫁ꪣ,True
khum khum,ꪶꪀꪣ,False
khum khum,ꪵꪏꪉ,True
hoà vốn,ꪶꪀ꫁ꪣ ꪶꪀ꪿ꪀ,False
"éo, vốn",ꪶꪀ꫁ꪣ ꪶꪀ꪿ꪀ,True
cúi đầu,ꪶꪀ꫁ꪣ ꪬꪺ,False
đủ sống,ꪶꪀ꫁ꪣ ꪶꪎꪚ,False
"hắng, sống",ꪶꪀ꫁ꪣ ꪶꪎꪚ,True
"cùm, tróng",ꪶꪁꪣ,False
lưỡi,ꪶꪁꪣ,False
cặp,ꪶꪁꪣ,False
cặp,ꪔꪴꪚ,True
gông cùm,ꪶꪁꪣ ꪁꪱ,False
"gông nhoét,",ꪶꪁꪣ ꪁꪱ,True
cùm,ꪶꪁꪣ,False
dọng,ꪶꪁꪣ,True
lưỡi sắc,ꪶꪁꪣ,False
phủ,ꪶꪁꪣ,False
lưỡi sắc,ꪶꪁꪣ ꪀꪾ꪿,False
snăn lêu,ꪀꪤꪰꪒ ꪀꪾ꪿,True
sắc lẹm,ꪶꪁꪣ ꪤꪲꪒ ꪤꪲꪒ,False
hốc; bộng,ꪶꪀꪙ,False
hốc; bộng,ꪹꪨꪱ꪿,True
đõ,ꪶꪀꪙ,False
đõ,ꪤ꪿ꪮꪥ,True
ổ,ꪶꪀꪙ,False
hóp,ꪶꪀꪙ,False
"trừng,",ꪶꪀꪙ,True
Ổ mắt,ꪶꪀꪙ ꪔꪱ,False
Ổ lòn,ꪶꪀꪙ ꪔꪱ,True
Ổ vạt,ꪶꪀꪙ ꪔꪱ,True
nhổ,ꪶꪀ꪿ꪙ,False
tẩm bổ,ꪶꪀ꪿ꪙ,False
cưỡi bổ,ꪜꪴ,True
đít,ꪶꪀ꫁ꪙ,False
"choi trôn, đít eo, mông móp",ꪶꪀ꫁ꪙ ꪊꪮꪥ,False
"choi trôn, đít eo, giát móp",ꪶꪀ꫁ꪙ ꪊꪮꪥ,True
đít đoi,ꪶꪀ꫁ꪙ ꪀꪮꪥ,False
"xảm, đoi",ꪶꪀ꫁ꪙ ꪀꪮꪥ,True
lòi dom,ꪶꪀ꫁ꪙ ꪵꪣꪙ,False
tưởng dom,ꪶꪀ꫁ꪙ ꪵꪣꪙ,True
ngã ngửa ra,ꪶꪀ꫁ꪙ ꪕꪰ꪿ꪉ ꪋ꫁ꪱꪀ,False
oán ngửa ra,ꪶꪀ꫁ꪙ ꪕꪰ꪿ꪉ ꪋ꫁ꪱꪀ,True
lỗ thông khói,ꪶꪀ꫁ꪙ ꪕꪴ,False
lỗ thông khói,ꪵꪏꪒ ꪕꪴ,True
người,ꪶꪁꪙ,False
quấy,ꪶꪁꪙ,False
quấy,ꪥꪸꪙ,True
người làm,ꪶꪁꪙ ꪊ꫁ꪱꪉ,False
người thừa,ꪶꪁꪙ ꪬꪴꪒ,True
trôn,ꪶꪀ꫁ꪙ,False
đáy,ꪶꪀ꫁ꪙ,False
nứng,ꪶꪀ꫁ꪙ,True
"lao công, tạp vụ, đầu sai",ꪶꪁꪙ ꪻꪋ꫁,False
"lao công, tạp vụ, đầu sai",ꪶꪁꪙ ꪏ꪿ꪱꪣ,True
tay trong,ꪶꪁꪙ ꪀꪺꪉ,False
tay Ếch,ꪶꪁꪙ ꪥꪾ,True
"tay cấp,",ꪶꪁꪙ ꪀꪺꪉ,True
người ở,ꪶꪁꪙ ꪹꪭꪙ,False
kẻ cả,ꪶꪁꪙ ꪵꪀ꪿,False
nhiếc oắt,ꪶꪁꪙ ꪵꪀ꪿,True
"người dưng, người xa lạ",ꪶꪁꪙ ꪹꪝ꪿ꪙ,False
"hồi dưng, người xa lạ",ꪶꪁꪙ ꪹꪝ꪿ꪙ,True
"người dưng, người xa lạ",ꪀꪫꪱꪒ ꪹꪝ꪿ꪙ,True
trộn lẫn,ꪶꪁꪙ ꪁꪫꪱ,False
đấy lẫn,ꪶꪁꪙ ꪁꪫꪱ,True
vấn lẫn,ꪎꪱꪥ ꪁꪫꪱ,True
đậm người,ꪶꪁꪙ ꪕꪾ,False
người nhà,ꪶꪁꪙ ꪹꪭꪙ,False
người nhà,ꪋꪴ꫁ꪥ ꪹꪭꪙ,True
"lẫn lộn, trà trộn",ꪶꪁꪙ ꪁꪫꪱ,False
lẫn mão trà trộn,ꪶꪁꪙ ꪁꪫꪱ,True
bật,ꪶꪁ꪿ꪙ,False
bật tung,ꪶꪀ꪿ꪙ ꪶꪁꪩ꫁ꪀ,False
cồn,ꪶꪁ꫁ꪙ,False
cồn,ꪼꪜ꫁,True
lục,ꪶꪁ꫁ꪙ,False
móc,ꪶꪁ꫁ꪙ,True
khúc gỗ khô,ꪶꪁ꫁ꪙ ꪶꪁ꪿,False
khúc gỗ gắng,ꪶꪁ꫁ꪙ ꪶꪁ꪿,True
lục lọi,ꪶꪁ꫁ꪙ ꪹꪕꪸ,False
lục lọi,ꪶꪁ꫁ꪙ ꪊ꪿ꪱꪥ,True
cần cung,ꪶꪀꪉ,False
cần xao,ꪋꪳꪀ,True
công,ꪶꪀꪉ,False
công sức,ꪶꪀꪉ ꪵꪭꪉ,False
công sức,ꪶꪀꪉ ꪀꪺ,True
khơi gợi,ꪶꪁ꫁ꪙ,False
khơi gợi,ꪹꪎꪱ꫁,True
tái lại,ꪶꪁ꫁ꪙ,False
nhấm khạng,ꪶꪁ꫁ꪙ,True
củi lụt,ꪶꪁ꫁ꪙ ꪶꪁ꪿,False
củi bú,ꪶꪁ꫁ꪙ ꪶꪁ꪿,True
củi lụt,ꪵꪣꪉ ꪵꪭ꪿ꪫ,True
công,ꪶꪀꪉ,False
công,ꪹꪭꪀ,True
bõ công,ꪶꪀꪉ ꪵꪭꪉ,False
bươu công,ꪶꪀꪉ ꪵꪭꪉ,True
công lao,ꪶꪀꪉ ꪅꪴꪙ,False
công đức,ꪶꪀꪉ ꪉꪸ꫁,False
công ơn,ꪶꪀꪉ ꪹꪮꪷꪙ,False
hòa ơn,ꪶꪀꪉ ꪹꪮꪷꪙ,True
công ơn,ꪶꪀꪉ ꪣ꫁ꪽ,True
cái đánh sốt,ꪶꪀꪉ ꪁ꫁ꪫꪱꪉ,False
công trạng,ꪶꪀꪉ ꪕ꫁ꪱꪉ,False
gàng,ꪶꪀꪉ ꪼꪎꪨ,False
trống,ꪶꪀ꪿ꪉ,False
kém,ꪶꪀ꪿ꪉ,True
"hình cung, khum",ꪶꪀ꪿ꪉ,False
"chớm cung, khum",ꪶꪀ꪿ꪉ,True
cống,ꪶꪀ꪿ꪉ,False
lom khom,ꪶꪀ꪿ꪉ ꪶꪀꪀ,False
kênh,ꪶꪀ꪿ꪉ ꪶꪀꪉ,False
"thào,",ꪶꪀ꪿ꪉ ꪶꪀꪉ,True
thờ cúng,ꪶꪀ꪿ꪉ ꪹꪏꪷ,False
thờ cúng,ꪵꪯ꪿ ꪹꪏꪷ,True
lồng,ꪶꪁꪉ,False
nguội,ꪶꪁꪉ,True
vòng,ꪶꪁ꫁ꪉ,False
lõng,ꪶꪁ꫁ꪉ,True
vòng kiềng,ꪶꪀ꪿ꪉ,False
vòng kiềng,ꪵꪅꪙ꪿ꪉ,True
"vồng, vổng",ꪶꪀ꪿ꪉ,False
cong hình vòng cung,ꪶꪀ꪿ꪉ ꪶꪀꪉ,False
"cong ngược, vòng cung",ꪶꪀ꪿ꪉ ꪶꪀꪉ,True
cong hình vòng cung,ꪶꪀ꪿ꪉ ꪊ꪿ꪮꪥ,True
quanh,ꪶꪁ꫁ꪉ,False
ếch,ꪶꪀꪚ,False
đài,ꪶꪀꪚ,False
Ống hình máng,ꪶꪀꪚ,False
khạng hình máng,ꪶꪀꪚ,True
"Ống ngăn, máng",ꪶꪀꪚ,True
"cộp, đặt cửa",ꪶꪀꪚ,False
"cộp, nhiếp, nựng,",ꪶꪀꪚ,True
đánh cuộc,ꪶꪀꪚ,False
đánh cuộc,ꪋꪱꪉ,True
Ếch bà,ꪶꪀꪚ ꪚꪱꪥ,False
"cư, trêu",ꪶꪀꪚ ꪚꪱꪥ,True
Ếch nhái,ꪶꪀꪚ ꪄꪸꪒ,False
Ếch nhái,ꪵꪁꪒ ꪄꪸꪒ,True
"sót, nhái",ꪶꪀꪚ ꪄꪸꪒ,True
nguyệt thực,ꪶꪀꪚ ꪀꪲꪙ ꪹꪚꪙ,False
loại ếch sống tở khe lạnh,ꪶꪀꪚ ꪣꪽ,False
"loại ếch bách bà, khe Tổ",ꪶꪀꪚ ꪣꪽ,True
loại ếch nhỏ,ꪶꪀꪚ ꪢ꪿ꪮꪙ,False
"loại trả, nhỏ",ꪩ꫁ꪮꪙ ꪢ꪿ꪮꪙ,True
gấp,ꪶꪁꪚ,False
"kiêm,",ꪶꪁꪚ,True
nhân,ꪶꪁꪚ,False
dong,ꪶꪁꪚ,True
"gộp, cộp",ꪶꪁꪚ,False
kết tình,ꪶꪁꪚ ꪋꪴ꫁,False
kết tình,ꪶꪠ꪿ꪀ ꪶꪩꪒ,True
kết tình,ꪘꪲ꫁ꪉ ꪋꪴ꫁,True
cộp cộp,ꪶꪁꪚ ꪶꪁꪚ,False
người cộp,ꪶꪁꪚ ꪶꪁꪚ,True
nói lại một sự việc (tác giả),ꪶꪁꪚ ꫜ,False
ghi chép,ꪶꪀꪒ ꪚꪸꪙ,False
ghi bền,ꪶꪀꪒ ꪚꪸꪙ,True
ghi chép,ꪶꪀꪒ ꪠꪮꪒ,True
cao cát,ꪶꪀꪒ ꪶꪀꪉ,False
"trả, cát",ꪶꪀꪒ ꪶꪀꪉ,True
phượng hoàng,ꪶꪀꪒ ꪁꪾ,False
"cong, queo",ꪶꪁꪒ,False
giả dối,ꪶꪁꪒ,False
giả ươi,ꪶꪁꪒ,True
"ùng ục, ột ột",ꪶꪁꪒ ꪶꪁꪒ,False
"ùng ục, ột ột",ꪀ꫁ꪺ ꪶꪁꪒ,True
"quanh co, khúc khuỷu, quanh quéo",ꪶꪁꪒ ꪄꪷ,False
"quanh co, khúc khuỷu, quanh dạ",ꪶꪁꪒ ꪄꪷ,True
ngoằn ngoèo,ꪶꪁꪒ ꪄꪷ,False
mọ ngoèo,ꪶꪁꪒ ꪄꪷ,True
bìm bịp,ꪶꪀꪒ,False
cờ,ꪹꪁꪷ,False
cờ,ꪹꪁꪷ,False
cờ đuôi nheo,ꪹꪁꪷ ꪬꪱꪉ ꪵꪮ꪿ꪙ,False
"cờ về, nheo",ꪹꪁꪷꪝꪥ ꪬꪱꪉ ꪵꪮ꪿ꪙ,True
như,ꪹꪁꪷ꪿,False
như,ꪵꪨ,True
"nhường, dường như",ꪹꪁꪷ꪿,False
thử dường như,ꪹꪁꪷ꪿,True
dường nào,ꪹꪁꪷ꪿ ꪻꪒ,False
"như, như là",ꪹꪁꪷ꪿ ꪭꪸꪀ,False
"như, như rấn,",ꪹꪁꪷ꪿ ꪭꪸꪀ,True
như thế,ꪹꪁꪷ꪿ ꪙ꫁ꪽ,False
như thế,ꪹꪁꪷ꪿ ꪊꪱ,True
"thế, vậy",ꪹꪁꪷ꪿ ꪫ꪿ꪱ,False
khóa,ꪹꪀꪷ꪿ꪀ,False
khóa,ꪹꪘꪸ꪿ꪀ,True
cấc,ꪹꪀꪷ꪿ꪀ,False
ném,ꪹꪀꪷ꪿ꪀ,True
lắc cắc,ꪹꪀꪷ꪿ꪀ ꪹꪀꪷ꪿ꪀ,False
con cắc,ꪹꪀꪷ꪿ꪀ ꪹꪀꪷ꪿ꪀ,True
rũ,ꪹꪀꪷ꫁ꪥ,False
xếch,ꪹꪁꪷꪀ,False
cấm,ꪹꪀꪷ꪿ꪣ,False
ngăn cấm,ꪹꪀꪷ꪿ꪣ ꪈꪽ,False
ngăn cấm,ꪹꪀꪷ꪿ꪣ ꪮꪱꪀ,True
"nghiêm cấm, cấm ngặt",ꪹꪀꪷ꪿ꪣ ꪉꪰꪒ,False
bày ngây cấm ngặt,ꪹꪀꪷ꪿ꪣ ꪉꪰꪒ,True
giữ,ꪹꪁꪷꪣ,False
miếng,ꪹꪁꪷꪣ,True
cầm,ꪹꪁꪷꪣ,False
mọn,ꪹꪁꪷꪣ,True
hiên,ꪹꪁꪷꪣ,True
giữ trong tàu,ꪹꪁꪷꪣ ꪹꪕꪱ,False
cân,ꪹꪀꪷꪙ,False
thu hồ cả bên chẵn lẻ,ꪹꪀꪷꪙ ꪶꪭ,False
"thu hồ cả tình, chẵn lẻ",ꪹꪀꪷꪙ ꪶꪭ,True
oai oái,ꪹꪀꪷ꪿ꪙ ꪹꪀꪷ꪿ꪙ,False
oai oái,ꪹꪀꪷ꪿ꪙ ꪀ꪿ꪺꪣ,True
cần,ꪹꪁꪷ꫁ꪙ,False
thế,ꪹꪁꪷ꫁ꪙ,False
thế,ꪬ꪿ꪮꪣ,True
suông,ꪹꪀꪷꪉ,False
thưa,ꪹꪁꪷꪉ,False
"đồng tiến, dàn hàng ngang",ꪹꪁꪷꪉ ꪘ꫁ꪱ,False
mèn lệch dàn hàng ngang,ꪀꪴ꪿ꪙ ꪘ꫁ꪱ,True
cấp,ꪹꪀꪷꪚ,False
do,ꪹꪀꪷꪚ,True
cất,ꪹꪀꪷꪒ,False
bệch,ꪹꪀꪷꪒ,True
"chôn cất, mai táng",ꪹꪀꪷꪒ ꪹꪄ꪿,False
"chôn cất, nòi táng",ꪹꪀꪷꪒ ꪹꪄ꪿,True
"chôn cất, nguyệt táng",ꪹꪀꪷꪒ ꪹꪄ꪿,True
"cầm, chỉ",ꪹꪁꪷꪒ,False
gợn sóng,ꪹꪁꪝꪚ,False
"gợn tội,",ꪹꪁꪝꪚ,True
một khi,ꪁꪕꪱ,False
một khi,ꪹꪩꪉ,True
cục tác,ꪀꪔ꪿ꪱꪀ,False
"cục khẳng,",ꪀꪔ꪿ꪱꪀ,True
láng,ꪹꪁꪝꪚ,False
giáo,ꪹꪁꪝꪚ,True
"rặc, ròng",ꪹꪁꪝꪚ,False
"rặc, rướn",ꪹꪁꪝꪚ,True
chứng bệnh đau dạ dày,ꪀꪔꪰꪀ,False
xõng,ꪁꪕꪰ꪿ꪉ,False
gắt gỏng,ꪁꪕꪰ꪿ꪉ ꪁꪕꪮꪀ,False
gắt gỏng,ꪁꪕꪰ꪿ꪉ ꪮꪴ꫁ꪣ,True
gốc cây,ꪀꪔꪷ,False
"bí, cây",ꪀꪔꪷ,True
gốc cây,ꪅꪰꪉ,True
rắc rối,ꪶꪁꪕ꫁ꪀ ꪁꪕꪳ꫁ꪙ,False
dở,ꪹꪁꪷꪕꪙ,False
"lỡ làng, nhỡ nhàng",ꪹꪁꪷꪕꪙ,False
"mình làng, nhỡ nhàng",ꪹꪁꪷꪕꪙ,True
phục phịch,ꪀꪔꪴ꪿ꪙ ꪀꪔꪴ꪿ꪙ,False
mọt phịch,ꪀꪔꪴ꪿ꪙ ꪀꪔꪴ꪿ꪙ,True
"tao, tớ",ꪀꪴ,False
"tao, lì,",ꪀꪴ,True
"ướt, tớ",ꪀꪴ,True
tôi,ꪀꪴ,False
lõi,ꪀꪴ꪿,False
cúc,ꪀꪴ꪿,False
cỏ bẽm,ꪀꪴ꪿ ꪀꪲ꪿,False
lũ lượt,ꪀꪴ꪿ ꪀꪲ꪿,False
sấu,ꪀꪴ꫁,False
cất,ꪀꪴ꫁,False
cất,ꪎꪴ꪿ꪀ,True
vay,ꪀꪴ꫁,False
mưn,ꪀꪴ꫁,True
vay lãi,ꪀꪴ꫁ ꪁꪾ꫁,False
trụng lãi,ꪀꪴ꫁ ꪁꪾ꫁,True
vay mượn,ꪀꪴ꫁ ꪤꪳꪣ,False
vay mượn,ꪀꪴ꫁ ꪔꪲ꫁ꪉ,True
thu,ꪀꪴ꫁,False
gờ,ꪁꪴ,False
sởi,ꪁꪴ,True
bờ,ꪁꪴ,False
vồng,ꪁꪴ,False
cúc cu,ꪁꪴ ꪁꪴ,False
cúc ngợi,ꪁꪴ ꪁꪴ,True
nấm mồ,ꪁꪴ ꪵꪭ꪿ꪫ,False
bạn,ꪁꪴ꪿,False
"tiệt,",ꪁꪴ꪿,True
đôi lứa,ꪁꪴ꪿ ꪁꪲꪣ,False
nhói lứa,ꪁꪴ꪿ ꪁꪲꪣ,True
quấn,ꪀ꫁ꪺ,False
bao phủ,ꪁ꫁ꪺ,False
bao tha.,ꪁ꫁ꪺ,True
"bao khóa,",ꪁ꫁ꪺ,True
xoắn tít,ꪀꪴ꪿ꪀ ꪀ꫁ꪺ,False
xoắn mỏm,ꪀꪴ꪿ꪀ ꪀ꫁ꪺ,True
xoắn tít,ꪠ꪿ꪮꪥ ꪀ꫁ꪺ,True
kết bạn,ꪁꪴ꪿,False
"bẩy, xeo, xeo ngang",ꪁꪴ꫁ꪀ,False
"bẩy, xeo, xeo ngang",ꪵꪄ꪿ꪫ,True
"bẩy, xeo, xeo vớ",ꪁꪴ꫁ꪀ,True
hót,ꪀꪴ꫁ꪥ,False
rêu đá,ꪁꪴꪥ,False
rêu đá,ꪹꪒ,True
rong rêu,ꪁꪴꪥ ꪼꪁ,False
rong mụn,ꪁꪴꪥ ꪼꪁ,True
phe rêu,ꪙꪱꪙ ꪼꪁ,True
húi đầu,ꪀꪴꪀ ꪬꪺ,False
"húi nơi,",ꪀꪴꪀ ꪬꪺ,True
bờm,ꪁꪴꪀ,False
lượm,ꪀꪴꪣ,False
một loại bồ bằng mây,ꪀꪴ꪿ꪣ,False
"một loại bồ bằng sởn,",ꪀꪴ꪿ꪣ,True
rẫy lại cỏ,ꪀꪴ꪿ꪣ,False
"lấn, lại cỏ",ꪀꪴ꪿ꪣ,True
đức lại choảng,ꪀꪴ꪿ꪣ,True
hòm rương,ꪀꪴ꪿ꪣ ꪵꪚꪣ,False
"ngàm, rương",ꪔꪸ꪿ꪉ ꪵꪚꪣ,True
"ẩy, dun",ꪁꪴ꫁ꪀ,False
"ẩy, mũi)",ꪁꪴ꫁ꪀ,True
"ẩy, dun",ꪶꪝꪥ,True
gồ ghề,ꪀꪴ꪿ꪣ ꪹꪀꪷꪙ,False
ngựa ghề,ꪻꪯ ꪹꪀꪷꪙ,True
đầy dẫy,ꪀꪴ꪿ꪣ ꪀꪳ꪿ꪙ,False
phù hộ,ꪁꪴ꫁ꪣ ꪀꪺꪣ,False
chức dịch ở vùng Xá xưa,ꪀꪴꪙ,False
"vêu lướt ở vùng chệch, xưa",ꪀꪴꪙ,True
quan chức,ꪀꪴꪙ ꪀꪫꪱꪙ,False
tơi tới,ꪀꪴ꪿ꪙ ꪀꪴ꪿ꪙ,False
đùn,ꪁꪴꪙ,False
dạn,ꪁꪴ꫁ꪙ,False
dạn,ꪹꪯꪀ,True
dạn,ꪵꪄ꫁ꪣ,True
dạn người,ꪁꪴ꫁ꪙ ꪶꪁꪙ,False
húi người,ꪁꪴ꫁ꪙ ꪶꪁꪙ,True
xọc người,ꪁꪴ꫁ꪙ ꪶꪁꪙ,True
ùn,ꪁꪴꪙ,False
huy,ꪁꪴꪙ,True
tôm,ꪀꪴ꫁ꪉ,False
tép,ꪀꪴ꫁ꪉ ꪠꪮꪥ,False
vướng,ꪁꪴꪉ,False
sắp,ꪁꪴꪉ,True
đành chịu,ꪁꪴꪉ,False
vương vấn,ꪁꪴꪉ ꪻꪊ,False
bận lòng,ꪁꪴꪉ ꪻꪊ,False
"chăm chăm, chăm chắm",ꪁ꫁ꪺꪀ ꪁ꫁ꪺꪀ,False
"vượt chăm, chăm chắm",ꪁ꫁ꪺꪀ ꪁ꫁ꪺꪀ,True
"tỉa chăm, quạu, chắm",ꪁ꫁ꪺꪀ ꪁ꫁ꪺꪀ,True
"sọt, gơ",ꪀꪺꪥ,False
khoắng,ꪀꪺꪥ,False
vụt,ꪀꪺꪥ,True
chia tay,ꪀꪺꪥ ꪵꪄꪙ,False
"khơi, khai",ꪀ꪿ꪺꪥ,False
"quấy rối, quấy nhiễu",ꪀ꪿ꪺꪥ ꪀ꫁ꪫꪱ,False
"quấy rối, lắm đồ,",ꪀ꪿ꪺꪥ ꪀ꫁ꪫꪱ,True
"nhũng nhiễu, nhũng",ꪀ꪿ꪺꪥ ꪀ꫁ꪫꪱ,False
"hố, nhiễu, nhũng",ꪀ꪿ꪺꪥ ꪀ꫁ꪫꪱ,True
quấy quả,ꪀ꪿ꪺꪥ ꪀ꫁ꪫꪱ,False
chuối,ꪀ꫁ꪺꪥ,False
chuối mắn,ꪀ꫁ꪺꪥ ꪚꪺꪚ,False
chuối mắn,ꪶꪩꪒ ꪚꪺꪚ,True
chuối cau,ꪀ꫁ꪺꪥ ꪼꪀ꪿ ꪙ꫁ꪮꪥ,False
chuối cau,ꪀ꫁ꪺꪥ ꪼꪀ꪿ ꪶꪠꪙ,True
chuối hột,ꪀ꫁ꪺꪥ ꪶꪭ꫁ꪀ,False
cuồn hột,ꪀ꫁ꪺꪥ ꪶꪭ꫁ꪀ,True
chuối tiêu,ꪀ꫁ꪺꪥ ꪵꪀꪫ,False
chuối tiêu,ꪀ꫁ꪺꪥ ꪠꪲ,True
chuối dại,ꪀ꫁ꪺꪥ ꪀꪸ,False
bào dại,ꪀ꫁ꪺꪥ ꪀꪸ,True
chuối ngự,ꪀ꫁ꪺꪥ ꪣꪳ ꪙꪱꪉ,False
chuối ngự,ꪶꪛ ꪣꪳ ꪙꪱꪉ,True
chuối tây,ꪀ꫁ꪺꪥ ꪮ꪿ꪮꪉ,False
cựu tây,ꪀ꫁ꪺꪥ ꪮ꪿ꪮꪉ,True
"chuối lùn, chuối ba lùn",ꪀ꫁ꪺꪥ ꪔꪲꪙ ꪔꪾ꪿,False
"chuối lùn, chuối ba lùn",ꪄꪲ꫁ ꪔꪲꪙ ꪔꪾ꪿,True
"chuối lùn, chuối điền xoẳn",ꪀ꫁ꪺꪥ ꪔꪲꪙ ꪔꪾ꪿,True
chuối mật,ꪀ꫁ꪺꪥ ꪔꪲꪚ,False
chuối lá,ꪀ꫁ꪺꪥ ꪶꪎ꫁ꪣ,False
"chuối mộng,",ꪀ꫁ꪺꪥ ꪶꪎ꫁ꪣ,True
"buồi, dương vật",ꪁꪺꪥ,False
"buồi, lòe tìm",ꪁꪺꪥ,True
"buồi, dương dao",ꪁꪺꪥ,True
lượt,ꪁ꪿ꪺꪥ,False
cởi,ꪁ꪿ꪺꪥ,True
quyến luyến,ꪀꪺꪀ ꪝꪽ,False
quyến luyến,ꪀꪺꪀ ꪠꪮꪒ,True
"quyến tù,",ꪀꪺꪀ ꪝꪽ,True
xỏ,ꪀꪺꪣ,False
xài,ꪀꪺꪣ,True
"im, lặng, bật",ꪀ꪿ꪺꪣ,False
"im, lặng, bật",ꪎꪮꪥ,True
nín,ꪀ꪿ꪺꪣ,False
nín tiếng,ꪀ꪿ꪺꪣ ꪜꪱꪀ,False
lặng ngắt,ꪀ꪿ꪺꪣ ꪜꪲ꪿ꪙ,False
lặng ngắt,ꪙ꫁ꪮꪀ ꪜꪲ꪿ꪙ,True
"im bặt, im thin thít",ꪀ꪿ꪺꪣ ꪜꪲ꪿ꪙ,False
"im bặt, im thin rưỡi",ꪀ꪿ꪺꪣ ꪜꪲ꪿ꪙ,True
"im rấn, im thin thít",ꪀ꪿ꪺꪣ ꪜꪲ꪿ꪙ,True
kín tiếng,ꪀ꪿ꪺꪣ ꪜꪲ꪿ꪙ,False
kín tiếng,ꪹꪭꪒ ꪹꪨꪷ꪿ꪣ,True
quân,ꪀꪺꪙ,False
quân,ꪹꪢꪷꪙ,True
quấy,ꪀꪺꪙ,False
"cao,",ꪭꪳꪚ,True
quan quân,ꪀꪺꪙ ꪀꪫꪱꪙ,False
tự dưng,ꪀꪺꪙ ꪕꪷ꪿ ꪤꪴ꪿,False
tự cỏ,ꪀꪺꪙ ꪕꪷ꪿ ꪤꪴ꪿,True
cuộn,ꪀ꫁ꪺꪙ,False
cuộn,ꪈ꪿ꪱꪙ,True
thuốc,ꪁꪺꪙ,False
bó,ꪁꪺꪙ,True
xì gà,ꪁꪺꪙ ꪻꪚ,False
khói,ꪁꪺꪙ,False
nõn,ꪁꪺꪙ,True
"khuấy, khuấy động",ꪀꪺꪙ,False
"khuấy, khuấy nhẻ",ꪀꪺꪙ,True
quấy rối,ꪀꪺꪙ,False
giáp rối,ꪀꪺꪙ,True
"phá bĩnh, phá đám",ꪀꪺꪙ,False
"phá bĩnh, ễm da",ꪕ꫁ꪱꪉ,True
"xưng bĩnh, phá vút,",ꪀꪺꪙ,True
thuốc phiện,ꪁꪺꪙ ꪤꪱꪉ,False
thuốc phiện,ꪁꪺꪙ ꪕꪲꪉ,True
thuốc lào,ꪁꪺꪙ ꪬꪸꪒ,False
thuốc lá,ꪁꪺꪙ ꪮꪴꪒ,False
thuốc ghép,ꪵꪣ꫁ ꪮꪴꪒ,True
"trong, nội",ꪀꪺꪉ,False
"trong, tôm",ꪀꪺꪉ,True
"trong khi, trong lúc",ꪀꪺꪉ ꪹꪋꪷ,False
"trong khi, hẩy vội,",ꪀꪺꪉ ꪹꪋꪷ,True
trong mình,ꪀꪺꪉ ꪣꪷ꪿,False
trong ngoài,ꪀꪺꪉ ꪙ꫁ꪮꪀ,False
trong ngoài,ꪭꪱꪉ ꪙ꫁ꪮꪀ,True
"chung quanh, xung quanh",ꪀꪺꪉ ꪁ꫁ꪫꪱ,False
"chung quanh, xung mật",ꪀꪺꪉ ꪁ꫁ꪫꪱ,True
nội thành,ꪀꪺꪉ ꪵꪗꪉ,False
nội thành,ꪉꪸꪉ ꪵꪗꪉ,True
vòng,ꪁꪺꪉ,False
chéo,ꪁꪺꪉ,True
vòng mép,ꪁꪺꪉ ꪶꪎꪚ,False
vòng đặt,ꪄꪨꪾ ꪶꪎꪚ,True
"giậu, chuồng, ràn",ꪁ꪿ꪺꪉ,False
"giậu, độn cười,",ꪁ꪿ꪺꪉ,True
vung vẩy,ꪀꪺꪒ ꪵꪀꪫ꪿ꪉ,False
vung đờm,ꪀꪺꪒ ꪵꪀꪫ꪿ꪉ,True
"vung trĩu,",ꪀꪺꪒ ꪵꪀꪫ꪿ꪉ,True
"vòng, vầng",ꪁꪺꪉ,False
"vòng, bật",ꪁꪺꪉ,True
"vành, vầng",ꪁꪺꪉ,False
"vành, vầng",ꪁꪺꪉ,False
"vành, vầng",ꪁꪺꪉ,False
"vành, vầng",ꪙ꫁ꪮꪉ,True
"vành, vầng",ꪁꪺꪉ,False
"vành, vầng",ꪶꪡꪀ,True
"khoét, moi",ꪁꪺꪒ,False
hàng moi,ꪁꪺꪒ,True
ngoáy,ꪁꪺꪒ,False
quật,ꪁꪺꪒ,False
quần quật,ꪁꪺꪒ ꪁꪺꪒ,False
xao quật,ꪁꪺꪒ ꪁꪺꪒ,True
nhấp nhổm,ꪁꪺꪒ ꪁꪺꪒ,False
"vồng, nhổm",ꪁꪺꪒ ꪊꪴ꪿,True
niệm xấu,ꪁꪺꪒ ꪁꪺꪒ,True
quanh quất,ꪁꪺꪒ ꪵꪁꪫ꫁ꪉ,False
thán quất,ꪁꪺꪒ ꪵꪁꪫ꫁ꪉ,True
nón,ꪀꪴꪚ,False
nón,ꪶꪉꪚ,True
nón quai thao,ꪀꪴꪚ ꪹꪚ꫁,False
nón lá cọ,ꪀꪴꪚ ꪁꪷ꫁,False
mài lá cọ,ꪀꪴꪚ ꪒꪾ꪿,True
hoá lá cọ,ꪀꪴꪚ ꪁꪷ꫁,True
nón nan,ꪀꪴꪚ ꪔꪱꪒ,False
"nón khít,",ꪀꪴꪚ ꪔꪱꪒ,True
nón nan sơn vàng,ꪀꪴꪚ ꪹꪖꪷꪙ,False
tơ nan nghạnh vàng,ꪀꪴꪚ ꪹꪖꪷꪙ,True
"lật, nan chừng dặn",ꪀꪴꪚ ꪹꪖꪷꪙ,True
lồm cồm,ꪁꪴꪚ ꪁꪴꪚ,False
cụt,ꪀꪴꪒ,False
cụt lủn,ꪀꪴꪒ ꪀꪨꪴ꫁ꪙ,False
cụt ngủn,ꪀꪴꪒ ꪄꪨꪴ꫁ꪣ,False
vợt ngủn,ꪀꪴꪒ ꪄꪨꪴ꫁ꪣ,True
tua khăn piêu,ꪀꪴꪒ ꪜꪸꪫ,False
cứa,ꪁꪴꪒ,False
"khoanh tay, vòng tay",ꪁꪴꪒ ꪁꪴ꫁ ꪣꪳ,False
cứ,ꪀꪳ꪿,False
cứ hễ,ꪀꪳ꪿,False
cứ tên,ꪀꪳ꪿,True
giữ,ꪀꪳ꪿,False
trịt,ꪀꪳ꪿,True
đứng vững,ꪀꪳ꪿,False
kiên tâm,ꪀꪳ꪿ ꪻꪊ,False
"kiên gối,",ꪀꪳ꪿ ꪻꪊ,True
giữ vững,ꪀꪳ꪿ ꪢ꫁ꪽ,False
giữ trụi,ꪀꪳ꪿ ꪢ꫁ꪽ,True
giữ lời,ꪀꪳ꪿ ꪁꪫꪱꪣ,False
"giữ đồi,",ꪀꪳ꪿ ꪁꪫꪱꪣ,True
cử,ꪀꪳ꫁,False
như là,ꪁꪳ ꪹꪥ꪿ꪉ,False
"như chuôi,",ꪁꪳ ꪹꪥ꪿ꪉ,True
như lộp,ꪁꪳ ꪹꪥ꪿ꪉ,True
muối,ꪹꪀ,False
cho ăn,ꪹꪀ,False
"cho kệ,",ꪹꪀ,True
phành ngoặt,ꪹꪀ,True
cưa,ꪹꪁ꪿,False
giữ,ꪀꪳꪣ,False
cưa,ꪹꪁ꪿,False
từ,ꪹꪁ꪿,True
giữ khư khư,ꪀꪳꪣ ꪀꪳ,False
giữ khư bàn,ꪀꪳꪣ ꪀꪳ,True
giữ ngụt khư,ꪀꪳꪣ ꪀꪳ,True
"lạnh, giá",ꪁꪳꪣ,False
lạnh buốt,ꪁꪳꪣ ꪊꪲꪒ,False
rét mướt,ꪁꪳꪣ ꪘꪱꪫ,False
"quanh, mướt",ꪀꪒꪽ ꪘꪱꪫ,True
"lạnh người, lạnh gáy",ꪁꪳꪣ ꪹꪠꪷ꪿ꪥ,False
"lạnh người, lạnh gáy",ꪹꪕꪱ ꪹꪠꪷ꪿ꪥ,True
"trơ, người, lạnh gáy",ꪁꪳꪣ ꪹꪠꪷ꪿ꪥ,True
lạnh giá,ꪁꪳꪣ ꪏꪲ꫁ꪫ,False
nuốt,ꪀꪳꪙ,False
nuốt,ꪤ꪿ꪮꪙ,True
nuốt trửng,ꪀꪳꪙ ꪶꪀꪣ,False
nuốt đủi,ꪀꪳꪙ ꪶꪀꪣ,True
nuốt pháo,ꪀꪳꪙ ꪶꪀꪣ,True
nuốt gọn,ꪀꪳꪙ ꪹꪯ꫁ꪀ,False
"đàn thẳng,",ꪀꪳꪙ ꪹꪯ꫁ꪀ,True
"nuốt bến,",ꪀꪳꪙ ꪹꪯ꫁ꪀ,True
dò,ꪁꪳꪙ,False
dò,ꪹꪠꪷ꫁,True
đêm,ꪁꪳꪙ,False
hềnh,ꪁꪳꪙ,True
sống,ꪁꪳꪙ,False
sống,ꪚꪺ,True
sống,ꪥꪱꪀ,True
hồi,ꪁꪳꪙ,False
bếnh,ꪁꪳꪙ,True
quay,ꪁꪳꪙ,False
"trở, trở thành",ꪁꪳꪙ,False
tái hồi,ꪁꪳꪙ ꪁꪮꪚ,False
nôn hồi,ꪁꪳꪙ ꪁꪮꪚ,True
tái lóc,ꪕꪾ ꪁꪮꪚ,True
quay lại,ꪁꪳꪙ ꪹꪩꪱ꪿,False
sống lại,ꪁꪳꪙ ꪹꪩꪱ꪿,False
sống lại,ꪁꪳꪙ ꪥꪳꪒ,True
sống lại,ꪑꪲꪉ ꪹꪩꪱ꪿,True
"hồi lại, hồi sinh",ꪁꪳꪙ ꪹꪩꪱ꪿,False
"hồi lại, hồi còn,",ꪁꪳꪙ ꪹꪩꪱ꪿,True
quay trở lại,ꪁꪳꪙ ꪨꪰꪉ,False
trở nên,ꪁꪳꪙ ꪹꪜꪸꪙ,False
"tái thế, tái sinh",ꪁꪳꪙ ꪎꪮꪉ ꪩꪳ꫁ꪣ,False
nghẹt,ꪁꪳ꪿ꪙ,False
"mẩn, sẩn, tịt",ꪁꪳ꪿ꪙ,False
"mẩn, sẩn, tịt",ꪵꪏꪁ꪿ꪉ,True
"dạo, sẩn, tịt",ꪁꪳ꪿ꪙ,True
tựa,ꪹꪁ꪿ꪥ,False
lăn,ꪹꪀ꪿ꪀ,False
lẵn kềnh,ꪹꪀ꪿ꪀ ꪯꪩ꪿ꪱꪉ,False
trám trắng,ꪹꪀ꫁ꪣ,False
gươm,ꪹꪁ꪿ꪣ,False
mã tấu,ꪹꪁ꪿ꪣ ꪹꪕꪱ,False
mã tàu,ꪹꪁ꪿ꪣ ꪹꪀꪸꪚ,True
lở,ꪹꪀ꪿ꪙ,False
bạt,ꪹꪀ꪿ꪙ,False
cướp,ꪹꪀꪚ,False
"cướp bóc, cướp sống",ꪹꪀꪚ ꪥ꫁ꪱ,False
cướp phá,ꪹꪀꪚ ꪠ꪿ꪱ,False
"sinh, hoá",ꪹꪀꪒ,False
"sinh, hoá",ꪊꪺꪙ,True
"phát sinh, phát tích",ꪹꪀꪒ,False
"phính, quát, phát cẫng",ꪹꪀꪒ,True
phát loai phát tích,ꪹꪀꪒ,True
sinh ra,ꪹꪀꪒ ꪣꪱ,False
sinh ra,ꪹꪀꪒ ꪶꪮ,True
"ranh con, nhóc con",ꪹꪀꪒ ꪙ꫁ꪮꪥ,False
"ranh con, nhóc bùng",ꪹꪀꪒ ꪏꪩ꫁ꪮꪥ,True
"oắt con, nhép, con nít",ꪹꪀꪒ ꪮ꪿ꪮꪙ,False
gang tay,ꪁꪳꪚ,False
"chay, tay",ꪁꪳꪚ,True
đo,ꪁꪳꪚ,False
"tậu, đạt",ꪁꪳꪒ,False
"tậu, đạt",ꪶꪝ꫁ꪥ,True
"tậu, đạt",ꪵꪉ꫁,True
kể,ꪁꪳꪒ,False
lo liệu,ꪁꪳꪒ ꪄ꫁ꪽ,False
chở liệu,ꪁꪳꪒ ꪄ꫁ꪽ,True
"Ông, bà",ꪵꪀ꪿,False
già,ꪵꪀ꪿,False
bé hạt tiêu,ꪵꪀ꪿ ꪵꪁꪉ,False
nhé hạt ngất,ꪵꪀ꪿ ꪥꪸ꪿,True
"bé hôn, tiêu",ꪵꪀ꪿ ꪵꪁꪉ,True
ra ràng,ꪵꪀ꪿ ꪹꪁꪚ,False
"thử, ràng",ꪜꪮꪀ ꪹꪁꪚ,True
"ương ương, bướng, bướng bỉnh",ꪵꪀ꪿ ꪵꪄꪉ,False
"đai đến bướng, trôn đàng,",ꪵꪀ꪿ ꪵꪄꪉ,True
"ương ương, giàn bướng bỉnh",ꪵꪀ꪿ ꪵꪄꪉ,True
già lão,ꪵꪀ꪿ ꪩ꫁ꪱꪫ,False
ngang tàng,ꪵꪀ꪿ ꪉꪱꪙ,False
"thãi, tàng",ꪵꪀ꪿ ꪉꪱꪙ,True
ngang ngả,ꪵꪀ꪿ ꪉꪱꪙ,True
"Ông lão, ông già",ꪵꪀ꪿ ꪹꪖꪱ꫁,False
"Ông lão, ông khỏng",ꪵꪀ꪿ ꪹꪖꪱ꫁,True
lớn tuổi,ꪵꪀ꪿ ꪔ꫁ꪺꪥ,False
lớn tuổi,ꪹꪎꪙ ꪔ꫁ꪺꪥ,True
đứng tuổi,ꪵꪀ꪿,False
"có chồng, có vợ",ꪵꪀ꪿,False
"có chồng, có vợ",ꪫꪱꪥ,True
bánh tẻ,ꪵꪀ꪿ ꪹꪁꪚ,False
"bánh ghì,",ꪵꪀ꪿ ꪹꪁꪚ,True
tuổi trung niên,ꪵꪀ꪿ ꪹꪁꪚ,False
cần trung niên,ꪵꪀ꪿ ꪹꪁꪚ,True
già mồm,ꪵꪀ꪿ ꪶꪎꪚ,False
già âu,ꪵꪀ꪿ ꪶꪎꪚ,True
"cởi, cổi",ꪵꪀ꫁,False
"cởi, cổi",ꪀ꪿ꪮꪥ,True
trần trùng trục,ꪵꪀ꫁ ꪁꪩꪱꪒ,False
"tồi trùng ị,",ꪵꪀ꫁ ꪵꪏ꪿ꪉ,True
trần trùng trục,ꪵꪀ꫁ ꪵꪔꪙ,True
tháo gỡ,ꪵꪀ꫁ ꪼꪄ,False
trần truồng,ꪵꪀ꫁ ꪶꪩꪒ,False
phương truồng,ꪵꪀ꫁ ꪶꪩꪒ,True
"giải nghĩa, cắt nghĩa",ꪵꪀ꫁ ꪈꪸ꫁,False
"giải nghĩa, cắt dượng",ꪜ꫁ꪱꪙ ꪈꪸ꫁,True
phiên dịch,ꪵꪀ꫁ ꪁꪫꪱꪣ,False
giải phóng,ꪵꪀ꫁ ꪼꪄ,False
giải,ꪵꪀ꫁,False
dịch,ꪵꪀ꫁,False
dịch,ꪎꪲꪒ,True
quế,ꪵꪁ꪿,False
phên chắn cá ở ao hồ,ꪵꪁ꪿,False
"phên chắn cá khóc, ao hồ",ꪵꪁ꪿,True
quế ruột mỏng,ꪵꪁ꪿ ꪼꪀ꪿,False
quế chi,ꪵꪁ꪿ ꪢꪴ,False
quế vỏ nhẵn,ꪵꪁ꪿ ꪢꪴ,False
tâm vỏ nhẵn,ꪵꪁ꪿ ꪢꪴ,True
tích,ꪵꪁ꫁,False
tích,ꪻꪋ꫁,True
ù,ꪵꪁ꫁,False
"cười,",ꪵꪁ꫁,True
ù,ꪛꪺ,True
kém,ꪵꪀ꪿ꪣ,False
tốn kém,ꪵꪀ꪿ꪣ ꪹꪜꪉ,False
má,ꪵꪀ꫁ꪣ,False
muốn,ꪵꪀ꫁ꪣ,True
má lúm đồng tiền,ꪵꪀ꫁ꪣ ꪚ꪿ꪮꪉ,False
má hồng,ꪵꪀ꫁ꪣ ꪼꪢ꪿,False
má hồng,ꪁꪳꪣ ꪼꪢ꪿,True
bươu hồng,ꪵꪀ꫁ꪣ ꪭꪮꪉ,True
sít,ꪵꪁꪣ,False
sít,ꪵꪝꪣ,True
"sát nách, sát sườn",ꪵꪁꪣ ꪊꪾ,False
"sát nách, sát sườn",ꪹꪜ꪿ꪱ ꪊꪾ,True
sát thị sát sườn,ꪵꪁꪣ ꪊꪾ,True
"chốt, trục",ꪵꪀꪙ,False
"thân, vổng",ꪵꪀꪙ,True
cao lênh khênh,ꪵꪀꪙ,False
cao linh khênh,ꪝꪳꪉ,True
treo lơ lửng,ꪵꪀꪙ ꪹꪀꪷꪤ꪿ꪉ,False
treo sỉa lửng,ꪵꪀꪙ ꪹꪀꪷꪤ꪿ꪉ,True
"hạt, hột",ꪵꪀ꪿ꪙ,False
"hạt, đốp,",ꪵꪀ꪿ꪙ,True
viên,ꪵꪀ꪿ꪙ,False
con,ꪵꪀ꪿ꪙ,False
"khiêng,",ꪵꪀ꪿ꪙ,True
hòn,ꪵꪀ꪿ꪙ,False
hòn,ꪵꪐ꪿,True
lõi,ꪵꪀ꪿ꪙ,False
hà,ꪵꪀ꪿ꪙ,True
"kèn, khèn",ꪵꪁꪙ,False
"kèn loa, kèn bầu",ꪵꪁꪙ ꪨꪱ,False
"vập, loa, kèn bầu",ꪵꪁꪙ ꪨꪱ,True
"kèn lót, kèn bầu",ꪵꪁꪙ ꪵꪉꪙ,True
khèn Hmông,ꪵꪁꪙ ꪵꪣ꫁ꪫ,False
chất Hmông,ꪵꪁꪙ ꪵꪣ꫁ꪫ,True
"khèn vếu,",ꪵꪁꪙ ꪵꪣ꫁ꪫ,True
nghẹn,ꪵꪁ꫁ꪙ,False
nể,ꪵꪁ꫁ꪙ,True
nghẹn ngào,ꪵꪁ꫁ꪙ ꪻꪊ,False
"sa, ngào",ꪵꪁ꫁ꪙ ꪻꪊ,True
chia vui,ꪵꪁ꫁ꪣ ꪔꪮꪣ,False
"thẻ trồng,",ꪵꪁ꫁ꪣ ꪔꪮꪣ,True
chia vui,ꪶꪯꪩ ꪔꪮꪣ,True
vui thú,ꪵꪁ꫁ꪣ ꪔꪮꪣ,False
"vui mảnh,",ꪵꪕꪒ ꪔꪮꪣ,True
đèo,ꪵꪀ꪿ꪫ,False
"tót,",ꪵꪀ꪿ꪫ,True
kéo,ꪵꪀ꪿ꪫ,False
kéo,ꪵꪀ꫁ꪫ,False
kẹo,ꪵꪀ꫁ꪫ,False
ngọc,ꪵꪀ꫁ꪫ,False
khánh,ꪼꪁ꫁,True
"em yêu quí, anh yêu quý",ꪵꪀ꫁ꪫ ꪚꪮꪀ ꪼꪣ꫁,False
em yêu quái anh yêu quý,ꪵꪀ꫁ꪫ ꪚꪮꪀ ꪼꪣ꫁,True
em yêu quý,ꪵꪀ꫁ꪫ ꪮ꪿ꪮꪙ ꪙ꫁ꪮꪥ,False
em yêu quý,ꪵꪀ꫁ꪫ ꪀ꫁ꪮꪣ ꪙ꫁ꪮꪥ,True
"em yêu ô,",ꪵꪀ꫁ꪫ ꪮ꪿ꪮꪙ ꪙ꫁ꪮꪥ,True
nhai,ꪵꪁ꫁ꪫ,False
ăn trầu,ꪵꪁ꫁ꪫ ꪬꪱꪒ,False
"nhai lại, nhơi",ꪵꪁ꫁ꪫ ꪹꪮ꫁ꪉ,False
trấu,ꪵꪀꪚ,False
dăm,ꪵꪀꪚ,False
kíp,ꪵꪀꪚ,False
con cái xóc đĩa,ꪵꪀꪚ ꪵꪋꪙ,False
con cái xóc đĩa,ꪵꪀꪚ ꪫꪱ,True
cặp,ꪵꪁꪚ,False
hẹp,ꪵꪁꪚ,False
choai,ꪵꪁꪚ ꪵꪁ,False
còi,ꪵꪁꪚ ꪵꪁ,False
còi,ꪵꪁꪚ ꪁ꫁ꪱꪉ,True
tuồn tuột,ꪹꪁꪸ꫁ ꪹꪁꪸ꫁,False
"ức, uất ức",ꪹꪀꪸ꪿ꪀ,False
"ức, (tác ức",ꪹꪀꪸ꪿ꪀ,True
"cắc tòm, tom chát",ꪹꪀꪸ꪿ꪀ ꪝꪴ꪿ꪣ,False
"cắc tòm, tom chát",ꪝ꫁ꪺ ꪝꪴ꪿ꪣ,True
"cắc tòm, tom chát",ꪶꪨ꫁ ꪣꪮꪙ,True
hằn thù,ꪹꪀꪸ꪿ꪀ ꪗꪴ,False
hằn vì,ꪹꪀꪸ꪿ꪀ ꪗꪴ,True
mổ,ꪹꪀꪸꪀ,False
nịu,ꪹꪀꪸꪀ,True
mặn,ꪹꪁꪸꪣ,False
nặng,ꪹꪁꪸꪣ,False
căng,ꪹꪁꪸ꪿ꪉ,False
hoạ,ꪹꪁꪸ꪿ꪉ,True
"lềnh kềnh, kềnh càng",ꪹꪁꪸ꪿ꪉ ꪁ꪿ꪱꪉ,False
nhặt,ꪹꪀꪸꪚ,False
"hái, lượm",ꪹꪀꪸꪚ,False
vớt,ꪹꪀꪸꪚ,False
vớt,ꪢꪾ꪿,True
vớt,ꪜꪱꪒ,True
thu,ꪹꪀꪸꪚ,False
dệt thổ cẩm màu sặc sỡ,ꪹꪀꪸꪚ ꪀꪮꪀ,False
dệt thổ ngợm màu sặc sỡ,ꪹꪀꪸꪚ ꪀꪮꪀ,True
dệt thổ cẩm màu sặc phịch,ꪹꪀꪸꪚ ꪀꪮꪀ,True
"nhặt nhạnh, lượm lặt",ꪹꪀꪸꪚ ꪄꪸ꪿,False
"hổm, tuyệt lượm lặt",ꪹꪀꪸꪚ ꪄꪸ꪿,True
"ram nhạnh, lượm lặt",ꪹꪀꪸꪚ ꪄꪸ꪿,True
dệt thổ cẩm,ꪹꪀꪸꪚ ꪄꪲꪒ,False
dệt thổ xan,ꪹꪀꪸꪚ ꪄꪲꪒ,True
vảy,ꪹꪀꪸꪒ,False
binh,ꪹꪀꪸꪒ,True
chốt,ꪹꪀꪸꪒ,False
gương,ꪹꪀꪸꪒ,True
bóc,ꪹꪀꪸꪒ,False
ꪮꪾ,ꪹꪀꪸꪒ,True
kêu,ꪹꪀꪸꪫ,False
đùi,ꪄꪱ,False
"chân, chi",ꪄꪱ,False
ống,ꪄꪱ,False
gọng,ꪄꪱ,False
cánh,ꪄꪱ,False
cánh,ꪋꪮꪒ,True
ngẩm,ꪄꪱ,True
"thung, nhánh",ꪄꪱ,False
ống tuýp,ꪄꪱ ꪙ꫁ꪮꪥ,False
"bắp đùi, đùi",ꪄꪱ ꪜ꫁ꪱꪙ,False
sinh đôi,ꪄꪱ ꪵꪠꪚ,False
tiếng đôi,ꪄꪱ ꪵꪠꪚ,True
lẹo,ꪄꪱ ꪵꪠꪚ,False
"cẳng, cẳng chân",ꪄꪱ ꪔꪰ꫁ꪉ,False
"cẳng, cẳng thóp",ꪄꪱ ꪔꪰ꫁ꪉ,True
riềng,ꪄ꪿ꪱ,False
gả,ꪄ꪿ꪱ,False
gả,ꪮꪸ꫁,True
tặng,ꪄ꪿ꪱ,False
bỏ lửng,ꪄ꪿ꪱ ꪬꪺ,False
"giết, mổ, thịt",ꪄ꫁ꪱ,False
"giết, mổ, mất",ꪄ꫁ꪱ,True
"xử tử, tử hình",ꪄ꫁ꪱ,False
"diệt, tru",ꪄ꫁ꪱ,False
khử,ꪄ꫁ꪱ,False
"hồ, giáo",ꪄ꫁ꪱ,False
đời giáo,ꪹꪔꪸꪉ,True
"hồ, giáo",ꪕꪸꪣ,True
giết sạch,ꪄ꫁ꪱ ꪒꪾꪚ,False
"cãi cọ, xô xát",ꪄ꫁ꪱ ꪬꪺ,False
cãi xớt xô ruột,ꪄ꫁ꪱ ꪁꪴꪒ,True
"cãi cọ, xô cúi",ꪄ꫁ꪱ ꪬꪺ,True
tả lại,ꪄ꫁ꪱ ꪹꪄꪱ꪿,False
gây gổ,ꪄ꫁ꪱ ꪈ꫁ꪱꪫ,False
"bẻ lí, bắt bẻ",ꪄ꫁ꪱ ꪁꪫꪱꪣ,False
"bẻ lí, bắt cồng",ꪄ꫁ꪱ ꪁꪫꪱꪣ,True
"sụn, sai, sái",ꪅꪱ,False
"ngấm sai, sái",ꪅꪱ,True
"sụn, sai, sái",ꪹꪮꪷ꪿ꪀ,True
lìa đời,ꪅꪱ ꪁꪱꪥ,False
giạng chân,ꪅꪱ ꪅꪱꪚ,False
giạng chân,ꪭꪳꪒ ꪅꪱꪚ,True
giạng chân,ꪹꪮ꫁ꪥ ꪅꪱꪚ,True
rụng rời,ꪅꪱ ꪅꪱꪒ,False
khạc,ꪅ꫁ꪱꪀ,False
khạc nhổ,ꪅ꫁ꪱꪀ ꪹꪡꪸ,False
khạc noi,ꪕꪰ꪿ꪉ ꪹꪡꪸ,True
bán,ꪄꪱꪥ,False
sạt,ꪄꪱꪥ,True
bán đứt,ꪄꪱꪥ ꪄꪱꪒ,False
mòng đứt,ꪄꪱꪥ ꪄꪱꪒ,True
bán điếc,ꪄꪱꪥ ꪄꪱꪒ,True
giả danh,ꪄꪱꪥ ꪘ꫁ꪱ,False
"chửng, gấm",ꪄꪱꪥ ꪘ꫁ꪱ,True
"bán cho, để cho",ꪄꪱꪥ ꪝ꪿ꪽ,False
"ríu cho, để láy",ꪄꪱꪥ ꪕꪮꪙ,True
rót,ꪄ꪿ꪱꪥ,False
lướt,ꪄ꪿ꪱꪥ,False
bóng gió,ꪄ꪿ꪱꪥ,False
tai hại,ꪄ꪿ꪱꪥ,False
khét hại,ꪄ꪿ꪱꪥ,True
"nhơ danh, nhơ nhuốc",ꪄ꪿ꪱ ꪘ꫁ꪱ,False
"hốc, tượng thẫm nhuốc",ꪄ꪿ꪱ ꪘ꫁ꪱ,True
mõ,ꪄꪱꪀ,False
hô hố,ꪅꪱꪀ ꪅꪱꪀ,False
hô hố,ꪅꪱꪀ ꪁꪳꪣ,True
khệnh khạng,ꪅꪱꪀ ꪹꪅꪸꪀ,False
me,ꪄꪱꪣ,False
khám,ꪄ꪿ꪱꪣ,False
huống,ꪄ꪿ꪱꪣ,True
qua,ꪄ꫁ꪱꪣ,False
vượt,ꪄ꫁ꪱꪣ,False
"sơ qua, lướt qua, phớt qua",ꪄ꫁ꪱꪣ ꪤ꪿ꪱꪉ,False
"sơ qua, lướt qua, nùng qua",ꪄ꫁ꪱꪣ ꪤ꪿ꪱꪉ,True
"gớm qua, lướt qua, phớt qua",ꪄ꫁ꪱꪣ ꪤ꪿ꪱꪉ,True
chót bót,ꪄ꫁ꪱꪣ ꪄ꪿ꪱ,False
bàng hoàng,ꪅ꪿ꪱꪣ ꪅꪲ꪿ꪣ,False
"bàng quắn,",ꪵꪙꪙ ꪅꪲ꪿ꪣ,True
"nỏ, đượm",ꪄꪱꪙ,False
thiên định,ꪄꪱꪙ,False
xoan định,ꪄꪱꪙ,True
thiên ngần,ꪬ꪿ꪱ,True
"bình sinh, sinh thời",ꪄꪱꪙ,False
bình nghi sinh thời,ꪄꪱꪙ,True
khan,ꪄꪱꪙ,False
thưa,ꪄꪱꪙ,False
hùn,ꪄꪱꪙ,True
nhận lời,ꪄꪱꪙ,False
"nhử, lời",ꪄꪱꪙ,True
để ruộng khan cho lúa dễ bén rễ,ꪄꪱꪙ ꪙꪱ,False
mỉa đỉa khan cho lấp dễ bén rễ,ꪄꪱꪙ ꪙꪱ,True
để ruộng khan cho lúa dễ bén rễ,ꪹꪤꪷ꪿ꪀ ꪙꪱ,True
đáp lại,ꪄꪱꪙ ꪔꪮꪚ,False
đáp hiu,ꪯꪮꪥ ꪔꪮꪚ,True
chi lại,ꪄꪱꪙ ꪔꪮꪚ,True
quý,ꪅꪱꪙ,False
gang,ꪄꪱꪉ,False
dủi,ꪄꪱꪉ,True
xà rầm,ꪄꪱꪉ,False
tháo,ꪄ꪿ꪱꪉ,False
bong,ꪄ꪿ꪱꪉ,False
"đóng tảng, kết tảng",ꪄ꫁ꪱꪉ,False
"vung, tảng, kết tảng",ꪄ꫁ꪱꪉ,True
rắn,ꪵꪄꪉ,False
cứng,ꪵꪄꪉ,False
"cương,căng",ꪵꪄꪉ,False
"ngang ngạnh, cương ngạnh",ꪵꪄꪉ,False
ngang hoài cưa luyến,ꪵꪄꪉ,True
vững lòng,ꪵꪄꪉ ꪻꪊ,False
"khe, lòng",ꪵꪄꪉ ꪻꪊ,True
nhòa lòng,ꪵꪄꪉ ꪻꪊ,True
rắn chắc,ꪵꪄꪉ ꪀꪨꪽ,False
ục đìu,ꪵꪄꪉ ꪀꪨꪽ,True
rắn chắc,ꪵꪄꪉ ꪝꪸ꫁,True
rắn cấc,ꪵꪄꪉ ꪹꪀꪷ꪿ꪀ,False
nan dọc của phên rào,ꪵꪄꪉ ꪭ꫁ꪺ,False
nan dọc của phên rào,ꪢꪺ ꪭ꫁ꪺ,True
nan dọc của phên rào,ꪵꪄꪉ ꪵꪝꪙꪫ,True
mới cứng,ꪵꪄꪉ ꪵꪅꪚ ꪅꪱꪚ,False
quai cứng,ꪵꪄꪉ ꪵꪅꪚ ꪅꪱꪚ,True
rắn chắc,ꪵꪄꪉ ꪹꪖꪀ ꪹꪖꪀ,False
"cứng cỏi, rắn rỏi",ꪵꪄꪉ ꪹꪖꪀ ꪹꪖꪀ,False
"dũi, chằn rắn nhái",ꪚꪸ꪿ꪙ ꪹꪖꪀ ꪹꪖꪀ,True
đua,ꪵꪄ꪿ꪉ,False
đích,ꪵꪄ꪿ꪉ,True
thi đua,ꪵꪄ꪿ꪉ ꪋꪲꪉ,False
trém nạn,ꪵꪄ꪿ꪉ ꪋꪲꪉ,True
dãi nắng,ꪵꪄ꪿ꪉ ꪵꪒꪒ,False
"vờ vĩnh, vờ vịt",ꪵꪄ꫁ꪉ ꪫ꪿ꪱ ꪩ꫁ꪱ,False
trắng,ꪄꪱꪫ,False
trắng,ꪵꪋꪚ,True
bạc đầu,ꪄꪱꪫ,False
"bạc cải,",ꪄꪱꪫ,True
lờn lợt,ꪄꪱꪫ ꪹꪚꪷꪔꪀ,False
lờn lợt,ꪄꪱꪫ ꪏꪩꪲ꪿ꪫ,True
lờn ghẻ,ꪄꪱꪫ ꪹꪚꪷꪔꪀ,True
trắng hồng,ꪄꪱꪫ ꪓꪱꪫ,False
lèo hồng,ꪄꪱꪫ ꪹꪤꪱ꪿,True
trắng bệch,ꪄꪱꪫ ꪹꪮꪷꪀ ꪹꪮꪷ꫁ꪙ,False
đốn bệch,ꪄꪱꪫ ꪹꪮꪷꪀ ꪹꪮꪷ꫁ꪙ,True
trắng nõn,ꪄꪱꪫ ꪡꪮꪉ,False
trắng xoá,ꪄꪱꪫ ꪎꪱꪀ,False
trắng như trứng bóc,ꪄꪱꪫ ꪻꪎ,False
trắng như trứng bóc,ꪄꪱꪫ ꪥꪷ꪿,True
biếu,ꪄ꪿ꪱꪫ,False
"đồn,kháo",ꪄ꪿ꪱꪫ,False
dửng,ꪄ꪿ꪱꪫ,True
tra,ꪄ꫁ꪱꪫ,False
vầu,ꪄ꫁ꪱꪫ,True
"tra cứu, khảo cứu",ꪄ꫁ꪱꪫ,False
tra lát khảo nhược,ꪄ꫁ꪱꪫ,True
thử,ꪄ꫁ꪱꪫ,False
khá lâu,ꪅꪱꪫ ꪹꪬꪷꪉ,False
"khá giúp,",ꪅꪱꪫ ꪹꪬꪷꪉ,True
"một lát, một lúc",ꪅꪱꪫ ꪙꪳ꪿ꪉ,False
"một lát, giam lúc",ꪅꪱꪫ ꪙꪳ꪿ꪉ,True
kẽ,ꪄꪱꪚ,False
guồng,ꪄꪱꪚ,True
thao láo,ꪄꪱꪚ ꪄꪱꪚ,False
rách,ꪄꪱꪒ,False
"bì,",ꪄꪱꪒ,True
đứt,ꪄꪱꪒ,False
dứt,ꪄꪱꪒ,False
cấy,ꪄꪱꪒ,True
chạy,ꪄꪱꪒ,False
chạy,ꪊꪨꪺꪀ,True
tắt,ꪄꪱꪒ,False
ngã giá,ꪄꪱꪒ ꪁ꪿ꪱ,False
ngã giá,ꪵꪜꪉ ꪁ꪿ꪱ,True
rói giá,ꪄꪱꪒ ꪁ꪿ꪱ,True
rách nát,ꪄꪱꪒ ꪵꪜ꪿,False
rách hông,ꪄꪱꪒ ꪵꪜ꪿,True
đứt rời,ꪄꪱꪒ ꪜꪲꪒ,False
đứt rời,ꪄꪱꪒ ꪭꪫꪱꪉ,True
dứt khoát,ꪄꪱꪒ ꪁꪫꪱꪣ,False
dứt lời,ꪄꪱꪒ ꪁꪫꪱꪣ,False
dứt lời,ꪄꪱꪒ ꪒꪲ,True
cạn khô,ꪄꪱꪒ ꪹꪔꪷꪒ,False
"đứt hẳn, đứt giá",ꪄꪱꪒ ꪹꪔꪷꪒ,False
"đứt hẳn, đứt đói,",ꪄꪱꪒ ꪢ꪿ꪱꪉ,True
"vặn, hẳn, đứt còn,",ꪄꪱꪒ ꪹꪁꪸ꪿ꪫꪥ,True
tuốt,ꪅꪱꪒ,False
"nỉ,",ꪅꪱꪒ,True
"sừng, gạc",ꪹꪄꪱ,False
khau cút,ꪹꪄꪱ ꪀꪴꪒ,False
khau cút hoa sen,ꪹꪄꪱ ꪀꪴꪒ ꪝ꫁ꪺ,False
khau cút hoa sen,ꪹꪄꪱ ꪀꪫꪱꪙ ꪝ꫁ꪺ,True
cái go,ꪹꪄꪱ ꪡꪳꪣ,False
vại go,ꪹꪄꪱ ꪡꪳꪣ,True
phồn go,ꪹꪄꪱ ꪡꪳꪣ,True
nhung,ꪹꪄꪱ ꪶꪕꪣ,False
nhung,ꪄꪱꪫ ꪶꪕꪣ,True
"khấu, khấu trừ",ꪹꪄꪱ꪿,False
lúa,ꪹꪄꪱ꫁,False
thóc,ꪹꪄꪱ꫁,False
gạo,ꪹꪄꪱ꫁,False
gạo,ꪙꪴꪙ,True
cơm,ꪹꪄꪱ꫁,False
"sắc, bén",ꪹꪄꪱ꫁,False
"sắc, ngoảnh",ꪻꪁ꪿,True
vào,ꪹꪄꪱ꫁,False
vào,ꪵꪠꪨ,True
vào,ꪹꪄꪱ꫁,False
vào,ꪄ꫁ꪺꪣ,True
"đứng về, hùa vào",ꪹꪄꪱ꫁,False
"đứng về, hùa nài,",ꪹꪄꪱ꫁,True
"lại, đi",ꪹꪄꪱ꫁,False
cơm bông,ꪹꪄꪱ꫁ ꪚꪮꪀ ꪉꪱꪥ,False
vẩn bông,ꪹꪄꪱ꫁ ꪚꪮꪀ ꪉꪱꪥ,True
xốc bông,ꪹꪄꪱ꫁ ꪚꪮꪀ ꪉꪷ꪿,True
hạt thóc đang nở,ꪹꪄꪱ꫁ ꪶꪚ,False
hạt thóc đang cò,ꪹꪚ꪿ꪱ ꪶꪚ,True
hạt thóc đột nở,ꪹꪄꪱ꫁ ꪶꪚ,True
bột bằng gạo,ꪹꪄꪱ꫁ ꪹꪚ,False
"bột bằng quần,",ꪹꪄꪱ꫁ ꪹꪚ,True
bột cám gạo,ꪹꪄꪱ꫁ ꪹꪚ,True
thóc,ꪹꪄꪱ꫁ ꪀꪱꪀ,False
"kêu,",ꪒ꫁ꪺꪉ ꪣꪲ꫁ꪙ,True
cháo,ꪹꪄꪱ꫁ ꪵꪀꪉ,False
thóc nộp thuế thay cho lao dịch,ꪹꪄꪱ꫁ ꪋ꫁ꪱꪙ,False
"thóc nộp súng, thay nhát lao dịch",ꪹꪄꪱ꫁ ꪋ꫁ꪱꪙ,True
cơm nấu,ꪹꪄꪱ꫁ ꪊ꫁ꪱꪫ,False
ăn ý,ꪹꪄꪱ꫁ ꪻꪊ,False
bút ý,ꪹꪄꪱ꫁ ꪻꪊ,True
nhập tâm,ꪹꪄꪱ꫁ ꪻꪊ,False
hiểu,ꪹꪄꪱ꫁ ꪻꪊ,False
hiểu,ꪹꪄꪱ꫁ ꪶꪊꪀ,True
lúa tẻ,ꪹꪄꪱ꫁ ꪊꪾ,False
"lúa dôi,",ꪹꪄꪱ꫁ ꪊꪾ,True
gạo tẻ,ꪹꪄꪱ꫁ ꪊꪾ,False
lúa chiêm,ꪹꪄꪱ꫁ ꪊꪸꪣ,False
lúa chiêm,ꪹꪄꪱ꫁ ꪹꪄꪷꪀ,True
gạo lức,ꪹꪄꪱ꫁ ꪀ꫁ꪮꪉ,False
cốm già,ꪹꪄꪱ꫁ ꪭꪱꪉ,False
cốm già,ꪩꪮꪒ ꪼꪠ꫁,True
"cơm sốt, cơm nóng",ꪹꪄꪱ꫁ ꪭ꫁ꪮꪙ,False
"nặc sốt, chở tươi",ꪹꪄꪱ꫁ ꪭ꫁ꪮꪙ,True
xuôi ta,ꪹꪄꪱ꫁ ꪬꪴ,False
lúa non,ꪹꪄꪱ꫁ ꪹꪀꪸꪒ,False
đóng vảy,ꪹꪄꪱ꫁ ꪹꪀꪸꪒ,False
cơm nắm,ꪹꪄꪱ꫁ ꪶꪅꪀ,False
"quặn, nắm",ꪀꪳ꪿ ꪶꪅꪀ,True
xuống lỗ,ꪹꪄꪱ꫁ ꪄꪴꪣ,False
"xuống màn,",ꪹꪄꪱ꫁ ꪄꪴꪣ,True
cơm lam,ꪹꪄꪱ꫁ ꪨꪱꪣ,False
khớp lam,ꪹꪄꪱ꫁ ꪨꪱꪣ,True
ăn cánh,ꪹꪄꪱ꫁ ꪹꪩꪱ,False
ăn bộng,"ꪕ꪿ꪽ, ꪹꪩꪱ",True
thóc ngựa ăn,ꪹꪄꪱ꫁ ꪵꪨ꪿ꪫ,False
"thóc ngựa rước,",ꪹꪄꪱ꫁ ꪵꪨ꪿ꪫ,True
ngô,ꪹꪄꪱ꫁ ꪩꪲ,False
ngô,ꪹꪄꪱ꫁ ꪣꪮꪉ,True
lúa sớm,ꪹꪄꪱ꫁ ꪨꪷ,False
lúa sớm,ꪀꪷ꪿ ꪨꪷ,True
cơm búng,ꪹꪄꪱ꫁ ꪣ꪿ꪱꪙ,False
cốm dẹp,ꪹꪄꪱ꫁ ꪹꪢꪱ꫁,False
cốm dẹp,ꪐ꫁ꪱꪣ ꪹꪢꪱ꫁,True
"bươm, dẹp",ꪹꪄꪱ꫁ ꪹꪢꪱ꫁,True
lúa mùa,ꪹꪄꪱ꫁ ꪣꪺ,False
"lúa lóng,",ꪹꪄꪱ꫁ ꪣꪺ,True
"thóc lúa, thóc gạo",ꪹꪄꪱ꫁ ꪙꪾ꫁,False
thóc phía thóc gạo,ꪹꪄꪱ꫁ ꪙꪾ꫁,True
thóc chiếm thóc gạo,ꪹꪄꪱ꫁ ꪙꪾ꫁,True
cơm nước,ꪹꪄꪱ꫁ ꪙꪾ꫁,False
lương thực,ꪹꪄꪱ꫁ ꪙꪾ꫁,False
"lương vân,",ꪹꪄꪱ꫁ ꪉꪺꪚ,True
"tô, địa tô",ꪹꪄꪱ꫁ ꪉꪺꪒ,False
"tô, địa cấn,",ꪹꪄꪱ꫁ ꪉꪺꪒ,True
"xôi, cơm xôi, xôi nếp",ꪹꪄꪱ꫁ ꪘꪳ꫁ꪉ,False
"xôi, cơm ứng xôi nếp",ꪁꪰꪒ ꪘꪳ꫁ꪉ,True
"xôi, lâu xôi, xôi nếp",ꪹꪄꪱ꫁ ꪘꪳ꫁ꪉ,True
lúa nếp,ꪹꪄꪱ꫁ ꪮ꪿ꪮꪙ,False
gạo nếp,ꪹꪄꪱ꫁ ꪮ꪿ꪮꪙ,False
xôi nếp,ꪹꪄꪱ꫁ ꪮ꪿ꪮꪙ,False
xôi nếp,ꪹꪄꪱ꫁ ꪏ꪿ꪱꪉ,True
kê,ꪹꪄꪱ꫁ ꪠ꫁ꪱꪉ,False
hùa,ꪹꪄꪱ꫁ ꪁꪫꪱꪣ,False
"bươm,",ꪹꪄꪱ꫁ ꪁꪫꪱꪣ,True
bánh chưng,ꪹꪄꪱ꫁ ꪶꪔ꫁ꪣ,False
bánh chưng,ꪤꪷ꪿ ꪶꪔ꫁ꪣ,True
gạo,ꪹꪄꪱ꫁ ꪎꪱꪙ,False
gạo,ꪭꪲꪚ ꪎꪱꪙ,True
bỏng,ꪹꪄꪱ꫁ ꪎꪲ,False
gạo giã kĩ,ꪹꪄꪱ꫁ ꪏ꫁ꪮꪣ,False
gạo giã kĩ,ꪹꪄꪱ꫁ ꪄ꫁ꪱꪣ,True
buồn phiền,ꪹꪅꪱ ꪻꪊ,False
úp phiền,ꪹꪅꪱ ꪶꪄꪨ꪿ꪙ,True
rầu rĩ,ꪹꪅꪱ ꪢ꫁ꪮꪣ,False
rầu kẹo,ꪹꪅꪱ ꪢ꫁ꪮꪣ,True
"rầu xiêu,",ꪶꪮ꪿ꪉ ꪢ꫁ꪮꪣ,True
buồn rầu,ꪹꪅꪱ ꪹꪈꪱ,False
"ngoắt, rầu",ꪹꪅꪱ ꪹꪈꪱ,True
khô,ꪻꪄ꪿,False
mỡ,ꪼꪄ,False
mở,ꪼꪄ,False
"nở, khai",ꪼꪄ,False
"nở, dòm",ꪼꪄ,True
"trớn, giương",ꪼꪄ,False
"phí, nhích,",ꪼꪄ,True
"trớn, nghĩa,",ꪼꪄ,True
sinh nở,ꪼꪄ,False
xớt nở,ꪹꪀꪱ꪿,True
khai sinh,ꪼꪄ,False
ọe sinh,ꪼꪄ,True
khai hoa,ꪼꪄ ꪚꪮꪀ,False
khai hoa,ꪶꪮꪒ ꪚꪮꪀ,True
vỡ lòng,ꪼꪄ ꪻꪊ,False
vỡ khốc,ꪼꪄ ꪻꪊ,True
vỡ gỡ,ꪼꪄ ꪻꪊ,True
khai trường,ꪼꪄ ꪹꪋꪉ,False
hỡn mỡ,ꪼꪄ ꪹꪋꪉ,True
mở đầu,ꪼꪄ ꪶꪀ꪿ꪀ,False
"mở phính,",ꪼꪄ ꪶꪀ꪿ꪀ,True
mở mặt,ꪼꪄ ꪘ꫁ꪱ,False
mở mặt,ꪹꪄꪱ꪿ ꪘ꫁ꪱ,True
mở um,ꪼꪄ ꪘ꫁ꪱ,True
mở hàng,ꪼꪄ ꪭꪱꪉ,False
men hàng,ꪼꪄ ꪭꪱꪉ,True
khai hội,ꪼꪄ ꪜꪱꪉ,False
khai hội,ꪼꪄ ꪠꪴ꪿ꪀ,True
phún hội,ꪼꪄ ꪜꪱꪉ,True
khai mạc,ꪼꪄ ꪜꪱꪉ,False
mở rộng,ꪼꪄ ꪀ꫁ꪫꪱꪉ,False
mở rộng,ꪼꪄ ꪝꪾ,True
mở mang,ꪼꪄ ꪀ꫁ꪫꪱꪉ,False
mở lâm,ꪚ꪿ꪱꪥ ꪀ꫁ꪫꪱꪉ,True
tỉnh mang,ꪼꪄ ꪀ꫁ꪫꪱꪉ,True
này,ꪼꪅ꫁,False
giậm,ꪼꪅ꫁,True
"bây giờ, giờ",ꪼꪅ꫁,False
"bây giờ, giờ",ꪫ꫁ꪱꪫ,True
nay,ꪼꪅ꫁,False
ngay bây giờ,ꪼꪅ꫁ ꪤꪰꪒ,False
giờ đây,ꪼꪅ꫁ ꪙꪲ꫁,False
giờ đây,ꪼꪅ꫁ ꪏꪉ꫁ꪱ,True
bậc,ꪅꪰꪀ,False
khấc,ꪅꪰꪀ,False
nấc,ꪅꪰꪀ,False
nấc,ꪖ꫁ꪺꪣ,True
chắc,ꪅꪰꪀ,False
đích xác,ꪅꪰꪀ,False
đích xác,ꪬ꪿ꪺꪙ,True
thin xác,ꪅꪰꪀ,True
quả thật,ꪅꪰꪀ,False
quả thật,ꪥꪱꪙ,True
"rành rọt, tường tận",ꪅꪰꪀ ꪼꪅ꫁,False
"rành rọt, giải tận",ꪅꪰꪀ ꪏ꫁ꪱꪫ,True
"nâu treo, tường tận",ꪅꪰꪀ ꪏꪩꪱꪥ,True
gập ghềnh,ꪅꪰꪀ ꪅ꪿ꪮꪣ,False
"quả vậy, quả thế, thật vậy, nếu thế",ꪅꪰꪀ ꪵꪣ꪿ꪙ,False
"quả vậy, quả thế, thật vậy, nếu bởi",ꪅꪰꪀ ꪵꪣ꪿ꪙ,True
rõ rệt,ꪅꪰꪀ ꪵꪙꪀ,False
quả là,ꪅꪰꪀ ꪫ꪿ꪱ,False
quả là,ꪫꪱꪉ ꪫ꪿ꪱ,True
"quàu quạu, hằm hằm",ꪄꪾ,False
"quàu quạu, tía hằm",ꪄꪾ,True
cầm,ꪄꪾ꪿,False
cầm quân,ꪄꪾ꪿ ꪀꪺꪙ,False
khít quân,ꪄꪾ꪿ ꪀꪺꪙ,True
cầm quân,ꪄꪾ꪿ ꪋꪱꪀ,True
cầm quyền,ꪄꪾ꪿ ꪁꪫꪸꪙ,False
nửa muốn nửa không,ꪄꪾ꪿ ꪫꪱꪉ,False
nửa muốn nửa không,ꪝꪱꪀ ꪫꪱꪉ,True
thổ cẩm màu sặc sỡ,ꪄꪾ꪿ ꪵꪄꪚ,False
"thổ cẩm màu trội, sỡ",ꪄꪾ꪿ ꪵꪄꪚ,True
đau đáu,ꪅꪾ꫁ ꪅꪾ꫁,False
"miệng, đáu",ꪑꪲ꫁ꪫ ꪅꪾ꫁,True
khăn,ꪄꪽ,False
gáy,ꪄꪽ,False
khăn xếp,ꪄꪽ ꪊꪲꪚ,False
"khăn tang, khăn chế",ꪄꪽ ꪒ꪿ꪮꪙ,False
khăn lũ khăn chế,ꪄꪽ ꪒ꪿ꪮꪙ,True
khăn tay,ꪄꪽ ꪶꪣꪙ,False
khăn tay,ꪄꪽ ꪶꪤ꪿ꪀ,True
khăn vừng,ꪄꪽ ꪶꪣꪙ,True
gáy gở,ꪄꪽ ꪮꪮꪙ,False
rần gở,ꪄꪽ ꪮꪮꪙ,True
khăn piêu,ꪄꪽ ꪜꪸꪫ,False
khăn thuở,ꪄꪽ ꪜꪸꪫ,True
khăn vuông,ꪄꪽ ꪪꪺꪉ,False
x. vuông,ꪄꪽ ꪪꪺꪉ,True
khăn vuông,ꪄꪽ ꪙꪾ,True
"gáy sáng, canh già",ꪄꪽ ꪏꪱꪙ,False
"gáy sáng, chó già",ꪄꪽ ꪏꪱꪙ,True
"gáy dán canh rặng,",ꪄꪽ ꪏꪱꪙ,True
"bậc, bực",ꪄ꫁ꪽ,False
ngăn,ꪄꪽ,False
giạt,ꪄꪽ,True
"cách, ngăn cách",ꪄꪽ,False
"cách, phứa cách",ꪄꪽ,True
ngăn từng đoạn một,ꪄ꫁ꪽ ꪁ꫁ꪮꪙ,False
hẻo lánh,ꪄ꫁ꪽ ꪁ꫁ꪮꪙ,False
"xen kẽ, xen",ꪄ꫁ꪽ ꪵꪄꪣ,False
"xen kẽ, mở",ꪄ꫁ꪽ ꪵꪄꪣ,True
"cách ngày, cách nhật",ꪄ꫁ꪽ ꪣꪳ꫁,False
"cách hiệu cách ra,",ꪄ꫁ꪽ ꪣꪳ꫁,True
"cách ngày, kiệt chín",ꪄ꫁ꪽ ꪣꪳ꫁,True
Xinh,ꪅ꫁ꪽ,False
tú,ꪅ꫁ꪽ,True
khoẻ,ꪅ꫁ꪽ,False
Dự trữ,ꪅ꫁ꪽ,False
"Đẹp trai, điển trai, xinh trai",ꪅ꫁ꪽ ꪋꪱꪥ,False
"Đẹp oán điển trai, xinh trai",ꪅ꫁ꪽ ꪋꪱꪥ,True
"Đẹp ho cóng trai, xinh trai",ꪅ꫁ꪽ ꪋꪱꪥ,True
Xinh đẹp,ꪅ꫁ꪽ ꪋ꪿ꪽ,False
nạn đẹp,ꪅ꫁ꪽ ꪋ꪿ꪽ,True
Xinh đẹp,ꪅ꫁ꪽ ꪶꪀꪥ,True
Chuẩn bị,ꪅ꫁ꪽ ꪅꪱꪉ,False
Chuẩn giềng,ꪹꪛꪸꪙꪀ ꪅꪱꪉ,True
Sẵn sàng,ꪅ꫁ꪽ ꪅꪱꪉ,False
xinh xắn,ꪅ꫁ꪽ ꪕꪅꪮꪀ,False
"lừ, trừng, trợn",ꪄꪰꪉ,False
"lừ, trừng, xịu",ꪄꪰꪉ,True
căng mắt,ꪄꪰꪉ ꪔꪱ,False
"quắc mắt, trừng mắt",ꪄꪰꪉ ꪔꪱ,False
"quắc mắt, đậu mắt",ꪄꪰꪉ ꪔꪱ,True
"cái, chiếc",ꪄꪰ꫁ꪉ,False
"cái, điếng",ꪄꪰ꫁ꪉ,True
găng,ꪅꪰꪉ,False
hát,ꪄꪾꪚ,False
hát hỏng,ꪄꪾꪚ ꪵꪄꪀ,False
"ca hát, hát xưởng",ꪄꪾꪚ ꪄꪲ꪿ꪉ,False
ké,ꪄꪰꪒ,False
cài,ꪄꪰꪒ,False
"ngáng, ngoéo",ꪄꪰꪒ,False
"găng, gay gắt",ꪄꪰꪒ,False
"găng, cừ, gắt",ꪄꪰꪒ,True
khủng khẳng,ꪄꪰꪒ ꪄ꫁ꪱꪫ,False
nghiến răng,ꪄꪰꪒ ꪵꪄ꫁ꪫ,False
quẹt răng,ꪣꪷ ꪵꪄ꫁ꪫ,True
nhủng nhẳng,ꪄꪰꪒ ꪄꪲꪙ,False
xưng hùng xưng bá,ꪄꪰꪒ ꪄ꫁ꪫꪱꪉ,False
xưng hùng xưng bá,ꪀꪒꪱꪀ ꪄ꫁ꪫꪱꪉ,True
vướng mắc,ꪄꪰꪒ ꪄ꫁ꪮꪉ,False
"thủ thế, thủ miếng",ꪄꪰꪒ ꪎꪨꪰꪉ,False
"hộc, thế, thủ miếng",ꪄꪰꪒ ꪶꪑ꫁ꪉ,True
tong tả,ꪅꪥ꪿ꪱꪉ ꪅꪥ꪿ꪱꪉ,False
đường tả,ꪅꪥ꪿ꪱꪉ ꪅꪥ꪿ꪱꪉ,True
tong tả,ꪅꪥ꪿ꪱꪉ ꪊꪸꪣ,True
nhon nhón,ꪅꪥ꫁ꪮꪀ ꪅꪥ꫁ꪮꪀ,False
nhon mọ,ꪅꪥ꫁ꪮꪀ ꪀ꫁ꪺꪥ,True
phụng nhón,ꪅꪥ꫁ꪮꪀ ꪅꪥ꫁ꪮꪀ,True
nhảy chồm chồm,ꪶꪅꪥ꫁ꪀ ꪅꪥ꪿ꪱꪉ,False
"nhảy sôi, chồm",ꪶꪅꪥ꫁ꪀ ꪎꪰꪉ,True
hùng hục,ꪶꪅꪥ꫁ꪀ ꪶꪅꪥ꫁ꪀ,False
"hùng nhiên,",ꪙꪽ ꪶꪅꪥ꫁ꪀ,True
co cẳng,ꪶꪅꪥ꪿ꪉ ꪶꪅꪥ꪿ꪉ,False
lum cẳng,ꪶꪅꪥ꪿ꪉ ꪶꪅꪥ꪿ꪉ,True
chồm lên hạ xuống,ꪶꪄꪤꪚ ꪶꪄꪤꪚ,False
nẳng lên hạ xuống,ꪶꪄꪤꪚ ꪶꪄꪤꪚ,True
"chồm lên dốc, minh,",ꪶꪄꪤꪚ ꪶꪄꪤꪚ,True
tai vạ,ꪵꪄ ꪭ꫁ꪱꪥ,False
rỡ vạ,ꪵꪄ ꪭ꫁ꪱꪥ,True
trộn vạ,ꪵꪄ ꪭ꫁ꪱꪥ,True
khì khì,ꪵꪅ꪿ ꪵꪅ꪿,False
khì khì,ꪩꪲ꫁ꪣ ꪵꪅ꪿,True
gọi,ꪵꪄꪀ,False
"kêu, gào",ꪵꪄꪀ,False
"kêu, gào",ꪀꪲ꪿ꪉ,True
"hò, hè",ꪵꪄꪀ,False
thốt,ꪵꪄꪀ,False
rá,ꪵꪄꪀ,True
"nó,",ꪵꪄꪀ,True
khách,ꪵꪄ꪿ꪀ,False
múc,ꪵꪄ꪿ꪀ,True
"kêu la, gào khóc",ꪵꪄꪀ ꪼꪬ꫁,False
"kêu la, gào khuyu",ꪵꪄꪀ ꪼꪬ꫁,True
kêu mớn gào tàm,ꪵꪄꪀ ꪼꪬ꫁,True
kêu gọi,ꪵꪄꪀ ꪭꪸꪀ,False
kêu gào,ꪵꪄꪀ ꪭ꫁ꪮꪉ,False
"nháo, gào",ꪵꪄꪀ ꪭ꫁ꪮꪉ,True
"bong, gào",ꪵꪄꪀ ꪭ꫁ꪮꪉ,True
"hú hồn, hú vía",ꪵꪄꪀ ꪄꪺꪙ,False
chiêu hồn,ꪵꪄꪀ ꪄꪺꪙ,False
chiêu hồn,ꪄ꪿ꪺꪀ ꪄꪺꪙ,True
khách khứa,ꪵꪄꪀ ꪹꪄ꪿,False
khách khứa,ꪵꪄꪀ ꪹꪥ꫁ꪉ,True
khách khí,ꪵꪄꪀ ꪹꪄ꪿,False
khách sâu,ꪵꪄꪀ ꪹꪄ꪿,True
chít,ꪵꪄꪣ,False
mập,ꪵꪄꪣ,True
"sém, cháy",ꪵꪄ꫁ꪣ,False
truồng cháy,ꪵꪄ꫁ꪣ,True
"sém, hoa,",ꪵꪄ꫁ꪣ,True
"sém, cạnh già",ꪵꪄ꫁ꪣ,False
"nhánh, cạnh nghi",ꪵꪄ꫁ꪣ,True
cháy,ꪵꪄ꫁ꪣ,False
"bâu,",ꪶꪉ꪿ꪙ,True
rát,ꪵꪄ꫁ꪣ,False
cháy nắng,ꪵꪄ꫁ꪣ ꪵꪒꪒ,False
cháy nắng,ꪵꪄ꫁ꪣ ꪏꪱꪫ,True
cháy lưng,ꪵꪄ꫁ꪣ ꪎꪨꪰꪉ,False
"cánh tay, tay",ꪵꪄꪙ,False
cánh hét tay,ꪵꪄꪙ,True
"cánh tay, tay",ꪹꪔꪷ꫁ꪙ,True
"dù, dầu, dẫu",ꪵꪄꪙ ꪔꪱ,False
"dù, dầu, dậu",ꪵꪄꪙ ꪔꪱ,True
"khuỷu tay, cùi tay",ꪵꪄꪙ ꪎꪮꪀ,False
khuỷu đàm cùi tay,ꪵꪄꪙ ꪎꪮꪀ,True
"cọng tay, cùi tay",ꪵꪄꪙ ꪎꪮꪀ,True
ống tay,ꪵꪄꪙ ꪹꪎ꫁,False
ống tay,ꪵꪄꪙ ꪮꪱꪉ,True
vỏ gai,ꪵꪄ꪿ꪙ,False
rát,ꪵꪄ꪿ꪙ,False
giậm,ꪵꪄ꪿ꪙ,True
xanh,ꪵꪄꪫ,False
xanh thẫm,ꪵꪄꪫ ꪀꪾ꪿,False
xanh thẫm,ꪵꪄꪫ ꪣꪮꪚ,True
xanh nước biển,ꪵꪄꪫ ꪶꪥꪉ ꪶꪥꪉ,False
màu cứt ngựa,ꪵꪄꪫ ꪵꪭ꪿ꪣ,False
"màu mai, ngựa",ꪵꪄꪫ ꪵꪭ꪿ꪣ,True
màu chứ thủi,ꪵꪄꪫ ꪵꪭ꪿ꪣ,True
xanh hồ thủy,ꪵꪄꪫ ꪭꪲ꫁ꪫ ꪭꪲ꫁ꪫ,False
"xanh nôi, thủy",ꪵꪄꪫ ꪭꪲ꫁ꪫ ꪭꪲ꫁ꪫ,True
trong xanh,ꪵꪄꪫ ꪭꪲ꫁ꪫ ꪭꪲ꫁ꪫ,False
Quý xanh,ꪵꪄꪫ ꪭꪲ꫁ꪫ ꪭꪲ꫁ꪫ,True
xanh lông két,ꪵꪄꪫ ꪹꪨꪉ,False
xanh biếc,ꪵꪄꪫ ꪑꪮꪉ ꪑꪮꪉ,False
xanh lá cây,ꪵꪄꪫ ꪔꪮꪉ,False
thoảng phế cây,ꪊꪸ꫁ꪙ ꪔꪮꪉ,True
xanh rì,ꪵꪄꪫ ꪏꪲꪫ,False
đoạn,ꪵꪄ꪿ꪫ,False
răng,ꪵꪄ꫁ꪫ,False
răng bàn cốc,ꪵꪄ꫁ꪫ ꪶꪀ꪿ꪀ,False
răng nanh,ꪵꪄ꫁ꪫ ꪵꪘꪉ,False
"chuyện, nanh",ꪵꪄ꫁ꪫ ꪩ꪿ꪺ,True
răng cửa,ꪵꪄ꫁ꪫ ꪵꪉ,False
vịn,ꪵꪅ꫁ꪫ,False
nhờ cậy,ꪵꪅ꫁ꪫ ꪵꪄꪫꪙ,False
đáp,ꪵꪄꪚ,False
mới tinh,ꪵꪅꪒ,False
lâu tinh,ꪵꪅꪒ,True
xì,ꪵꪅꪒ,False
gục,ꪹꪅꪸ ꪹꪅꪸꪒ,False
gục,ꪶꪙ ꪹꪅꪸꪒ,True
tầm tã,ꪹꪅꪸ꫁ꪀ ꪹꪅꪸ꫁ꪀ,False
tầm tã,ꪹꪅꪸ꫁ꪀ ꪣꪳ,True
ngoáy tã,ꪹꪅꪸ꫁ꪀ ꪹꪅꪸ꫁ꪀ,True
kim,ꪹꪄꪸꪣ,False
"nháp,",ꪹꪄꪸꪣ,True
kim băng,ꪹꪄꪸꪣ ꪶꪀꪉ,False
hán đăm,ꪹꪄꪸꪣ ꪶꪀꪉ,True
kim chỉ,ꪹꪄꪸꪣ ꪼꪢ,False
đực chỉ,ꪹꪄꪸꪣ ꪑꪺꪉ,True
gở,ꪹꪄꪸꪙ,False
gở,ꪮꪾ꫁,True
mắc cửi,ꪹꪄꪸꪙ ꪬꪴꪀ,False
rèn,ꪹꪄꪸ꪿ꪙ,False
đay nghiến,ꪹꪄꪸ꪿ꪙ,False
"rèn luyện, rèn đúc",ꪹꪄꪸ꪿ꪙ ꪩꪸꪉ,False
"rèn luyện, rèn đúc",ꪬꪮꪀ ꪩꪸꪉ,True
"rèn luyện, rèn này",ꪹꪄꪸ꪿ꪙ ꪩꪸꪉ,True
"cáu, bẩn",ꪹꪅꪸ꫁ꪙ,False
lưỡng bẩn,ꪹꪅꪸ꫁ꪙ,True
rầm rầm,ꪹꪅꪸ꪿ꪉ ꪹꪅꪸ꪿ꪉ,False
rầm ải,ꪹꪅꪸ꪿ꪉ ꪹꪅꪸ꪿ꪉ,True
ghê,ꪹꪄꪸꪒ,False
"nhức, buốt, chói",ꪹꪄꪸꪒ,False
"nhức óc, buốt óc, chói óc",ꪹꪄꪸꪒ ꪵꪮꪀ,False
"vồng óc, buốt óc, đốc óc",ꪹꪄꪸꪒ ꪵꪮꪀ,True
"đỡ, óc, buốt óc, chói óc",ꪣ꫁ꪮꪀ ꪵꪯ꪿ꪙ,True
ghét,ꪹꪄꪸꪒ ꪵꪮꪀ,False
gớm,ꪹꪄꪸꪒ ꪔꪱ,False
"trái mắt, gai mắt",ꪹꪄꪸꪒ ꪔꪱ,False
"trái mắt, gai mắt",ꪑꪾ ꪔꪱ,True
"trái mắt, thừ mắt",ꪹꪄꪸꪒ ꪎ꫁ꪱ,True
thảm thiết,ꪄꪲ ꪄꪮꪙ,False
cưỡi,ꪄꪲ꪿,False
đi,ꪄꪲ꪿,False
đánh,ꪄꪲ꪿,False
giời,ꪄꪲ꪿,True
lo buồn,ꪄꪲ꪿ ꪛꪺꪙ,False
lo nụ,ꪄꪲ꪿ ꪛꪺꪙ,True
lo phiền,ꪄꪲ꪿ ꪻꪊ,False
cưỡi đầu,ꪄꪲ꪿ ꪬꪺ,False
thum đầu,ꪄꪲ꪿ ꪬꪺ,True
roi đầu,ꪄꪲ꪿ ꪬꪺ,True
lo âu,ꪄꪲ꪿ ꪨꪷ,False
nhoai âu,ꪄꪲ꪿ ꪨꪷ,True
"cứt, phân",ꪄꪲ꫁,False
"cứt, búng,",ꪄꪲ꫁,True
mùn,ꪄꪲ꫁,False
mùn,ꪥꪱꪒ,True
ỉa,ꪄꪲ꫁,False
ỉa,ꪋꪾ,True
cáu ghét,ꪄꪲ꫁ ꪼꪁ,False
"tuân, ghét",ꪄꪲ꫁ ꪼꪁ,True
cáu vật,ꪄꪲ꫁ ꪼꪁ,True
"mặt cưa, mùn cưa",ꪄꪲ꫁ ꪹꪀ,False
"mặt cưa, mùn đung",ꪄꪲ꫁ ꪹꪀ,True
ỉa són,ꪄꪲ꫁ ꪤꪮꪒ,False
"giễu um,",ꪄꪲ꫁ ꪤꪮꪒ,True
cứt mũi,ꪄꪲ꫁ ꪒꪰꪉ,False
ỉa chảy,ꪄꪲ꫁ ꪒ꫁ꪮꪥ,False
cứt cò,ꪄꪲ꫁ ꪭ꪿ꪮꪥ,False
cứt cò,ꪄꪲ꫁ ꪉ꪿ꪽ,True
"ráy, ráy tai",ꪄꪲ꫁ ꪬꪴ,False
"ráy, ráy tai",ꪊꪴ ꪬꪴ,True
"bủn xỉn, kiệt",ꪄꪲ꫁ ꪹꪀꪸꪒ,False
"chỗ xỉn, kiệt",ꪄꪲ꫁ ꪹꪀꪸꪒ,True
bựa,ꪄꪲ꫁ ꪵꪄ꫁ꪫ,False
nghèo đói,ꪄꪲ꫁ ꪄꪷ꪿,False
"nghèo lạ,",ꪵꪏꪉ ꪄꪷ꪿,True
phân chuồng,ꪄꪲ꫁ ꪄꪴ꪿ꪙ,False
phân chuồng,ꪪ꫁ꪱ ꪄꪴ꪿ꪙ,True
đất vụn,ꪄꪲ꫁ ꪄꪺꪥ,False
tởm,ꪄꪲ꫁ ꪨꪲꪣ,False
vảy,ꪄꪲ꫁ ꪨꪲꪣ,True
nốt ruồi,ꪄꪲ꫁ ꪵꪣꪉ ꪉꪺꪙ,False
dử mũi,ꪄꪲ꫁ ꪣꪴꪀ,False
"dử thâm,",ꪄꪲ꫁ ꪣꪴꪀ,True
hốt,ꪄꪲ꫁ ꪠ꪿ꪱꪫ,False
cứt trâu,ꪄꪲ꫁ ꪁꪫꪱꪥ,False
dử mắt,ꪄꪲ꫁ ꪔꪱ,False
hôi nách,ꪄꪲ꫁ ꪹꪔꪱ꪿,False
đờm,ꪄꪲ꫁ ꪏꪩ꫁ꪱ,False
xút,ꪄꪲ꫁ ꪎꪴꪒ,False
biền biệt,ꪅꪲ ꪅꪾ꫁,False
bới,ꪄꪸ꪿,False
nếp,ꪄꪸ꪿,True
khía,ꪄꪸ꪿,False
"khúc khích, khinh khích",ꪄꪲ꪿ꪀ ꪄꪲ꪿ꪀ,False
"khúc khích, khinh khích",ꪄꪲ꪿ꪀ ꪬꪰꪒ,True
"cao khích, phủ khích",ꪄꪲ꪿ꪀ ꪄꪲ꪿ꪀ,True
"bổ, bửa",ꪄꪸꪀ,False
"nhái, bửa",ꪄꪸꪀ,True
bàn quay,ꪄꪸꪙ,False
bàn quay,ꪹꪑꪷ꪿ꪣ,True
rạch,ꪄꪸ꪿ꪙ,False
lên,ꪄꪸ꪿ꪙ,True
thớt,ꪄꪸꪉ,False
thớt,ꪹꪅꪸ꫁ꪙ,True
"nhái, ngóe",ꪄꪸꪒ,False
phật ý,ꪄꪲꪙ ꪻꪊ,False
"phật ờ,",ꪄꪲꪙ ꪻꪊ,True
"tréo khoeo, tréo chân",ꪄꪲꪙ ꪔꪲꪙ,False
"nữa khoeo, tréo chân",ꪄꪲꪙ ꪔꪲꪙ,True
"tréo khoeo, tréo giúp,",ꪄꪲꪙ ꪁꪴꪉ,True
gừng,ꪄꪲꪉ,False
gừng,ꪣꪲꪉ,True
gừng gió,ꪄꪲꪉ ꪵꪁꪉ,False
chói chang,ꪄꪲ꪿ꪉ ꪄꪲ꪿ꪉ,False
chói lục,ꪄꪲ꪿ꪉ ꪄꪲ꪿ꪉ,True
"cheng cheng, xoang xoảng",ꪅꪲꪉ ꪅꪲꪉ,False
"cheng cheng, bâu xoảng",ꪅꪲꪉ ꪅꪲꪉ,True
thổ cẩm,ꪄꪲꪒ,False
thổ cẩm,ꪉꪳ꫁ꪀ,True
"hắt, dảy",ꪄꪲꪒ,False
"hắt, kiêu",ꪄꪲꪒ,True
đánh bật,ꪄꪲꪒ,False
đánh bật,ꪀꪔꪰꪀ,True
liếc,ꪄꪲꪒ,False
liếc,ꪵꪜꪉ,True
nãn,ꪄꪲꪒ,True
cong tớn,ꪄꪲꪒ,False
vổng,ꪄꪲꪒ,False
"mật,",ꪄꪲꪒ,True
hé,ꪄꪲꪒ,False
"cút,",ꪄꪲꪒ,True
"trông,",ꪄꪲꪒ,True
hé mở,ꪄꪲꪒ ꪙ꪿ꪱꪉ,False
hé mở,ꪋ꫁ꪮꪙ ꪙ꪿ꪱꪉ,True
hôi,ꪄꪲꪫ,False
nghẹ,ꪄꪲꪫ,True
hoi,ꪄꪲꪫ,False
khét,ꪄꪲꪫ,False
hăng,ꪄꪲ꪿ꪫ,False
giờ,ꪄꪲ꪿ꪫ,True
the,ꪄꪲ꪿ꪫ,False
xông,ꪄꪲ꪿ꪫ,False
xách,ꪄꪲ꪿ꪫ,True
"lờ, thời",ꪅꪩꪱꪀ,False
soạt,ꪅꪩꪱꪀ,False
tụt chân xuống vực,ꪄꪨꪾ ꪚꪾ,False
"tụt chân hoạn khoắt,",ꪄꪨꪾ ꪚꪾ,True
xạch xạch,ꪵꪅꪩꪒ ꪵꪅꪩꪒ,False
ngủn,ꪄꪨꪲꪒ ꪮꪲꪒ,False
"mạng,",ꪄꪨꪲꪒ ꪮꪲꪒ,True
thun lủn,ꪄꪨꪷ꫁ ꪚꪷ꫁,False
thun lủn,ꪶꪚ꫁ꪉ ꪕ꫁ꪱꪉ,True
"lẩm, rậm",ꪄꪨꪷ꫁ ꪚꪷ꫁,True
sồn sột,ꪅꪩꪫꪱꪒ ꪅꪩꪫꪱꪒ,False
sồn quyên,ꪅꪩꪫꪱꪒ ꪅꪩꪫꪱꪒ,True
đùng đùng,ꪅꪩꪳ꪿ꪉ ꪅꪩꪳ꪿ꪉ,False
đùng máu,ꪅꪩꪳ꪿ꪉ ꪅꪩꪳ꪿ꪉ,True
"con, đùng",ꪅꪩꪳ꪿ꪉ ꪅꪩꪳ꪿ꪉ,True
chề chà,ꪄꪘ꪿ꪱꪉ ꪄꪘ꪿ꪱꪉ,False
ịch sóng,ꪙ꪿ꪮꪥ ꪄꪘ꪿ꪱꪉ,True
chề chà,ꪝꪲ꫁ ꪄꪘ꪿ꪱꪉ,True
lò cò,ꪅꪙꪰꪀ ꪵꪅꪙ꪿ꪉ,False
lò cò,ꪕꪸ꪿ꪉ ꪵꪅꪙ꪿ꪉ,True
vấp nhiều lần,ꪅꪙꪰꪀ ꪅꪙꪰꪀ,False
mắc,ꪅꪙꪰ꫁ꪉ,False
mắc,ꪤꪸ꪿ꪙ,True
luôn tay,ꪄꪐꪱꪀ ꪄꪐꪱꪀ,False
luôn tay,ꪄꪐꪱꪀ ꪹꪐꪸ꫁,True
lồng bồng,ꪅꪑ꪿ꪱꪫ,False
"nhột, bồng",ꪅꪑ꪿ꪱꪫ,True
lồng bồng,ꪜꪴꪚ,True
đụng,ꪅꪑꪷ꫁,False
giật,ꪅꪑꪮꪀ,False
xóc,ꪅꪑꪮꪀ,False
khú,ꪅꪑꪮꪀ,True
cà nhắc,ꪹꪅꪷꪙ꫁ꪀ,False
tập tễnh,ꪹꪅꪷꪙ꫁ꪀ ꪹꪅꪷꪙ꫁ꪀ,False
"gật đầu, gật",ꪅꪙꪳ꫁ꪀ ꪬꪺ,False
"gật đầu, ràn",ꪅꪙꪳ꫁ꪀ ꪬꪺ,True
chìa,ꪄꪷ,False
ngoéo,ꪄꪷ,True
chìa,ꪎꪲꪙ,True
kho,ꪄꪷ,False
kho,ꪒꪸ꫁ꪣ,True
móc,ꪄꪷ,False
vẹo,ꪄꪷ,False
cong,ꪄꪷ,False
bọng,ꪄꪷ,True
quăn,ꪄꪷ,False
khoèo,ꪄꪷ,False
"quắm, quặm",ꪄꪷ,False
"chìa khóa, thìa khóa",ꪄꪷ ꪼꪄ,False
quăn tít,ꪄꪷ ꪩꪉꪮꪒ,False
len tít,ꪄꪷ ꪏ꫁ꪮꪣ,True
gằm gằm,ꪄꪷ ꪩꪉꪮꪒ,False
độn gằm,ꪄꪷ ꪩꪉꪮꪒ,True
"nghèo, khó, neo",ꪄꪷ꪿,False
"lạc, cụt neo",ꪄꪷ꪿,True
khó nhọc,ꪄꪷ꪿ ꪻꪊ,False
khó nhọc,ꪬꪮꪣ ꪻꪊ,True
nghèo khó,ꪄꪷ꪿ ꪼꪭ꫁,False
nghèo trải,ꪄꪷ꪿ ꪼꪭ꫁,True
nghèo khổ,ꪄꪷ꪿ ꪶꪄꪣ,False
nghèo quái,ꪄꪷ꪿ ꪶꪄꪣ,True
khổ thân,ꪄꪷ꪿ ꪣꪷ꪿,False
"khổ nguồn,",ꪄꪷ꪿ ꪣꪷ꪿,True
ngủn thân,ꪄꪷ꪿ ꪣꪷ꪿,True
"đốt, lóng, no",ꪄꪷ꫁,False
"mấu, vấu",ꪄꪷ꫁,False
"mấu, ấm,",ꪄꪷ꫁,True
"mấu, vấu",ꪶꪚꪀ,True
hợp ý,ꪅꪷ꫁ ꪻꪊ,False
"sợ, ý",ꪅꪷ꫁ ꪻꪊ,True
"ăn khớp, khớp",ꪅꪷ꫁ ꪵꪣ꪿ꪙ,False
"sụn khớp, khớp",ꪅꪷ꫁ ꪵꪣ꪿ꪙ,True
tuốt,ꪄꪫꪱ,False
tuốt,ꪊꪳ꪿ꪀ,True
"phải, hữu",ꪄꪫꪱ,False
"phải, ngó",ꪄꪫꪱ,True
"khoá, ổ khoá",ꪄ꪿ꪫꪱ,False
"khoá, giăng khoá",ꪄ꪿ꪫꪱ,True
nong ổ mồ,ꪄ꪿ꪫꪱ,True
khoá,ꪄ꪿ꪫꪱ,False
khoá tay,ꪄ꪿ꪫꪱ ꪣꪳ,False
"mãnh, tay",ꪚ꪿ꪱꪉ ꪣꪳ,True
chông,ꪄꪫꪱꪀ,False
gâu,ꪡꪮꪀ,True
vỡ vạc,ꪄꪫꪱꪀ,False
vỡ trải,ꪄꪫꪱꪀ,True
nhác,ꪄꪫꪱꪀ,False
"nhú,",ꪄꪫꪱꪀ,True
chợt,ꪄꪫꪱꪀ,False
vỡ lẽ,ꪄꪫꪱꪀ ꪭꪴ꫁,False
rìu,ꪄꪫꪱꪙ,False
búa,ꪄꪫꪱꪙ ꪚꪷ,False
búa,ꪭꪷ꪿ ꪚꪷ,True
trúc,ꪄꪫꪱꪉ,False
ngang,ꪄꪫꪱꪉ,False
"mạ,",ꪄꪫꪱꪉ,True
do dự,ꪄꪫꪱꪉ ꪩꪱ,False
xét dự,ꪄꪫꪱꪉ ꪀꪽ,True
day mắt,ꪄꪫꪱꪉ ꪔꪱ,False
dấp mắt,ꪄꪫꪱꪉ ꪔꪱ,True
xây lưng,ꪄꪫꪱꪉ ꪎ꫁ꪱꪉ,False
xây dậu,ꪄꪫꪱꪉ ꪎ꫁ꪱꪉ,True
loảng choảng,ꪄ꪿ꪫꪱꪉ ꪄ꪿ꪫꪱꪉ,False
chắn ngang,ꪄ꫁ꪫꪱꪉ,False
treo,ꪵꪄꪫꪙ,False
"tong,",ꪵꪄꪫꪙ,True
đeo,ꪵꪄꪫꪙ,False
nếu,ꪵꪅꪫꪙ,False
âu là,ꪵꪅꪫꪙ ꪹꪋꪸ꫁ꪙ,False
tái là,ꪵꪅꪫꪙ ꪶꪭꪚ,True
"đã vậy, nếu thế",ꪵꪅꪫꪙ ꪹꪋꪸ꫁ꪙ,False
"đã vậy, ngửi thế",ꪵꪅꪫꪙ ꪑꪾ꫁,True
"nếu như, nếu mà",ꪵꪅꪫꪙ ꪫ꪿ꪱ,False
"hé như, dột, mà",ꪵꪅꪫꪙ ꪫ꪿ꪱ,True
qua,ꪄ꪿ꪮꪥ,False
"thoát, thoát khỏi",ꪄ꪿ꪮꪥ,False
"thoát, thoát khỏi",ꪋꪳ꪿,True
khỏi,ꪄ꪿ꪮꪥ,False
khỏi,ꪋꪱꪒ,True
thoát thân,ꪄ꪿ꪮꪥ ꪣꪷ꪿,False
thoát mồ,ꪄ꪿ꪮꪥ ꪣꪷ꪿,True
qua lần,ꪄ꪿ꪮꪥ ꪣꪳ,False
qua lần,ꪄ꪿ꪮꪥ ꪨꪳꪀ,True
thoát nợ,ꪄ꪿ꪮꪥ ꪹꪙꪷ꫁,False
tôi,ꪄ꫁ꪮꪥ,False
tôi,ꪀꪒꪴ꪿ꪉ,True
"đầy tớ, tớ",ꪄ꫁ꪮꪥ,False
"kẹ, tớ, tớ",ꪵꪉ꫁,True
hầu hạ,ꪄ꫁ꪮꪥ ꪋ꪿ꪺꪉ,False
"phục vụ, phụng sự",ꪄ꫁ꪮꪥ ꪋ꪿ꪺꪉ,False
"phao, vụ, phụng vạm",ꪄ꫁ꪮꪥ ꪋ꪿ꪺꪉ,True
vệ,ꪄꪮꪀ,False
phía ngoài,ꪄꪮꪀ,False
"sụn, ngoài",ꪄꪮꪀ,True
góc,ꪄꪮꪀ,False
"ghế,",ꪄꪮꪀ,True
lõng,ꪅ꪿ꪮꪣ,False
hõm,ꪅ꪿ꪮꪣ,False
sống trâu,ꪅ꪿ꪮꪣ ꪁꪫꪱꪥ,False
"chươn, trâu",ꪅ꪿ꪮꪣ ꪁꪫꪱꪥ,True
vực thềm,ꪅ꫁ꪮꪣ,False
dứng thềm,ꪅ꫁ꪮꪣ,True
cây khô,ꪄꪮꪙ,False
bó,ꪄꪮꪙ,False
cái,ꪄꪮꪙ,False
rưỡi,ꪄꪮꪙ,False
não ruột,ꪄꪮꪙ ꪄꪮꪙ,False
não ruột,ꪨꪷ꪿ ꪹꪔꪸ꪿,True
thi hài,ꪄꪮꪙ ꪠꪲ,False
nánh,ꪄ꫁ꪮꪙ,False
khi,ꪄ꫁ꪮꪙ,False
"ban tối, buổi tối",ꪄ꫁ꪮꪙ ꪁꪾ꪿,False
"ban tối, buổi tối",ꪄ꫁ꪮꪙ ꪛꪱꪉ,True
nghiêng ngả,ꪄ꫁ꪮꪙ ꪬꪸ꪿ꪉ,False
nghiêng rảo,ꪄ꫁ꪮꪙ ꪬꪸ꪿ꪉ,True
thiên vị,ꪄ꫁ꪮꪙ ꪬꪸ꪿ꪉ,False
thiên vị,ꪄ꫁ꪮꪙ ꪵꪯ,True
chổng lái,ꪄ꫁ꪮꪙ ꪬꪺ,False
hiu vụt,ꪄ꫁ꪮꪙ ꪬꪺ,True
mờ sáng,ꪄ꫁ꪮꪙ ꪭꪴ꪿ꪉ,False
đằng đẵng,ꪅꪮꪙ ꪅꪮꪙ,False
của,ꪄꪮꪉ,False
ôm,ꪄꪮꪉ,True
của,ꪄꪮꪉ,False
vấu,ꪄꪮꪉ,True
của chìm,ꪄꪮꪣ ꪚ꪿ꪮꪣ,False
rằn chìm,ꪄꪮꪣ ꪚ꪿ꪮꪣ,True
của quý,ꪄꪮꪉ ꪋ꫁ꪮꪥ,False
của quý,ꪠꪽ ꪋ꫁ꪮꪥ,True
"vật lạ, của lạ",ꪄꪮꪉ ꪅꪱꪙ,False
"vật lạ, nhọc, lạ",ꪄꪮꪉ ꪅꪱꪙ,True
chiếu lệ,ꪄꪮꪉ ꪹꪩꪸ꪿,False
chiếu nằn,ꪄꪮꪉ ꪹꪩꪸ꪿,True
chiếu xây,ꪄꪮꪉ ꪹꪩꪸ꪿,True
"mắc, vướng",ꪄ꫁ꪮꪉ,False
"mắc, dúi,",ꪄ꫁ꪮꪉ,True
"trúc trắc, khúc mấc",ꪄ꫁ꪮꪉ,False
"trúc nhích, khúc mấc",ꪄ꫁ꪮꪉ,True
"trúc trắc, nhũng mấc",ꪄ꫁ꪮꪉ,True
ngắc,ꪄ꫁ꪮꪉ ꪯꪙꪰꪀ,False
ngắc,ꪕꪱꪣ ꪯꪙꪰꪀ,True
ngắc,ꪄ꫁ꪮꪉ ꪋꪲꪚ,True
ngắc ngứ,ꪄ꫁ꪮꪉ ꪯꪙꪰꪀ,False
"nhường, ngứ",ꪄ꫁ꪮꪉ ꪯꪙꪰꪀ,True
vướng víu,ꪄ꫁ꪮꪉ ꪁꪴꪉ,False
vướng víu,ꪄ꫁ꪮꪉ ꪵꪊ꫁,True
bìu díu,ꪄ꫁ꪮꪉ ꪵꪮ꪿ꪫ,False
mắc míu,ꪄ꫁ꪮꪉ ꪘ꪿ꪺꪉ,False
lẽ,ꪅꪮꪉ,False
lễ,ꪅꪮꪉ,False
"phong tục, tục lệ",ꪅꪮꪉ,False
"phong tục, tục lệ",ꪏꪮꪉ,True
lẽ phải,ꪅꪮꪉ ꪶꪁꪙ,False
"lẽ sư,",ꪅꪮꪉ ꪶꪁꪙ,True
lẽ phải,ꪖꪮꪀ ꪶꪁꪙ,True
tiện,ꪅ꪿ꪮꪉ,False
mép,ꪄꪮꪚ,False
ngưỡng,ꪄꪮꪚ,False
ngưỡng,ꪀꪤꪱꪚ,True
thủ đạo,ꪄꪮꪚ ꪙꪾ꫁,False
giường đạo,ꪄꪮꪚ ꪙꪾ꫁,True
chân trời,ꪄꪮꪚ ꪡ꫁ꪱ,False
"ngưỡng cửa, bậc cửa, bậu cửa",ꪄꪮꪚ ꪔꪴ,False
"ngưỡng cửa, bậc cửa, bậu lăng",ꪄꪮꪚ ꪔꪴ,True
"xụ cửa, bậc cửa, bậu cửa",ꪄꪮꪚ ꪔꪴ,True
tóp,ꪅꪮꪚ,False
tóp tép,ꪅꪮꪚ ꪅꪮꪚ,False
lia lịa,ꪅꪮꪚ ꪅꪮꪚ,False
tóp mỡ,ꪅꪮꪚ ꪝꪲ,False
tóp mỡ,ꪶꪩꪥ ꪝꪲ,True
nút,ꪄꪮꪒ,False
thắt,ꪄꪮꪒ,False
búi,ꪄꪮꪒ,False
"phụ,",ꪠꪱ,True
tết,ꪄꪮꪒ,False
"từ, âm tiết",ꪄꪮꪒ,False
"tiếng, lời",ꪄꪮꪒ,False
rêu lời,ꪄꪮꪒ,True
"thắt nút, nút thắt",ꪄꪮꪒ ꪁꪕꪰꪀ,False
"lứa nút, nút thắt",ꪄꪮꪒ ꪁꪕꪰꪀ,True
thắt mối,ꪄꪮꪒ ꪶꪀ꫁ꪙ,False
thắt mối,ꪶꪜꪒ ꪶꪀ꫁ꪙ,True
đun mối,ꪄꪮꪒ ꪎꪺꪒ,True
thắt nút,ꪄꪮꪒ ꪶꪀ꫁ꪙ,False
x. nút,ꪄꪮꪒ ꪭꪴꪙ,True
kết luận,ꪄꪮꪒ ꪶꪀ꫁ꪙ ꪁꪫꪱꪣ,False
"co quắp, co",ꪄꪮꪒ ꪄꪷ,False
"nghẹt quắp, co",ꪄꪮꪒ ꪄꪷ,True
"co ro, cúm rúm",ꪄꪮꪒ ꪄꪷ,False
ro ró,ꪄꪮꪒ ꪄꪷ,False
ro ró,ꪄꪮꪒ ꪹꪮꪱ,True
ro huyện,ꪄꪮꪒ ꪄꪷ,True
nặng lời,ꪄꪮꪒ ꪘꪰꪀ,False
nặng uổng,ꪄꪮꪒ ꪘꪰꪀ,True
tiếng nói,ꪄꪮꪒ ꪜꪱꪀ,False
tiếng nói,ꪶꪄꪨꪀ ꪜꪱꪀ,True
câu,ꪄꪮꪒ ꪶꪎꪚ,False
khô,ꪶꪄ,False
khố,ꪶꪄ꪿,False
khố,ꪹꪔꪸ꫁ꪉ,True
khổ,ꪶꪄ꫁,False
khổ,ꪭꪴ꪿ꪉ,True
"khổ cực, cơ cực",ꪶꪄ꫁ ꪚꪱꪚ,False
"khổ cực, toáng, cực",ꪶꪄ꫁ ꪑꪴꪀ,True
khổ sở,ꪶꪄ꫁ ꪶꪄ꪿ꪙ,False
khò khò,ꪶꪅ꪿ ꪶꪅ꪿,False
bốp chát,ꪶꪄ꪿ꪀ ꪹꪄꪸ꪿ꪀ,False
rời,ꪶꪄ꪿ꪥ,False
rời hẳn,ꪶꪄ꪿ꪥ ꪶꪁꪩ꫁ꪀ,False
"rời hản,",ꪶꪄ꪿ꪥ ꪶꪁꪩ꫁ꪀ,True
khô,ꪶꪄꪀ,False
đượm,ꪶꪄꪀ,False
vầu,ꪶꪄꪣ,False
đắng,ꪶꪄꪣ,False
nghi,ꪶꪄꪣ,True
nồng,ꪶꪄꪣ,False
"xót lòng, đắng lòng",ꪶꪄꪣ ꪻꪊ,False
"xót lòng, đắng lòng",ꪶꪄꪣ ꪵꪀ꫁,True
"đắc lòng, đắng lòng",ꪉꪫꪱꪀ ꪻꪊ,True
đắng ngắt,ꪶꪄꪣ ꪹꪄꪸꪒ,False
"đắng giặc,",ꪶꪄꪣ ꪹꪄꪸꪒ,True
cay cực,ꪶꪄꪣ ꪹꪄꪸꪒ,False
nghịt phè,ꪶꪄꪣ ꪹꪄꪸꪒ,True
chua cay,ꪶꪄꪣ ꪄꪷ꫁,False
"chua vết,",ꪶꪄꪣ ꪄꪷ꫁,True
chua dàm,ꪶꪄꪣ ꪄꪷ꫁,True
đắng nghét,ꪶꪄꪣ ꪄꪳ꪿ꪙ,False
chua xót,ꪶꪄꪣ ꪄꪳ꪿ꪙ,False
bộp xót,ꪝꪴꪒ ꪄꪳ꪿ꪙ,True
đắng ngắt,ꪶꪄꪣ ꪀꪨꪲ꪿ꪀ,False
đắng ngắt,ꪥꪮꪙ ꪀꪨꪲ꪿ꪀ,True
đắng cay,ꪶꪄꪣ ꪹꪠꪸꪒ,False
đắng hết,ꪶꪄꪣ ꪹꪠꪸꪒ,True
đè,ꪶꪄ꪿ꪣ,False
ép,ꪶꪄ꪿ꪣ,False
chãng,ꪶꪄ꪿ꪣ,True
ép uổng,ꪶꪄ꪿ꪣ ꪄꪲꪙ,False
ép uổng,ꪶꪄ꪿ꪣ ꪋꪳꪣ,True
áp bức,ꪶꪄ꪿ꪣ ꪙꪱꪚ,False
đè ép,ꪶꪄ꪿ꪣ ꪹꪔꪸꪉ,False
cua ép,ꪶꪄ꪿ꪣ ꪹꪔꪸꪉ,True
đè ép,ꪹꪁꪷꪀ ꪹꪔꪸꪉ,True
lông,ꪶꪄꪙ,False
"lí,",ꪶꪄꪙ,True
khuân,ꪶꪄꪙ,False
ươm,ꪶꪄꪙ,True
lông vũ,ꪶꪄꪙ ꪒ꫁ꪱꪙ,False
lông mi,ꪶꪄꪙ ꪭꪲꪣ ꪔꪱ,False
lông măng,ꪶꪄꪙ ꪨ꪿ꪺ,False
lông măng,ꪶꪄꪙ ꪶꪡꪒ,True
lông tơ,ꪶꪄꪙ ꪮ꪿ꪮꪙ,False
vởn vết,ꪶꪄꪙ ꪮ꪿ꪮꪙ,True
lông mày,ꪶꪄꪙ ꪹꪝꪱ ꪔꪱ,False
lông mày,ꪹꪔꪷ꪿ꪀ ꪹꪝꪱ ꪔꪱ,True
lông quặm,ꪶꪄꪙ ꪔꪱ ꪙꪾ꫁,False
quạt quặm,ꪶꪄꪙ ꪔꪱ ꪙꪾ꫁,True
lông mao,ꪶꪄꪙ ꪹꪎꪸ꫁ꪣ,False
giụa mao,ꪶꪄꪙ ꪹꪎꪸ꫁ꪣ,True
lông mao,ꪙ꫁ꪮꪉ ꪹꪎꪸ꫁ꪣ,True
khốn,ꪶꪄ꪿ꪙ,False
khốn đốn,ꪶꪄ꪿ꪙ ꪻꪊ,False
"trộm, đốn",ꪶꪄ꪿ꪙ ꪻꪊ,True
khốn nuốt,ꪶꪄ꪿ꪙ ꪻꪊ,True
khốn khổ,ꪶꪄ꪿ꪙ ꪶꪄ꫁,False
ương,ꪶꪄ꪿ꪉ,False
chín dở,ꪶꪄ꪿ꪉ,False
chín dở,ꪹꪥꪱ,True
nhất trí,ꪶꪄ꪿ꪉ ꪁꪫꪱꪣ,False
có phép thuật,ꪶꪅꪉ,False
"thừa, dử hạt",ꪶꪅꪉ,True
cắn,ꪶꪄꪚ,False
"cắn cấu, xâu xé",ꪶꪄꪚ,False
"cắn cấu, xâu xé",ꪶꪉ꫁ꪀ,True
cắn rận xâu xé,ꪶꪄꪚ,True
cốp cốp,ꪶꪄꪚ ꪶꪄꪚ,False
cương,ꪶꪄꪚ ꪣ꫁ꪱ,False
toác,ꪶꪄꪚ ꪣ꫁ꪱ,True
lộp cộp,ꪶꪅꪚ ꪶꪅꪚ,False
"hoả, cộp",ꪶꪅꪚ ꪶꪅꪚ,True
"gù, còm",ꪶꪄꪒ,False
khoanh,ꪶꪄꪒ,False
cỏ,ꪶꪄꪒ,True
còng,ꪶꪄꪒ ꪊꪀꪮꪉ,False
"khum, cong canh cung",ꪶꪄꪒ ꪶꪀꪉ,False
"khum, cong kẽ, phị,",ꪙꪲꪙ ꪶꪀꪉ,True
"cuộn tròi, khoanh tròn",ꪶꪄꪒ ꪶꪁ꫁ꪉ,False
cuộn khúc,ꪶꪄꪒ ꪄꪷ,False
o o,ꪶꪅꪒ ꪶꪅꪒ,False
o ấm,ꪶꪅꪒ ꪘ꪿ꪺꪥ,True
"nhỡ, lỡ",ꪹꪅꪷ꫁,False
phì lỡ,ꪜꪺ,True
hớ,ꪹꪅꪷ꫁,False
nhịu,ꪹꪅꪷ꫁,False
sơ hở,ꪹꪅꪷ꫁,False
"giạng, hở",ꪹꪅꪷ꫁,True
lầm lỡ,ꪹꪅꪷ꫁ ꪅꪱꪉ,False
lầm lỡ,ꪖ꫁ꪱꪙ ꪅꪱꪉ,True
lầm lỡ,ꪹꪅꪷ꫁ ꪶꪊꪜꪉ,True
"nhỡ tay, lỡ tay, sẩy tay",ꪹꪅꪷ꫁ ꪣꪳ,False
"nhỡ tay, lỡ đáu ẹp tay",ꪹꪅꪷ꫁ ꪣꪳ,True
sẩy chân,ꪹꪅꪷ꫁ ꪔꪲꪙ,False
sẩy chiêng,ꪹꪅꪷ꫁ ꪔꪲꪙ,True
nhịu mồm,ꪹꪅꪷ꫁ ꪶꪎꪚ,False
nhịu mồm,ꪹꪅꪷ꫁ ꪵꪜꪘ꫁ꪫ,True
sẩy miệng,ꪹꪅꪷ꫁ ꪶꪎꪚ,False
quen,ꪹꪅꪷꪥ,False
quen tay,ꪹꪅꪷꪥ ꪣꪳ,False
quen chuộc,ꪹꪅꪷꪥ ꪣꪳ,True
"buốt, tay",ꪹꪅꪷꪥ ꪣꪳ,True
khơ khớ,ꪹꪄꪷꪀ ꪹꪄꪷꪀ,False
rỗng hầu,ꪹꪄꪷꪀ ꪹꪄꪷꪀ,True
khấn,ꪹꪄꪷ꪿ꪙ,False
"rủa, nguyền",ꪹꪄꪷ꪿ꪙ,False
kênh nguyền,ꪹꪄꪷ꪿ꪙ,True
"nguyền rủa, la rầy",ꪹꪄꪷ꪿ꪙ ꪢꪱꪉ,False
"nguyền rủa, la hoe",ꪹꪄꪷ꪿ꪙ ꪢꪱꪉ,True
"nguyền lợt, la rầy",ꪘꪱꪫ ꪢꪱꪉ,True
liệu,ꪹꪅꪷꪉ,False
nề,ꪹꪅꪷꪉ,True
lo liệu,ꪹꪅꪷꪉ ꪅꪱ,False
lo liệu,ꪹꪅꪷꪉ ꪡꪳꪣ,True
lo lường,ꪹꪅꪷꪉ ꪅꪺꪙ,False
lo tính,ꪹꪅꪷꪉ ꪨꪷ,False
lo tính,ꪮꪱꪚ ꪨꪷ,True
đụng,ꪅꪕꪴꪚ,False
"điều, điểm, nét",ꪄꪴ,False
"điểm chính, chủ yếu",ꪄꪴ ꪘꪰꪒ,False
điểm tránh chủ yếu,ꪄꪴ ꪘꪰꪒ,True
cầu,ꪄꪺ,False
cầu cống,ꪄꪺ ꪹꪁꪱ,False
cầu tổng,ꪄꪺ ꪹꪁꪱ,True
"cầu phao, cầu nổi, cầu cốn",ꪄꪺ ꪵꪝ,False
"cầu phao, cầu nổi, cầu chữa",ꪄꪺ ꪵꪝ,True
xào,ꪄ꫁ꪺ,False
tim,ꪄ꫁ꪺ,True
rang,ꪄ꫁ꪺ,False
rang,ꪹꪀꪸꪀ,True
rán,ꪄ꫁ꪺ,False
chăm sóc,ꪅꪺ,False
chăm xế,ꪅꪺ,True
mải,ꪅꪺ,False
rúc tích,ꪄꪴ꪿ꪀ ꪄꪴ꪿ꪀ,False
"hố, hầm",ꪄꪴꪣ,False
kỉnh hầm,ꪄꪴꪣ,True
giếng,ꪄꪴꪣ,False
hầm hố,ꪄꪴꪣ ꪵꪬꪫ,False
"hố xí, hố tiêu",ꪄꪴꪣ ꪄꪲ꫁,False
"hố xí, hố thận,",ꪄꪴꪣ ꪄꪲ꫁,True
hố trắc hố tiêu,ꪁꪺꪙ ꪄꪲ꫁,True
bù,ꪄꪴ꫁ꪣ,False
"bù đắp, bù đậy",ꪄꪴ꫁ꪣ ꪹꪨ꪿ꪣ,False
"bù đắp, bù đậy",ꪒꪴꪒ ꪹꪨ꪿ꪣ,True
"bù đắp, vờ, đậy",ꪄꪴ꫁ꪣ ꪹꪨ꪿ꪣ,True
rầm rầm,ꪅꪴꪣ ꪅꪴꪣ,False
đùng,ꪅꪴ꪿ꪣ,False
xênh,ꪅꪴ꪿ꪣ,True
"đùng đùng, đoàng đoàng",ꪅꪴ꪿ꪣ ꪅꪴ꪿ꪣ,False
"đùng đùng, chu lương",ꪅꪴ꪿ꪣ ꪅꪴ꪿ꪣ,True
địa hạt,ꪅꪴ꫁ꪣ,False
nhắn hạt,ꪅꪴ꫁ꪣ,True
"chàng, ngài, ông",ꪄꪴꪙ,False
"cỏ ngài, ông",ꪄꪴꪙ,True
"góc ngài, ông",ꪄꪴꪙ,True
phân rác,ꪄꪴ꪿ꪙ,False
phân,ꪄꪴ꪿ꪙ,False
châu,ꪄꪴ꪿ꪙ,True
bụi,ꪄꪴ꪿ꪙ,False
bụi,ꪔꪸ,True
ngạc,ꪄꪴ꪿ꪙ,True
đục,ꪄꪴ꪿ꪙ,False
"giây giướng, dính líu, dính dáng",ꪄꪴ꪿ꪙ ꪄ꪿ꪫꪱꪙ,False
"giây giướng, vút líu, trôi, dáng",ꪄꪴ꪿ꪙ ꪄ꪿ꪫꪱꪙ,True
đục lờ,ꪄꪴ꪿ꪙ ꪢ꪿ꪱꪉ,False
"thuồn, lờ",ꪄꪴ꪿ꪙ ꪢ꪿ꪱꪉ,True
đục ruộng,ꪄꪴ꪿ꪙ ꪢ꪿ꪱꪉ,True
túi bụi,ꪄꪴ꪿ꪙ ꪣꪺ,False
"túi vụn,",ꪄꪴ꪿ꪙ ꪣꪺ,True
rối rắm,ꪄꪴ꪿ꪙ ꪣꪴꪙ,False
đùng đục,ꪄꪴ꪿ꪙ ꪮ꪿ꪮꪙ,False
hơi đục,ꪄꪴ꪿ꪙ ꪹꪕꪱ꪿,False
cự đục,ꪄꪴ꪿ꪙ ꪹꪕꪱ꪿,True
chủi đục,ꪄꪴ꪿ꪙ ꪹꪕꪱ꪿,True
đục ngầu,ꪄꪴ꪿ꪙ ꪶꪔ꫁,False
đục ngầu,ꪶꪯꪉ ꪶꪔ꫁,True
ruồi vàng,ꪄꪴ꫁ꪙ,False
đục lầm,ꪄꪴ꫁ꪙ,False
siểng lầm,ꪄꪴ꫁ꪙ,True
vẫy,ꪄ꪿ꪺꪀ,False
vớt,ꪄ꪿ꪺꪀ,False
dở,ꪄ꪿ꪺꪀ,True
"quặn,",ꪄ꪿ꪺꪀ,True
và,ꪄ꪿ꪺꪀ,False
và,ꪵꪛꪚ,True
hang,ꪄꪺꪥ,False
nhàn,ꪄꪺꪥ,True
bắt chéo,ꪄ꪿ꪺꪥ ꪊꪸꪉ,False
chữ thập,ꪄ꪿ꪺꪥ ꪊꪸꪉ,False
"chữ gác,",ꪄ꪿ꪺꪥ ꪊꪸꪉ,True
tréo mảy,ꪄ꪿ꪺꪥ ꪄꪱ,False
tréo lựa,ꪒ꪿ꪽ ꪄꪱ,True
"ngổn ngang, ngả ngốn",ꪄ꪿ꪺꪥ ꪄꪫꪱꪉ,False
chồng chéo,ꪄ꪿ꪺꪥ ꪄ꫁ꪫꪱꪉ,False
"chồng cực,",ꪄ꪿ꪺꪥ ꪄ꫁ꪫꪱꪉ,True
ốm la liệt,ꪄ꪿ꪺꪥ ꪉꪮꪣ,False
ve la liệt,ꪩꪱꪙ ꪉꪮꪣ,True
nòng nọc,ꪅꪺꪀ,False
nòng xổm,ꪅꪺꪀ,True
úp,ꪄ꫁ꪺꪣ,False
sấp,ꪄ꫁ꪺꪣ,False
đổ,ꪄ꫁ꪺꪣ,False
sấp ngửa,ꪄ꫁ꪺꪣ ꪬꪱꪥ,False
cạp ngửa,ꪄ꫁ꪺꪣ ꪬꪱꪥ,True
chạy vạy,ꪄ꫁ꪺꪣ ꪬꪱꪥ,False
"chạy óc,",ꪄ꫁ꪺꪣ ꪬꪱꪥ,True
sạt nghiệp,ꪄ꫁ꪺꪣ ꪹꪭꪙ,False
rứt nghiệp,ꪄ꫁ꪺꪣ ꪹꪭꪙ,True
sạt nghiệp,ꪬ꫁ꪮꪣ ꪹꪭꪙ,True
"ụp, ập",ꪄ꫁ꪺꪣ ꪅꪮꪚ,False
"ụp, đáp",ꪄ꫁ꪺꪣ ꪅꪮꪚ,True
lật nhào,ꪄ꫁ꪺꪣ ꪅꪮꪚ,False
"gùn, nhào",ꪄ꫁ꪺꪣ ꪅꪮꪚ,True
cúi gằm,ꪄ꫁ꪺꪣ ꪘ꫁ꪱ,False
cùng gằm,ꪄ꫁ꪺꪣ ꪘ꫁ꪱ,True
vừa gằm,ꪄ꫁ꪺꪣ ꪘ꫁ꪱ,True
"hồn, vía",ꪄꪺꪙ,False
tâm hồn,ꪄꪺꪙ,False
bóng vía,ꪄꪺꪙ ꪹꪉꪱ,False
hình bóng,ꪄꪺꪙ ꪹꪉꪱ,False
"nhẽo, phía",ꪄꪺꪙ ꪹꪉꪱ,True
vía van,ꪄꪺꪙ ꪮꪮꪙ,False
"thiêng, linh thiêng",ꪄꪺꪉ,False
"thiêng, linh vẹt",ꪄꪺꪉ,True
sát chồng,ꪄꪺꪉ ꪠꪺ,False
sát nhắp,ꪄꪺꪉ ꪠꪺ,True
sân,ꪄ꪿ꪺꪉ,False
sân,ꪉꪲꪙ,True
vòm,ꪅꪺꪉ,False
"tuổi, tuổi tôi",ꪄꪺꪚ,False
hoá tuổi tôi,ꪄꪺꪚ,True
bảo tuổi tôi,ꪔꪲ꪿ꪉ,True
chu kỳ trong một ngày,ꪄꪺꪚ ꪹꪋꪷ,False
chu kỳ trong một dẽ,ꪄꪺꪚ ꪹꪋꪷ,True
"chu kỳ chít, một ngày",ꪄꪺꪚ ꪹꪋꪷ,True
định kì,ꪄꪺꪚ ꪹꪋꪷ,False
định kì,ꪀꪰ꪿ꪉ ꪹꪋꪷ,True
chu kì trong mười ngày,ꪄꪺꪚ ꪣꪳ꫁,False
chu kì mỗi dưột ngày,ꪄꪺꪚ ꪣꪳ꫁,True
chu lộc trong mười ngày,ꪄꪺꪚ ꪣꪳ꫁,True
chu kì trong một năm,ꪄꪺꪚ ꪜꪲ,False
hu kì đoành nón năm,ꪄꪺꪚ ꪜꪲ,True
dấn kì trong một năm,ꪄꪺꪚ ꪜꪲ,True
ngoay ngoảy,ꪄꪺꪒ ꪄꪺꪒ,False
đào,ꪄꪴꪒ,False
"mẻo,",ꪄꪴꪒ,True
cạo,ꪄꪴꪒ,False
bùa hộ mệnh,ꪅꪴꪒ,False
"lụi, trơ trụi",ꪄꪫꪲꪥ,False
"lụi, trơ trụi",ꪖꪱ,True
tu oa,ꪄꪫꪲꪥ ꪄꪫꪱ,False
lò oa,ꪄꪫꪲꪥ ꪄꪫꪱ,True
"viết, biên",ꪄꪫꪸꪙ,False
"viết, váo,",ꪄꪫꪸꪙ,True
xà ngang,ꪄꪳ꪿,False
chốt ngang,ꪀꪾ,True
xà dọc,ꪄꪳ꪿ ꪩ꪿ꪮꪉ,False
xà dọc,ꪄꪳ꪿ ꪉꪸ꫁ꪉ,True
kháu,ꪅꪳ,False
kháu,ꪩꪲ꫁ꪣ,True
chát,ꪔꪱꪚ,True
"hay, hay đáo để",ꪅꪳ,False
"hay, hay kỷ, để",ꪅꪳ,True
"hay, hay phốc để",ꪅꪳ,True
hay ho,ꪅꪳ ꪅꪺꪙ,False
khốc ho,ꪅꪳ ꪅꪺꪙ,True
hen suyễn,ꪅꪳ ꪑꪳ,False
"trông chừng, xem ra",ꪅꪳ ꪹꪏꪉ,False
tuồng như,ꪅꪳ ꪹꪏꪉ,False
tuồng nhắp,ꪅꪳ ꪹꪏꪱ꪿,True
cà,ꪹꪄ,False
cà muối,ꪹꪄ ꪚꪮꪉ,False
cà dìu,ꪹꪄ ꪚꪮꪉ,True
cà dừa,ꪹꪄ ꪁꪱꪉ ꪩꪱꪥ,False
cà dừa,ꪹꪄ ꪑꪮꪉ ꪕꪰ꪿ꪉ,True
cà dái dê,ꪹꪄ ꪬꪾ ꪵꪚ꫁,False
cà dái uổng,ꪹꪄ ꪬꪾ ꪵꪚ꫁,True
cà dái chất,ꪹꪄ ꪬꪾ ꪵꪚ꫁,True
cà pháo,ꪹꪄ ꪅꪮꪚ,False
"cà trưng,",ꪹꪄ ꪅꪮꪚ,True
thiết pháo,ꪹꪄ ꪅꪮꪚ,True
cà gai,ꪹꪄ ꪄꪳ꪿ꪙ,False
thoi gai,ꪜꪰꪀ ꪄꪳ꪿ꪙ,True
cà bát,ꪹꪄ ꪎ꫁ꪱꪙ,False
đói bát,ꪹꪄ ꪎ꫁ꪱꪙ,True
"nương tử, công nương",ꪹꪄ꫁ ꪙꪱꪒ ꪙ꫁ꪮꪥ,False
nương Dự công nương,ꪹꪄ꫁ ꪙꪱꪒ ꪙ꫁ꪮꪥ,True
"nương tử, công nương",ꪹꪄ꫁ ꪙꪱꪒ ꪵꪫ꪿,True
sằng sặc,ꪄꪳꪀ ꪄꪳꪀ,False
sằng sặc,ꪄꪳꪀ ꪋꪴ꫁ꪥ,True
sằng cạm,ꪄꪳꪀ ꪮꪲꪚ,True
mò mò,ꪅꪳ꫁ꪣ ꪅꪳ꫁ꪣ,False
mò mò,ꪨꪾ꫁ ꪅꪳ꫁ꪣ,True
mò chấn,ꪅꪳ꫁ꪣ ꪅꪳ꫁ꪣ,True
trả lại,ꪄꪳꪙ,False
gang lại,ꪁꪕꪱ,True
hấc,ꪄꪳ꪿ꪙ,False
chua cay,ꪄꪳ꪿ꪙ ꪭꪳꪙ,False
chua cay,ꪏꪩ꫁ꪮꪥ ꪭꪳꪙ,True
chua góp,ꪄꪳ꪿ꪙ ꪭꪳꪙ,True
lên,ꪄꪳ꫁ꪙ,False
"tránh,",ꪄꪳ꫁ꪙ,True
"leo, trèo",ꪄꪳ꫁ꪙ,False
"leo, trèo",ꪹꪁꪚ,True
dâng lên,ꪄꪳ꫁ꪙ,False
dâng lên,ꪶꪀꪔꪚ,True
qua lại,ꪄꪳ꫁ꪙ ꪶꪩꪉ,False
qua niềm,ꪄꪳ꫁ꪙ ꪶꪩꪉ,True
phúng viếng,ꪄꪳ꫁ꪙ ꪶꪩꪉ,False
"dễ, viếng",ꪄꪳ꫁ꪙ ꪶꪄ,True
bốc hoả,ꪄꪳ꫁ꪙ ꪘ꫁ꪱ,False
"truồng, hoả",ꪄꪳ꫁ꪙ ꪘ꫁ꪱ,True
trở lên,ꪄꪳ꫁ꪙ ꪹꪘ,False
"cách, lên",ꪄꪳ꫁ꪙ ꪹꪘ,True
giao lên,ꪄꪳ꫁ꪙ ꪡꪸꪙ,True
đùng đùng,ꪅꪳ꪿ꪉ ꪅꪳ꪿ꪉ,False
thình thình,ꪅꪳ꪿ꪉ ꪅꪳ꪿ꪉ,False
thình thình,ꪶꪡ꪿ ꪅꪳ꪿ꪉ,True
vạn thình,ꪅꪳ꪿ꪉ ꪅꪳ꪿ꪉ,True
rể,ꪹꪄꪥ,False
rể cả,ꪹꪄꪥ ꪶꪀ꪿ꪀ,False
dù cả,ꪹꪄꪥ ꪶꪀ꪿ꪀ,True
ở rể,ꪹꪄꪥ ꪀ꫁ꪫꪱꪙ,False
ở rể,ꪮꪴ꪿ꪥ ꪀ꫁ꪫꪱꪙ,True
móc,ꪹꪄꪉ,False
tơ hồng,ꪹꪄꪉ ꪁꪾ,False
mái tơ,ꪹꪄ꪿ꪉ,False
mái tơ,ꪶꪬꪚ,True
kềnh,ꪹꪄ꫁ꪉ,False
"hấp,",ꪹꪄ꫁ꪉ,True
"bạc màu, ố",ꪹꪄ꫁ꪉ,False
bạc xúc nánh,ꪹꪄ꫁ꪉ,True
vàng khè,ꪵꪄ꫁ꪫ ꪹꪮ꫁ꪉ,False
bạc phếch,ꪹꪄ꫁ꪉ ꪹꪅꪸ ꪹꪕꪸꪀ,False
"tươi, phếch",ꪹꪄ꫁ꪉ ꪹꪅꪸ ꪹꪕꪸꪀ,True
"cặp, đũa bếp",ꪄꪳꪚ,False
"cặp, sào bếp",ꪄꪳꪚ,True
khung cửi,ꪀꪲ꪿,False
"khung ngợi,",ꪈꪾ,True
kí,ꪀꪲ꪿,False
mấy,ꪀꪲ꫁,False
khít,ꪀꪲ꫁,True
nãy,ꪀꪲ꫁,False
"nhẵn,",ꪀꪲ꫁,True
bao nhiêu,ꪀꪲ꫁ ꪨꪱꪥ,False
bao lủng,ꪀꪲ꫁ ꪨꪱꪥ,True
mấy,ꪀꪲ꫁ ꪨꪱꪥ,False
lắm thế,ꪀꪲ꫁ ꪨꪱꪥ,False
"kể, kể chi",ꪁꪲ,False
"kể, kể hão,",ꪁꪲ,True
kì hạn,ꪁꪲ ꪭ꫁ꪱꪙ,False
"tò, hạn",ꪁꪲ ꪭ꫁ꪱꪙ,True
rịt,ꪁꪲ ꪁ꪿ꪺꪙ,False
rịt,ꪁꪲ ꪕ꪿ꪱꪣ,True
xoáy,ꪁꪲ ꪁ꪿ꪺꪙ,False
kì kèo,ꪁꪲ꫁ ꪵꪁ꫁ꪫ,False
kì kèo,ꪁꪲ꫁ ꪹꪮꪷ꪿ꪀ,True
dơi,ꪀꪸ,False
dơi nhắt,ꪀꪸ ꪚꪲ꫁,False
dơi nhắt,ꪋ꫁ꪮꪙ ꪚꪲ꫁,True
dơi quạ,ꪀꪸ ꪢꪱꪀ,False
"dơi đẽo,",ꪀꪸ ꪢꪱꪀ,True
bai quạ,ꪀꪸ ꪢꪱꪀ,True
tìm kiếm,ꪀꪸ꪿ꪣ ꪬꪱ,False
tìm kiếm,ꪀꪸ꪿ꪣ ꪣꪴꪀ,True
"pin, kiếm",ꪀꪸ꪿ꪣ ꪬꪱ,True
quấn,ꪁꪸꪙ,False
kiện,ꪁꪸ꫁ꪙ,False
kiện cáo,ꪁꪸ꫁ꪙ ꪀ꪿ꪱꪫ,False
kiện cáo,ꪁꪸ꫁ꪙ ꪶꪮ꫁ꪉ,True
kiện mơn,ꪁꪸ꫁ꪙ ꪀ꪿ꪱꪫ,True
cam,ꪀꪸ꫁ꪉ,False
lỏa,ꪀꪸ꫁ꪉ,True
nhẵn,ꪀꪸ꫁ꪉ,False
"mượt, bóng",ꪀꪸ꫁ꪉ,False
cô bóng,ꪀꪸ꫁ꪉ,True
"mượt, phả",ꪀꪸ꫁ꪉ,True
nhẵn,ꪀꪸ꫁ꪉ ꪋꪴ꫁ꪥ,False
chập,ꪀꪸ꫁ꪉ ꪹꪁꪱ꫁,True
trụi,ꪀꪸ꫁ꪉ ꪋꪴ꫁ꪥ,False
lộc,ꪀꪸ꫁ꪉ ꪋꪴ꫁ꪥ,True
nhẵn thín,ꪀꪸ꫁ꪉ ꪁꪴ꫁ꪥ,False
nhẵn thín,ꪶꪊ꫁ ꪁꪴ꫁ꪥ,True
nhẵn bóng,ꪀꪸ꫁ꪉ ꪣꪽ,False
bóng lộn,ꪀꪸ꫁ꪉ ꪣꪴ꫁ꪥ ꪣꪴ꫁ꪥ,False
mấp lộn,ꪀꪸ꫁ꪉ ꪣꪴ꫁ꪥ ꪣꪴ꫁ꪥ,True
nhẵn nhụi,ꪀꪸ꫁ꪉ ꪏꪲꪒ,False
"nhẵn nhận,",ꪀꪸ꫁ꪉ ꪊ꫁ꪱꪫ,True
liềm,ꪀꪸ꪿ꪫ,False
"gặt, hái",ꪀꪸ꪿ꪫ,False
"gặt, trùng,",ꪀꪸ꪿ꪫ,True
"liềm, hái",ꪀꪸ꪿ꪫ,False
"liềm, hái",ꪩꪉꪴ꫁ꪣ,True
gặt hái,ꪀꪸ꪿ꪫ ꪔꪱꪙ,False
quấn,ꪀꪸ꫁ꪫ,False
quyên,ꪀꪸ꫁ꪫ,False
phổ biến,ꪀꪸ꫁ꪫ ꪩꪲ꪿,False
dày đặc,ꪀꪸ꫁ꪫ ꪝꪙꪲꪉ,False
tựa đặc,ꪀꪸ꫁ꪫ ꪝꪙꪲꪉ,True
quấn chặt,ꪀꪸ꫁ꪫ ꪶꪝꪙꪀ,False
quấn chặt,ꪵꪥ꪿ꪉ ꪶꪝꪙꪀ,True
đĩ thõa,ꪁꪸꪫ,False
đĩ tĩnh,ꪁꪸꪫ ꪣꪳ,False
đĩ tĩnh,ꪥ꪿ꪽ ꪣꪳ,True
chiếc,ꪁꪲꪀ,False
"sống,",ꪁꪲꪀ,True
lẻ,ꪁꪲꪀ,False
mé,ꪁꪲꪀ,True
"đoản,",ꪁꪲꪀ,True
đơn chiếc,ꪁꪲꪀ,False
mảnh,ꪀꪲ꫁ꪣ,False
mảnh,ꪵꪁꪩꪒ,True
miếng,ꪀꪲ꫁ꪣ,False
ngáy,ꪀꪲ꫁ꪣ,True
miếng,ꪪꪰ꪿ꪉ,True
kìm,ꪁꪲꪣ,False
mỏ lết,ꪁꪲꪣ ꪹꪁꪱ꫁,False
"kìm kặp, kìm kẹp",ꪁꪲꪣ ꪘꪲꪚ,False
"kìm kặp, kìm kẹp",ꪩꪁꪳꪚ ꪘꪲꪚ,True
"trớp kặp, kìm banh",ꪁꪲꪣ ꪜꪸ꫁,True
"ăn, xơi",ꪀꪲꪙ,False
bát xơi,ꪀꪲꪙ,True
"ăn, xơi",ꪭꪳꪚ,True
ăn,ꪀꪲꪙ,False
nghiệt,ꪀꪲꪙ,True
ăn,ꪀꪲꪙ,False
mốc,ꪀꪲꪙ,True
ăn,ꪶꪭꪥ,True
ăn,ꪀꪲꪙ,False
riềng,ꪀꪲꪙ,True
ăn,ꪀꪲꪙ,False
uống,ꪀꪲꪙ,False
hút,ꪀꪲꪙ,False
vỡ,ꪀꪲꪙ,True
chiếm,ꪀꪲꪙ,False
ăn hương ăn hoa,ꪀꪲꪙ ꪮꪱꪥ,False
"ăn hương trùm, hoa",ꪀꪲꪙ ꪮꪱꪥ,True
nằm hương ăn hoa,ꪀꪲꪙ ꪮꪱꪥ,True
ăn ảnh,ꪀꪲꪙ ꪵꪮ꫁ꪉ,False
"hổ, ảnh",ꪀꪲꪙ ꪶꪕ꪿,True
ăn ảnh,ꪀꪲꪙ ꪩꪲꪚ,True
làm thuê,ꪀꪲꪙ ꪊ꫁ꪱꪉ,False
ăn tết,ꪀꪲꪙ ꪊꪸꪉ,False
ăn tết,ꪵꪥ꪿ꪉ ꪊꪸꪉ,True
ngon xơi,ꪀꪲꪙ ꪊ꪿ꪮꪙ,False
cóm xơi,ꪀꪲꪙ ꪹꪢꪱ꪿,True
ngon xơi,ꪀꪲꪙ ꪛꪺꪙ,True
ăn cưới,ꪀꪲꪙ ꪹꪀ꪿ꪥ,False
ngan cưới,ꪀꪲꪙ ꪹꪀ꪿ꪥ,True
ăn gian,ꪀꪲꪙ ꪤꪱꪙ,False
ăn chuyện,ꪀꪲꪙ ꪤꪱꪙ,True
ăn nhờ,ꪀꪲꪙ ꪥ꫁ꪮꪙ,False
"sang, nhờ",ꪀꪲꪙ ꪵꪕꪫ,True
ăn tiêu,ꪀꪲꪙ ꪶꪤ꪿ꪉ,False
ăn ở,ꪀꪲꪙ ꪤꪴ꪿,False
ăn buôn,ꪀꪲꪙ ꪤꪴ꪿,True
ăn ghẹ,ꪀꪲꪙ ꪵꪮꪣ,False
ăn bám,ꪀꪲꪙ ꪵꪭꪉ,False
"nhúc, bám",ꪀꪲꪙ ꪵꪭꪉ,True
ăn chung,ꪀꪲꪙ ꪭꪷ꪿,False
"ăn trộm,",ꪀꪲꪙ ꪭꪷ꪿,True
ăn chung,ꪀꪲꪙ ꪶꪭꪣ,False
ăn chơi,ꪀꪲꪙ ꪮꪲ꫁ꪙ,False
ăn chơi,ꪹꪨ꪿ꪉ ꪮꪲ꫁ꪙ,True
ăn bữa tối,ꪀꪲꪙ ꪹꪄꪱ꫁ ꪁꪾ꪿,False
ăn sáng,ꪀꪲꪙ ꪹꪄꪱ꫁ ꪹꪋꪱ꫁,False
khẻo sáng,ꪀꪲꪙ ꪹꪄꪱ꫁ ꪹꪋꪱ꫁,True
nhận sáng,ꪀꪲꪙ ꪹꪄꪱ꫁ ꪘ꪿ꪮꪉ,True
ăn cơm mới,ꪀꪲꪙ ꪹꪄꪱ꫁ ꪻꪢ꪿,False
ăn cơm mới,ꪶꪓ꫁ꪀ ꪹꪄꪱ꫁ ꪻꪢ꪿,True
thá cơm mới,ꪀꪲꪙ ꪹꪄꪱ꫁ ꪻꪢ꪿,True
ăn trưa,ꪀꪲꪙ ꪹꪄꪱ꫁ ꪹꪫꪸꪙ,False
đờm ỡi,ꪀꪲꪙ ꪹꪄꪱ꫁ ꪹꪫꪸꪙ,True
ăn vã,ꪀꪲꪙ ꪩ꫁ꪱ,False
ăn hại,ꪀꪲꪙ ꪩ꫁ꪱ,False
ăn hại,ꪩꪳ꫁ꪉ ꪩ꫁ꪱ,True
ăn dây,ꪀꪲꪙ ꪩ꫁ꪱ,True
ăn không,ꪀꪲꪙ ꪩ꫁ꪱ,False
ăn không,ꪵꪋ꪿ ꪩ꫁ꪱ,True
"ăn cơm chiều, ăn bữa chiều",ꪀꪲꪙ ꪵꪭꪉ,False
"ăn cơm chiều, ăn nháp chiều",ꪀꪲꪙ ꪵꪭꪉ,True
ăn cơm toài ăn bữa chiều,ꪀꪲꪙ ꪵꪭꪉ,True
"ăn cắp, ăn trộm",ꪀꪲꪙ ꪩꪰꪀ,False
"ăn cắp, ăn ụ",ꪀꪲꪙ ꪩꪰꪀ,True
"ăn đất, ngáp gió",ꪀꪲꪙ ꪶꪩꪣ,False
"ăn đất, ngáp gió",ꪀꪲꪙ ꪶꪀꪚ,True
"ăn đất, ngáp gió",ꪎ꫁ꪮꪉ ꪶꪩꪣ,True
ăn lận,ꪀꪲꪙ ꪶꪩꪚ,False
ăn lận,ꪀꪲꪙ ꪋꪲꪣ,True
ăn lương,ꪀꪲꪙ ꪹꪨꪉ,False
ăn lương,ꪀꪲꪙ ꪔꪰ꫁ꪉ,True
"ăn lãi, ăn lời",ꪀꪲꪙ ꪢ꫁ꪱ,False
"ăn lãi, tréo lời",ꪀꪲꪙ ꪢ꫁ꪱ,True
ăn thề,ꪀꪲꪙ ꪢꪱꪉ,False
ăn thề,ꪀꪲꪙ ꪶꪣꪣ,True
ăn mừng,ꪀꪲꪙ ꪣ꪿ꪺꪙ,False
ăn huyệt,ꪁꪳꪚ ꪣ꪿ꪺꪙ,True
cai trị,ꪀꪲꪙ ꪹꪣꪉ,False
cai trị,ꪏꪾ꫁ ꪹꪣꪉ,True
"ăn cơm sáng, ăn bữa sáng",ꪀꪲꪙ ꪉꪱꪥ,False
ăn cơm chít ăn bữa hiềm,ꪀꪲꪙ ꪉꪱꪥ,True
ăn cơm trọt ăn bữa sáng,ꪔꪲꪚ ꪉꪱꪥ,True
"ăn tiền, ăn đút",ꪀꪲꪙ ꪹꪉꪷꪙ,False
"nhọc, tiền, ăn đút",ꪀꪲꪙ ꪹꪉꪷꪙ,True
ăn lấn,ꪀꪲꪙ ꪹꪐꪷꪣ,False
ăn đẽo,ꪀꪲꪙ ꪹꪘꪷꪣ,False
nọ đẽo,ꪀꪲꪙ ꪹꪘꪷꪣ,True
"ăn mặc, ăn bận",ꪀꪲꪙ ꪙꪴ꪿ꪉ,False
"ăn hùa, ăn bận",ꪵꪄꪣ ꪙꪴ꪿ꪉ,True
kin pang,ꪀꪲꪙ ꪜꪱꪉ,False
tổm pang,ꪀꪲꪙ ꪜꪱꪉ,True
ăn đường,ꪀꪲꪙ ꪕꪱꪉ,False
ăn cuộn,ꪀꪲꪙ ꪕꪱꪉ,True
ăn thua,ꪀꪲꪙ ꪖꪺ,False
bú,ꪀꪲꪙ ꪮꪴꪀ,False
bú,ꪔꪨ꫁ꪮꪥ ꪮꪴꪀ,True
ăn xin,ꪀꪲꪙ ꪎꪷ,False
ngỡ xin,ꪀꪲꪙ ꪎꪷ,True
"cuống, dọc",ꪀꪲ꪿ꪙ,False
"cuống, ngón",ꪀꪲ꪿ꪙ,True
"núm, nuốm",ꪀꪲ꪿ꪙ,False
"núm, nuốm",ꪹꪎꪱ꪿,True
"chí thân, tri kỉ",ꪀꪲ꪿ꪙ ꪋ꫁ꪽ,False
"chí thân, tri kỉ",ꪁꪴ꪿ ꪋ꫁ꪽ,True
"giữ kín, kín đáo",ꪀꪲ꪿ꪙ ꪤꪾ,False
thân tín,ꪀꪲ꪿ꪙ ꪉꪸ꫁,False
chiếc,ꪀꪲ꪿ꪉ,False
"nhánh, chánh",ꪀꪲ꪿ꪉ,False
"nhánh, chánh",ꪹꪥ꫁ꪉ,True
lăn,ꪀꪲ꫁ꪉ,False
trong,ꪀꪲ꫁ꪉ,False
trong,ꪼꪠ꫁,True
vật mình,ꪀꪲ꫁ꪉ ꪀꪮꪀ,False
cộp háu,ꪀꪲ꫁ꪉ ꪀꪮꪀ,True
lăn long lóc,ꪀꪲ꫁ꪉ ꪀꪮꪀ,False
xay long lóc,ꪀꪲ꫁ꪉ ꪀꪮꪀ,True
"lăn quay, lăn cù, lông lốc",ꪀꪲ꫁ꪉ ꪀ꫁ꪺꪥ,False
"lăn quay, lăn giấm lông lốc",ꪀꪲ꫁ꪉ ꪮ꪿ꪽ,True
lăn lộn,ꪀꪲ꫁ꪉ ꪹꪀꪀ,False
"vật vã, lăn lóc",ꪀꪲ꫁ꪉ ꪹꪀ꪿ꪙ,False
vật quyến lăn lóc,ꪀꪲ꫁ꪉ ꪹꪀ꪿ꪙ,True
vật quàu lăn lóc,ꪕꪳꪣ ꪹꪀ꪿ꪙ,True
trong trẻo,ꪀꪲ꫁ꪉ ꪅꪩ꪿ꪮꪉ,False
"mộng, trẻo",ꪀꪲ꫁ꪉ ꪅꪩ꪿ꪮꪉ,True
lăn lông lốc,ꪀꪲ꫁ꪉ ꪶꪣꪙꪀ,False
xẹp lông lốc,ꪀꪲ꫁ꪉ ꪶꪣꪙꪀ,True
lăn bơn lốc,ꪀꪲ꫁ꪉ ꪶꪣꪙꪀ,True
hình dáng,ꪁꪲꪉ,False
huýt dáng,ꪁꪲꪉ,True
bệnh khí hư,ꪁꪲꪉ ꪶꪏ ꪶꪔ ꪮ꪿ꪺꪥ,False
bệnh thỏi hư,ꪁꪲꪉ ꪶꪏ ꪶꪔ ꪮ꪿ꪺꪥ,True
nhánh,ꪀꪲꪚ,False
dảnh,ꪀꪲꪚ,False
dảnh,ꪑꪮꪀ,True
móng,ꪀꪲꪚ,False
hồng,ꪀꪲꪚ,True
gắp,ꪁꪲꪚ,False
cạy,ꪀꪲꪒ,False
ràng rịt,ꪀꪲꪒ ꪀꪸ꫁ꪫ,False
bính rịt,ꪀꪲꪒ ꪀꪸ꫁ꪫ,True
ríu,ꪀꪲꪒ ꪀꪸ꫁ꪫ,False
quấn quít,ꪀꪲꪒ ꪀꪸ꫁ꪫ,False
quấn quít,ꪁꪱꪫ ꪀꪸ꫁ꪫ,True
cạy cục,ꪀꪲꪒ ꪼꪉ꫁,False
"thót, thắt",ꪀꪲ꪿ꪫ,False
"thót, vều",ꪀꪲ꪿ꪫ,True
ngẫng,ꪀꪲ꪿ꪫ,False
eo,ꪀꪲ꪿ꪫ,False
hỏm,ꪀꪲ꪿ꪫ,False
ngẳng,ꪀꪲ꪿ꪫ,False
eo hẹp,ꪀꪲ꪿ꪫ,False
"eo dính,",ꪀꪲ꪿ꪫ,True
cứu,ꪀꪲ꪿ꪫ,False
dom,ꪀꪲ꪿ꪫ,True
ngôn,ꪏꪸꪒ,True
cứu vớt,ꪀꪲ꪿ꪫ,False
cứu bệnh,ꪀꪲ꪿ꪫ ꪹꪛꪸ꫁ꪉ,False
thềm bệnh,ꪀꪲ꪿ꪫ ꪹꪛꪸ꫁ꪉ,True
"cứu độ,",ꪀꪲ꪿ꪫ ꪹꪛꪸ꫁ꪉ,True
"co lưng, thắt đáy",ꪀꪲ꪿ꪫ ꪀꪱꪉ,False
"chừa, lưng, hừ đáy",ꪀꪲ꪿ꪫ ꪹꪠ꪿,True
"co lưng, thắt đáy",ꪀꪲ꪿ꪫ ꪣ꫁ꪺ,True
tinh mũi,ꪀꪲ꪿ꪫ ꪒꪰꪉ,False
tinh mũi,ꪀꪲ꪿ꪫ ꪻꪉ꪿,True
cứu khổ,ꪁꪲ꫁ꪫ ꪶꪄ꫁,False
cứu khổ,ꪁꪲ꫁ꪫ ꪵꪨ꪿ꪉ,True
cứu tớ,ꪁꪲ꫁ꪫ ꪶꪄ꫁,True
cứu nguy,ꪀꪲ꪿ꪫ ꪙ꫁ꪱꪙ,False
đựng nguy,ꪀꪲ꪿ꪫ ꪙ꫁ꪱꪙ,True
hiệu nghiệm,ꪁꪲ꫁ꪫ,False
hiệu nghiệm,ꪜꪴꪣ,True
linh nghiệm,ꪁꪲ꫁ꪫ,False
nhí nhảnh,ꪵꪁꪩ꫁ ꪵꪁꪩꪒ,False
nhí hẵm,ꪵꪁꪩ꫁ ꪵꪁꪩꪒ,True
nhõn,ꪵꪁꪩꪒ,False
són,ꪵꪁꪩꪒ,False
hoe,ꪵꪁꪩꪒ,False
hoe,ꪎꪺꪒ,True
"hỏn, hon hỏn",ꪵꪁꪩꪒ,False
"hỏn, hon hỏn",ꪩꪲꪫ,True
cuồn cuộn,ꪹꪁꪸꪩ꪿ꪙ ꪹꪁꪸꪩ꪿ꪙ,False
cuồn tháng,ꪹꪁꪸꪩ꪿ꪙ ꪹꪁꪸꪩ꪿ꪙ,True
"tô hô, tồng ngồng",ꪹꪁꪸꪩꪒ,False
"tô hô, tồng ngồng",ꪕꪸꪣ,True
"tô trí, tồng ngồng",ꪹꪁꪸꪩꪒ,True
"nồng nỗng, trùng trục",ꪹꪁꪸꪩꪒ ꪁꪩꪱꪒ,False
"nồng nỗng, trùng sắm",ꪹꪁꪸꪩꪒ ꪁꪩꪱꪒ,True
nồng nạo tảng trục,ꪹꪁꪸꪩꪒ ꪁꪩꪱꪒ,True
"giây lát, tích tắc",ꪀꪨꪲ꪿ꪀ,False
"cợt lợt, cợt nhợt",ꪀꪨꪲ꪿ꪀ ꪀꪲ꪿ꪀ ꪀꪮꪀ,False
sổng,ꪀ꪿ꪫꪱ,False
sổng,ꪵꪜꪈ꫁ꪉ,True
hòm siểng,ꪀ꫁ꪫꪱ ꪭꪮꪣ,False
"hòm trắc,",ꪀ꫁ꪫꪱ ꪭꪮꪣ,True
"trộn, độn",ꪁꪫꪱ,False
"trộn, độn",ꪥꪷ꪿,True
hộn,ꪁꪫꪱ,False
lẫn,ꪁꪫꪱ,False
lẫn,ꪮꪰꪀ,True
tra,ꪁꪫꪱ,False
chứ,ꪁꪫꪱ,False
"chứ lại, chứ lị",ꪁꪫꪱ ꪙꪮꪀ,False
chứ phụ chứ lị,ꪁꪫꪱ ꪙꪮꪀ,True
"á lại, chứ lị",ꪁꪫꪱ ꪙꪮꪀ,True
qua,ꪁ꪿ꪫꪱ,False
tìm hiểu,ꪁ꪿ꪫꪱ,False
tiểu tiện,ꪁ꪿ꪫꪱ ꪋꪳ꪿ꪙ,False
nhao tiện,ꪁ꪿ꪫꪱ ꪋꪳ꪿ꪙ,True
kiếm cá ở sông suối,ꪁ꪿ꪫꪱ ꪙꪾ꫁,False
"kiếm cá ở muốn, suối",ꪁ꪿ꪫꪱ ꪙꪾ꫁,True
kiếm cá ở ham suối,ꪉ꫁ꪫꪱꪥ ꪙꪾ꫁,True
đại tiện,ꪁ꪿ꪫꪱ ꪙꪮꪀ,False
lùng tiện,ꪁ꪿ꪫꪱ ꪙꪮꪀ,True
săn thú,ꪁ꪿ꪫꪱ ꪜ꪿ꪱ,False
"toáng, oang",ꪀ꪿ꪫꪱꪀ,False
ôm oang,ꪀ꪿ꪫꪱꪀ,True
"oang oác, choác choác",ꪀ꪿ꪫꪱꪀ ꪀ꪿ꪫꪱꪀ,False
"oang oác, choác choác",ꪹꪝꪷꪉ ꪀ꪿ꪫꪱꪀ,True
hất,ꪀ꪿ꪫꪱꪥ,False
gợt,ꪀ꪿ꪫꪱꪥ,False
khổng,ꪀ꪿ꪫꪱꪥ,True
tệ,ꪀ꫁ꪫꪱꪥ,False
trâu,ꪁꪫꪱꪥ,False
trâu ngựa,ꪁꪫꪱꪥ ꪣ꫁ꪱ,False
kém ngựa,ꪁꪫꪱꪥ ꪣ꫁ꪱ,True
rạp ngựa,ꪩꪉꪮꪒ ꪣ꫁ꪱ,True
trâu nái,ꪁꪫꪱꪥ ꪵꪣ꪿,False
trâu ngoáy,ꪁꪫꪱꪥ ꪵꪣ꪿,True
trâu đực,ꪁꪫꪱꪥ ꪹꪖꪷ꪿ꪀ,False
trâu đực,ꪁꪫꪱꪥ ꪏꪉꪰ꪿ꪉ,True
trâu đực,ꪁꪫꪱꪥ ꪩ꫁ꪮꪙ,True
trâu nái tơ,ꪁꪫꪱꪥ ꪎꪳ꪿,False
tung,ꪁꪫꪱꪀ,False
tung,ꪩꪺꪒ,True
tan,ꪁꪫꪱꪀ,False
bừng,ꪁꪫꪱꪀ,False
bừng,ꪶꪬ꪿ꪀ,True
tiếng,ꪁꪫꪱꪣ,False
ngô,ꪐ꫁ꪺꪥ,True
lời,ꪁꪫꪱꪣ,False
lời,ꪋ꫁ꪱꪉ,True
điều tiếng,ꪁꪫꪱꪣ,False
điều tiếng,ꪖꪰꪒ,True
chuyện,ꪁꪫꪱꪣ,False
truyện,ꪁꪫꪱꪣ,False
"tục ngữ, thành ngữ, châm ngôn",ꪁꪫꪱꪣ ꪋꪸꪙ,False
"tục ngữ, x, ngữ, châm ngôn",ꪁꪫꪱꪣ ꪋꪸꪙ,True
"tục ngữ, thành khóc, châm ngôn",ꪁꪫꪱꪣ ꪋꪸꪙ,True
tương truyền,ꪁꪫꪱꪣ ꪋꪸꪙ,False
tương truyền,ꪵꪔꪚ ꪋꪸꪙ,True
thơ ca,ꪁꪫꪱꪣ ꪄꪾꪚ,False
thơ ca,ꪁꪫꪱꪣ ꪮ꫁ꪱꪫ,True
lời ca,ꪁꪫꪱꪣ ꪄꪾꪚ,False
bài hát,ꪁꪫꪱꪣ ꪄꪾꪚ,False
bài hát,ꪹꪜꪥ ꪢ꫁ꪮꪥ,True
"bùa yêu, bùa ém",ꪁꪫꪱꪣ ꪣ꪿ꪽ,False
"bùa yêu, xô, ém",ꪁꪫꪱꪣ ꪣ꪿ꪽ,True
"lời nói, tiếng nói",ꪁꪫꪱꪣ ꪜꪱꪀ,False
"lời nói, tiếng nói",ꪁꪫꪱꪣ ꪨꪳꪚ,True
lời thơ,ꪁꪫꪱꪣ ꪼꪫ,False
quan,ꪀꪫꪱꪙ,False
quan,ꪙ꫁ꪱꪫ,True
người đứng đầu,ꪀꪫꪱꪙ,False
quản gia,ꪀꪫꪱꪙ ꪀꪺꪉ,False
quản gia,ꪀꪫꪱꪙ ꪀꪱꪫ,True
chủ hộ,ꪀꪫꪱꪙ ꪬꪺ ꪹꪭꪙ,False
rỗi hộ,ꪀꪫꪱꪙ ꪬꪺ ꪹꪭꪙ,True
sàn đầu nhà,ꪀ꫁ꪫꪱꪙ,False
"sàn đầu vọc,",ꪀ꫁ꪫꪱꪙ,True
quản,ꪁꪫꪱꪙ,False
nai,ꪀꪫꪱꪉ,False
hươu nai,ꪀꪫꪱꪉ ꪡꪱꪙ,False
rộng,ꪀ꫁ꪫꪱꪉ,False
rộng rãi,ꪀ꫁ꪫꪱꪉ ꪄꪫꪱꪉ,False
quăng,ꪁ꪿ꪫꪱꪉ,False
ngoèo,ꪁ꪿ꪫꪱꪉ,True
"tha phương, tha phương cầu thực",ꪁ꪿ꪫꪱꪉ ꪀꪴ꪿ꪙ,False
tha thòi tha phương cầu thực,ꪁ꪿ꪫꪱꪉ ꪀꪴ꪿ꪙ,True
"tha phương, tha tẩy vẽ thực",ꪶꪨ꫁ꪥ ꪀꪴ꪿ꪙ,True
cái guồng xa,ꪁ꫁ꪫꪱꪉ,False
nồi guồng xa,ꪁ꫁ꪫꪱꪉ,True
cái guồng xa,ꪬꪷ꪿,True
vung,ꪵꪀꪫ꪿ꪉ,False
ve vẩy,ꪵꪀꪫ꪿ꪉ,False
"lia, liệng",ꪵꪀꪫ꪿ꪉ,False
khoeo liệng,ꪵꪀꪫ꪿ꪉ,True
vẫy,ꪵꪀꪫ꪿ꪉ,False
"xua tay, khoát tay",ꪵꪀꪫ꪿ꪉ ꪣꪳ,False
"xèo tay, khoát run,",ꪵꪀꪫ꪿ꪉ ꪣꪳ,True
"eo, tay, khoát tay",ꪵꪀꪫ꪿ꪉ ꪣꪳ,True
cuộn,ꪵꪁꪫ꫁ꪉ,False
thọt,ꪵꪁꪫ꫁ꪉ,True
cuộn,ꪵꪁꪫ꫁ꪉ,False
"gạt, hớt",ꪀꪫꪱꪒ,False
"êu chọe,",ꪀꪫꪱꪒ,True
vơ,ꪀꪫꪱꪒ,False
vơ,ꪀꪲꪚ,True
trút,ꪀꪫꪱꪒ ꪀ꫁ꪫꪱꪥ,False
"quơ, hốt",ꪀꪫꪱꪒ ꪕꪾꪚ,False
dốc ống,ꪀꪫꪱꪒ ꪕꪾꪚ,False
dốc ống,ꪝꪸ꪿ ꪕꪾꪚ,True
nhánh,ꪵꪁꪫꪥ,False
thận,ꪎꪢꪴ꪿ꪙ,True
què,ꪵꪁꪫꪥ,False
"ẩm,",ꪵꪁꪫꪥ,True
què,ꪁꪲꪀ,True
què quặt,ꪵꪁꪫꪥ ꪵꪁꪒ,False
quen,ꪵꪀꪫ꪿ꪙ,False
quen thuộc,ꪵꪀꪫ꪿ꪙ ꪹꪅꪷꪥ,False
quen thuộc,ꪀ꫁ꪺꪉ ꪹꪅꪷꪥ,True
quen biết,ꪵꪀꪫ꪿ꪙ ꪹꪅꪷꪥ,False
quen biết,ꪀꪺꪥ ꪹꪅꪷꪥ,True
quanh quẩn,ꪵꪁꪫ꫁ꪙ ꪵꪁꪫ꪿ꪥ,False
quanh quẩn,ꪹꪬꪷ ꪵꪁꪫ꪿ꪥ,True
quê,ꪹꪀꪸꪫꪥ,False
quê nhà,ꪹꪀꪸꪫꪥ ꪤ꫁ꪱꪫ,False
quê nhà,ꪊꪸ ꪤ꫁ꪱꪫ,True
quê vần,ꪹꪀꪸꪫꪥ ꪅ꪿ꪱꪣ,True
"bung, tuột",ꪹꪁꪸ꪿ꪫꪥ,False
bồ quân,ꪹꪀꪸꪫꪙ,False
thật quân,ꪢꪺ,True
quí mến,ꪀꪫꪲ꪿ꪥ ꪵꪝꪉ,False
hoá mến,ꪀꪫꪲ꪿ꪥ ꪵꪝꪉ,True
kuyền,ꪁꪫꪸꪙ,False
quyền uy,ꪁꪫꪸꪙ ꪄꪱꪉ,False
toát uy,ꪜꪲ꫁ꪉ ꪄꪱꪉ,True
ỏng,ꪵꪮ,False
phình,ꪵꪮ ꪵꪯꪥꪒ,False
muốn,ꪵꪮ꪿,False
"ép,",ꪵꪮ꪿,True
buồn,ꪵꪮ꪿,False
với,ꪵꪮ꪿,False
chứ,ꪵꪮ꪿,False
"cừ,",ꪵꪮ꪿,True
cơ,ꪵꪮ꪿,False
cơ,ꪢꪱꪙ,True
"buồn cười, nực cười",ꪵꪮ꪿ ꪬꪺ,False
"buồn cười, nực cười",ꪵꪮ꪿ ꪘꪱꪫ,True
"rộ cười, nực cười",ꪵꪮ꪿ ꪬꪺ,True
"bọn tớ, bọn tao",ꪵꪮ꪿ ꪠꪴ,False
"bọn tớ, bọn tao",ꪀꪰ꫁ꪉ ꪠꪴ,True
bọn níu bọn tao,ꪜꪸꪙ ꪠꪴ,True
nhớ,ꪵꪮ꪿ ꪹꪖꪷꪉ,False
nhớ,ꪹꪨꪷꪙ ꪹꪖꪷꪉ,True
chúng nó,ꪵꪮ꪿ ꪹꪎꪱ,False
chúng nó,ꪹꪄꪷꪀ ꪹꪎꪱ,True
chúng cánh,ꪵꪮ꪿ ꪹꪎꪱ,True
"chúng mày, chúng bay, các cậu, các cô",ꪵꪮ꪿ ꪎꪴ,False
"chúng mày, chúng bay, các cậu, các bao",ꪵꪮ꪿ ꪊꪺꪚ,True
bé yêu,ꪵꪯ,False
áp yêu,ꪵꪯ,True
bé yêu,ꪚꪸ꫁,True
"trẻ, bé",ꪵꪯ ꪙ꫁ꪮꪥ,False
"trẻ, vở,",ꪹꪀꪷꪉ ꪹꪖꪷꪨꪒ,True
"ị, ỉa",ꪵꪯ꪿,False
"ị, ỉa",ꪁꪫꪱꪀ,True
tiếng đằng hắng,ꪵꪯꪭ꪿ꪣ,False
vàng vọt,ꪵꪯꪭ꪿ꪣ ꪵꪜ꪿ꪣ ꪹꪨꪉ,False
vàng vọt,ꪵꪯꪭ꪿ꪣ ꪏꪱꪀ ꪹꪨꪉ,True
vàng vọt,ꪎꪮꪙ ꪵꪜ꪿ꪣ ꪹꪨꪉ,True
ách,ꪵꪮꪀ,False
rẽ,ꪵꪮꪀ,True
"óc, não",ꪵꪮꪀ,False
nhân,ꪵꪮꪀ,False
nhân,ꪘ꫁ꪱꪫ,True
nát óc,ꪵꪮꪀ ꪁꪮꪙ,False
"bức, óc",ꪵꪮꪀ ꪁꪮꪙ,True
tủy,ꪵꪮꪀ ꪒꪴꪀ,False
tủy sống,ꪵꪮꪀ ꪒꪴꪀ ꪎꪨꪰꪉ,False
tủy sống,ꪵꪮꪀ ꪒꪴꪀ ꪶꪅꪥ꪿ꪉ,True
thối óc,ꪵꪮꪀ ꪹꪙꪱ꪿,False
thối não,ꪵꪮꪀ ꪹꪙꪱ꪿,False
"thiến, não",ꪶꪁꪚ ꪹꪙꪱ꪿,True
ái,ꪵꪯꪀ,False
nghẹ,ꪵꪯꪀ,True
"ối, ái",ꪵꪯꪀ ꪶꪯꪥ,False
bụ ái,ꪵꪯꪀ ꪶꪯꪥ,True
dềnh dàng,ꪵꪯꪩ꫁ ꪵꪯꪩꪒ,False
dềnh vẫn,ꪵꪯꪩ꫁ ꪩꪲꪉ,True
dềnh dàng,ꪣ꪿ꪺꪙ ꪵꪯꪩꪒ,True
"ké, ghé, kẹ, ghẹ",ꪵꪮꪣ,False
"ké, sức kẹ, cườm",ꪵꪮꪣ,True
ườn,ꪵꪮꪣ ꪹꪨꪉ,False
"tong,",ꪵꪮꪣ ꪹꪨꪉ,True
ườn,ꪪꪲ ꪹꪨꪉ,True
thoi thóp,ꪵꪯꪣꪚ,False
thoi thóp,ꪒꪱꪥ,True
dường tiện,ꪵꪯꪣꪚ,True
phi,ꪵꪮ꪿ꪙ,False
phóng,ꪵꪮ꪿ꪙ,False
uyên ương,ꪵꪮ꪿ꪙ ꪹꪮꪉ,False
uyên quạch,ꪵꪮ꪿ꪙ ꪹꪮꪉ,True
lững thững,ꪵꪮ꪿ꪙ ꪵꪮ,False
lững doi,ꪵꪮ꪿ꪙ ꪵꪮ,True
ung dung,ꪵꪮ꪿ꪙ ꪵꪎꪙ,False
"ung vì,",ꪵꪮ꪿ꪙ ꪩꪳꪚ,True
thi,ꪵꪯ꪿ꪙ,False
lưng,ꪵꪮꪫ,False
hông,ꪵꪮꪫ,False
hông,ꪹꪘ꪿ꪥ,True
chết dở,ꪵꪮꪫ ꪬꪰꪀ,False
điếng người,ꪵꪮꪫ ꪬꪰꪀ,False
quấy,ꪵꪮ꪿ꪫ,False
quấy,ꪭꪲ꪿,True
quấy,ꪵꪮ꫁ꪙ,True
làm nũng,ꪵꪮ꪿ꪫ,False
làm nũng,ꪫꪱ,True
quấy rầy,ꪵꪮ꪿ꪫ ꪵꪄꪫꪙ,False
quấy rầy,ꪵꪮ꪿ꪫ ꪣꪴ꪿ꪙ,True
hứng trí,ꪵꪮ꪿ꪫ ꪫꪮꪙ,False
hứng trí,ꪚꪲ꪿ ꪫꪮꪙ,True
"phai, máo",ꪵꪮ꪿ꪫ ꪫꪮꪙ,True
"ngoắt, rẽ",ꪵꪮ꫁ꪫ,False
"ngoắt, bếp",ꪵꪮ꫁ꪫ,True
mùa rẽ,ꪵꪮ꫁ꪫ,True
luyến hơi,ꪵꪮ꫁ꪫ ꪶꪩꪣ,False
quay ngoắt,ꪵꪮ꫁ꪫ ꪏꪩꪰꪀ,False
dăm ngoắt,ꪵꪮ꫁ꪫ ꪏꪩꪰꪀ,True
quay ngoắt,ꪵꪮ꫁ꪫ ꪹꪘꪸ꪿ꪀ,True
"co éo, rèo rẹo",ꪵꪯꪫ ꪵꪯꪫ,False
nhõng nhẽo,ꪵꪯꪫ ꪵꪙꪫ ꪵꪯ꫁ꪫ ꪵꪙ꫁ꪫ,False
nhõng chấy,ꪪꪱꪉ ꪵꪙꪫ ꪵꪯ꫁ꪫ ꪵꪙ꫁ꪫ,True
rạch nhẽo,ꪵꪯꪫ ꪵꪙꪫ ꪵꪯ꫁ꪫ ꪵꪙ꫁ꪫ,True
nũng nịu,ꪵꪯꪫ ꪵꪙꪫ ꪵꪯ꫁ꪫ ꪵꪙ꫁ꪫ,False
ép,ꪵꪮꪚ,False
tập,ꪵꪮꪚ,False
học,ꪵꪮꪚ,False
"nhụt,",ꪵꪮꪚ,True
vực,ꪵꪮꪚ,False
học,ꪵꪮꪚ,False
học hành,ꪵꪮꪚ ꪭꪸꪙ,False
học hành,ꪵꪮꪚ ꪪꪱꪙ,True
"học tập, học hành",ꪵꪮꪚ ꪭ꫁ꪮꪀ,False
"học chỉ, học hành",ꪵꪮꪚ ꪭ꫁ꪮꪀ,True
"học tập, học khục",ꪵꪮꪚ ꪭ꫁ꪮꪀ,True
giỏ đựng xôi,ꪵꪮꪚ ꪹꪄꪱ꫁,False
giỏ ngưng xôi,ꪵꪮꪚ ꪹꪄꪱ꫁,True
"học lại, học ôn",ꪵꪮꪚ ꪹꪩꪱ꪿,False
"học lại, học quên",ꪮ꪿ꪺꪉ ꪹꪩꪱ꪿,True
"học, học chữ",ꪵꪮꪚ ꪎꪳ,False
"phình, to",ꪹꪮꪸ,False
chắn to,ꪹꪮꪸ,True
"phình, át,",ꪹꪮꪸ,True
phình phình,ꪹꪮꪸ ꪵꪮꪎꪒ,False
phình choạng,ꪵꪛꪀ ꪵꪮꪎꪒ,True
phình to,ꪹꪮꪸ ꪹꪯꪸꪥꪒ,False
ĩnh,ꪹꪮꪸ ꪹꪯꪸꪥꪒ,False
ĩnh,ꪹꪮꪸ ꪚꪰꪀ,True
"ềnh, ễnh, ộ ệ",ꪹꪮꪸ ꪹꪮꪸꪎꪒ,False
"ềnh, ễnh, ộ ệ",ꪹꪮꪸ ꪎ꫁ꪮꪣ,True
"ềnh, ễnh, dọi gọt",ꪹꪮꪸ ꪹꪮꪸꪎꪒ,True
kệnh,ꪹꪮꪸ ꪹꪮꪸꪎꪒ,False
ngự,ꪹꪮꪸ ꪹꪮꪸꪎꪒ,True
"nhiều, khối",ꪹꪮꪸ꪿,False
ấy,ꪹꪮꪸ꪿,False
eng éc,ꪹꪮꪸ꪿ꪀ ꪹꪮꪸ꪿ꪀ,False
eng éc,ꪹꪮꪸ꪿ꪀ ꪫꪾ꫁,True
hừ hừ,ꪹꪯꪸ꫁ꪀ ꪹꪯꪸ꫁ꪀ,False
"hừ lặn,",ꪵꪣ꪿ ꪹꪯꪸ꫁ꪀ,True
chẹp bẹp,ꪹꪯꪸꪩꪒ,False
"phệt, trệt, trịt",ꪹꪯꪸꪩꪒ,False
"đeo trệt, trịt",ꪹꪯꪸꪩꪒ,True
sệt,ꪹꪯꪸꪩꪒ,False
sệt,ꪊꪺꪚ,True
mẹ,ꪹꪯꪸꪣ,False
mẹ,ꪵꪠ꪿,True
bà cô,ꪹꪯꪸꪣ ꪮꪱ,False
bà cô,ꪶꪀꪒ ꪵꪕ꫁ꪉ,True
bà lớn,ꪹꪯꪸꪣ ꪛꪱ,False
bà lớn,ꪹꪯꪸꪣ ꪶꪖꪣ,True
bà nội,ꪹꪯꪸꪣ ꪥ꪿ꪱ,False
mẹ nuôi,ꪹꪯꪸꪣ ꪩꪸ꫁ꪉ,False
mẹ nuôi,ꪹꪯꪸꪣ ꪏ꪿ꪽ,True
bà thím,ꪹꪯꪸꪣ ꪩꪺ,False
đá thím,ꪹꪯꪸꪣ ꪩꪺ,True
bà dì,ꪹꪯꪸꪣ ꪙ꫁ꪱ,False
"bà cheng,",ꪹꪯꪸꪣ ꪙ꫁ꪱ,True
bà giọng,ꪑ꫁ꪮꪉ ꪙ꫁ꪱ,True
ễm nạ kắp lụk fùa: dì ghẻ với con chồng,ꪤꪲ ꪵꪆꪬ꫁ ꪤꪲ,False
"ễm nạ thùm, lụk fùa: dì ghẻ mịn con chồng",ꪬꪱꪫ ꪵꪆꪬ꫁ ꪤꪲ,True
ễm nạ kắp lụk fùa: dì ghẻ với con chồng,ꪹꪭꪸꪒ ꪵꪆꪬ꫁ ꪤꪲ,True
bà ngoại,ꪹꪯꪸꪣ ꪙꪱꪥ,False
bà gay,ꪹꪯꪸꪣ ꪙꪱꪥ,True
"bác gái, bá",ꪹꪯꪸꪣ ꪜ꫁ꪱ,False
"mẹ kế, mẹ ghẻ",ꪹꪯꪸꪣ ꪎꪳꪚ,False
gân,ꪹꪮꪸꪙ,False
sơ,ꪹꪮꪸꪙ,False
lềnh bềnh,ꪹꪯꪸꪉ ꪹꪜꪸꪉ,False
lù lù,ꪹꪯꪸ꫁ꪉ ꪹꪣꪸ꫁ꪉ,False
lù lù,ꪉꪸ꪿ꪉ ꪹꪣꪸ꫁ꪉ,True
"rong chơi, nhởn nha",ꪹꪮꪸ꪿ꪫ,False
"rong chơi, bong nha",ꪹꪮꪸ꪿ꪫ,True
lêu,ꪹꪯꪸ꫁ꪫ,False
chật,ꪹꪯꪸ꫁ꪫ,True
"lêu lêu, bêu bêu",ꪹꪯꪸ꫁ꪫ ꪹꪯꪸ꫁ꪫ,False
"chóng lêu, bêu bêu",ꪹꪯꪸ꫁ꪫ ꪹꪯꪸ꫁ꪫ,True
chị,ꪮꪲ꪿,False
ấy,ꪮꪲ꪿,False
ấy,ꪔꪽ,True
cóc,ꪮꪲ꪿ ꪔꪴ꪿,False
cóc,ꪎꪸ꪿ꪫ ꪔꪴ꪿,True
chị gái,ꪮꪲ꪿ ꪹꪮ꫁ꪥ,False
cô gái,ꪮꪲ꪿ ꪎꪱꪫ,False
cô gái,ꪹꪤꪷ꪿ꪀ ꪎꪱꪫ,True
cô giáo,ꪮꪲ꪿ ꪼꪏ,False
cô giáo,ꪮꪲ꪿ ꪡ꫁ꪮꪉ,True
gọi,ꪯꪲ,False
đây,ꪯꪲ꫁,False
đây này,ꪯꪲ꫁ ꪹꪩꪸ,False
"xoẹt hài,",ꪕꪳ꪿ꪉ ꪹꪩꪸ,True
đây này,ꪐꪾ꫁ ꪄꪳꪚ,True
mỡ chài,ꪮꪸ꫁,False
"phạt, chài",ꪮꪸ꫁,True
bã bột,ꪮꪸ꫁,False
ích,ꪮꪲ꪿ꪀ,False
ích,ꪤ꪿ꪺꪉ,True
dày,ꪮꪲ꪿ꪀ,True
"ú oà, hú hoà",ꪮꪲ꪿ꪀ ꪯ꪿ꪱ,False
"ú oà, chuồn hoà",ꪮꪲ꪿ꪀ ꪯ꪿ꪱ,True
bé yêu,ꪮꪸꪀ,False
chuyên yêu,ꪹꪬꪱ,True
yếm,ꪮꪸ꪿ꪣ,False
"yên, yên ổn",ꪮꪸꪙ,False
"yên, yên ổn",ꪤ꪿ꪱꪉ,True
"yên tâm, an tâm",ꪮꪸꪙ ꪻꪊ,False
"yên tâm, dụi tâm",ꪮꪸꪙ ꪻꪊ,True
"gạt, nhiếc an tâm",ꪮꪸꪙ ꪻꪊ,True
"thanh bình, yên hàng",ꪮꪸꪙ ꪭꪱꪙ,False
yên tĩnh,ꪮꪸꪙ ꪜꪲ꪿ꪙ,False
lạch bạch,ꪮꪸ꪿ꪉ ꪮꪸ꫁,False
lạch mủn,ꪮꪸ꪿ꪉ ꪮꪸ꫁,True
chim yểng,ꪮꪸ꫁ꪉ ꪁꪾ,False
mưng yểng,ꪮꪸ꫁ꪉ ꪁꪾ,True
sáo sậu,ꪮꪸ꫁ꪉ ꪵꪀ꪿ꪫ,False
sáo ngà,ꪮꪸ꫁ꪉ ꪨ꪿ꪱꪉ,False
lóng ngà,ꪮꪸ꫁ꪉ ꪨ꪿ꪱꪉ,True
yêu,ꪮꪸꪫ,False
ngã,ꪮꪸꪫ,True
yêu quý,ꪮꪸꪫ ꪔꪸꪀ,False
yêu thương,ꪮꪸꪫ ꪹꪎꪉ,False
"yếu, đuối",ꪮꪸ꪿ꪫ,False
neo bần,ꪮꪸ꪿ꪫ ꪵꪘꪫ,False
"neo giô,",ꪮꪸ꪿ꪫ ꪵꪘꪫ,True
thương nhớ,ꪮꪸ꪿ꪫ ꪫꪮꪙ,False
thương nhớ,ꪮꪸ꪿ꪫ ꪹꪖ꫁ꪱ,True
thiếu thốn,ꪮꪸ꪿ꪫ ꪵꪏꪣ,False
"thiếu trắng,",ꪮꪸ꪿ꪫ ꪵꪏꪣ,True
no,ꪮꪲ꪿ꪣ,False
no đủ,ꪮꪲ꪿ꪣ ꪝꪷ,False
no mắt,ꪮꪲ꪿ꪣ ꪔꪱ,False
no nê,ꪮꪲ꪿ꪣ ꪹꪔꪸꪣ,False
dế nê,ꪮꪲ꪿ꪣ ꪹꪔꪸꪣ,True
in,ꪮꪲꪙ,False
xóc,ꪮꪲꪙ,True
thương,ꪮꪲ꪿ꪙ ꪒꪴ,False
thương,ꪶꪏ꫁ꪥ ꪒꪴ,True
rủ lòng thương,ꪮꪲ꪿ꪙ ꪒꪴ ꪭꪰꪀ,False
văng lòng thương,ꪮꪲ꪿ꪙ ꪒꪴ ꪉꪺꪉ,True
thương hại,ꪮꪲ꪿ꪙ ꪒꪴ ꪣꪷ꪿,False
thương chành,ꪮꪲ꪿ꪙ ꪒꪴ ꪣꪷ꪿,True
thương tình,ꪮꪲ꪿ꪙ ꪒꪴ ꪘ꫁ꪱ,False
thương tình,ꪮꪲ꪿ꪙ ꪒꪴ ꪩꪷ꫁,True
thương thay,ꪮꪲ꪿ꪙ ꪒꪴ ꪕꪷ꪿,False
ngoạc thay,ꪮꪲ꪿ꪙ ꪒꪴ ꪕꪷ꪿,True
"nhớ thương, thương nhớ",ꪮꪲ꪿ꪙ ꪹꪖꪷꪉ,False
chơi,ꪮꪲ꫁ꪙ,False
chơi,ꪏꪱꪀ,True
đùa,ꪮꪲ꫁ꪙ,False
nghịch,ꪮꪲ꫁ꪙ,False
nẳng,ꪮꪲ꫁ꪙ,True
nghịch,ꪹꪁꪷꪕꪙ,True
chơi giai,ꪮꪲ꫁ꪙ ꪚ꪿ꪱꪫ,False
ngoại tình,ꪮꪲ꫁ꪙ ꪋꪴ꫁,False
ngoại tình,ꪋꪲ ꪋꪴ꫁,True
tán gái,ꪮꪲ꫁ꪙ ꪎꪱꪫ,False
chơi gái,ꪮꪲ꫁ꪙ ꪹꪚꪷꪚ,False
"tựa, dựa",ꪮꪲꪉ,False
ngả mình,ꪮꪲꪉ ꪹꪁꪷꪝꪥ,False
"ngả ắp,",ꪮꪲꪉ ꪹꪁꪷꪝꪥ,True
"đám, mình",ꪮꪲꪉ ꪹꪁꪷꪝꪥ,True
leo lẻo,ꪮꪲ꪿ꪉ ꪮꪲ꪿ꪉ,False
vo ve,ꪮꪲ꪿ꪉ ꪮꪲ꪿ꪉ,False
vận giàu,ꪮꪲ꪿ꪉ ꪮꪲ꪿ꪉ,True
ngồi ve,ꪮꪲ꪿ꪉ ꪮꪲ꪿ꪉ,True
inh ỏi,ꪯꪲꪉ ꪯꪲꪉ,False
inh ỏi,ꪯꪲꪉ ꪜꪷ,True
bương ỏi,ꪯꪲꪉ ꪯꪲꪉ,True
"len, chen",ꪮꪲꪚ,False
"len, chị",ꪮꪲꪚ,True
"len, móp,",ꪹꪄꪱ꪿,True
len lỏi,ꪮꪲꪚ ꪮꪲ,False
hu lỏi,ꪮꪲꪚ ꪮꪲ,True
len lỏi,ꪼꪎ꫁ ꪮꪲ,True
"chen chúc, chen lấn",ꪮꪲꪚ ꪮꪲ,False
"bẻm chúc, uất lấn",ꪮꪲꪚ ꪮꪲ,True
"giếm chúc, chen lấn",ꪕꪳ꪿ꪉ ꪮꪲ,True
đất mặn,ꪮꪲꪒ,False
giới mặn,ꪏ꫁ꪮꪣ,True
se lòng,ꪮꪲꪒ ꪻꪊ,False
"máu, dài,",ꪙꪲ꫁ꪫ ꪻꪊ,True
"se ruột, héo ruột",ꪮꪲꪒ ꪼꪎ꫁,False
"cheo ruột, héo ruột",ꪮꪲꪒ ꪼꪎ꫁,True
cán bông,ꪮꪲ꫁ꪫ ꪮꪲ,False
cán đúng,ꪮꪲ꫁ꪫ ꪮꪲ,True
kán,ꪮꪲ꫁ꪫ ꪮꪲ,False
"bức, ép, tra khảo",ꪮꪲ꫁ꪫ ꪮꪲ,False
"bức, ép, tra khờ,",ꪮꪲ꫁ꪫ ꪮꪲ,True
kêu,ꪮꪷ,False
"mọng, mọng nước",ꪮꪷ꫁ ꪔꪷ꫁,False
vò,ꪯꪷ꫁,False
oan,ꪮꪫꪱꪙ,False
lọ thủy tinh,ꪮꪮꪥ,False
ung dung,ꪮꪮꪥ ꪅꪮꪥ,False
"nhử, dử",ꪮ꪿ꪮꪥ,False
làm mồi,ꪮ꪿ꪮꪥ,False
dụ,ꪮ꪿ꪮꪥ,False
xun xoe,ꪮ꪿ꪮꪥ ꪮ꪿ꪮꪥ,False
kẹo,ꪮ꫁ꪮꪥ,False
mía mưng,ꪮ꫁ꪮꪥ ꪶꪬ꪿ꪀ,False
mía mưng,ꪮ꫁ꪮꪥ ꪄꪺꪚ,True
mía chi,ꪮ꫁ꪮꪥ ꪨ꪿ꪱꪉ,False
mía lau,ꪮ꫁ꪮꪥ ꪹꪩꪱ,False
"mía vành,",ꪮ꫁ꪮꪥ ꪹꪩꪱ,True
"mía lưu,hãm,",ꪮ꫁ꪮꪥ ꪹꪩꪱ,True
mía dò,ꪮ꫁ꪮꪥ ꪘꪮꪉ ꪵꪘꪉ,False
mía dò,ꪣꪲꪚ ꪘꪮꪉ ꪵꪘꪉ,True
điển dò,ꪮ꫁ꪮꪥ ꪘꪮꪉ ꪅ꪿ꪱꪣ,True
mía tép,ꪮ꫁ꪮꪥ ꪮꪷ꫁,False
"mía vợi,",ꪮ꫁ꪮꪥ ꪮꪷ꫁,True
mía bầu,ꪮ꫁ꪮꪥ ꪜꪺꪀ,False
mía ái,ꪮ꫁ꪮꪥ ꪜꪺꪀ,True
mía de,ꪮ꫁ꪮꪥ ꪪꪱꪥ,False
chiều chuộng,ꪮ꫁ꪮꪥ ꪎ꫁ꪮꪥ,False
hềnh chuộng,ꪮ꫁ꪮꪥ ꪎ꫁ꪮꪥ,True
ra,ꪮꪮꪀ,False
"mọc, nẩy, đâm",ꪮꪮꪀ,False
"mọc, nẩy, khối",ꪮꪮꪀ,True
"đẻ, sinh",ꪮꪮꪀ,False
"ruột, đẻ",ꪮꪮꪀ,False
"luôn, đuối",ꪮꪮꪀ,True
phát,ꪮꪮꪀ,False
gia,ꪮꪮꪀ,False
"chiều,",ꪶꪄ꫁ꪣ,True
ngả,ꪮꪮꪀ,False
ứng,ꪮꪮꪀ,False
thuộc,ꪮꪮꪀ,False
chú bác,ꪮꪮꪀ ꪮꪱꪫ,False
chú bác,ꪵꪜꪀ ꪮꪱꪫ,True
chú bác,ꪮꪮꪀ ꪑꪮꪉ,True
họ nội,ꪮꪮꪀ ꪮꪱꪫ,False
họ nhức,ꪶꪝ꫁ꪥ ꪮꪱꪫ,True
họ nội,ꪝ꫁ꪱ ꪥꪲꪚ,True
"lên nước, lên cao",ꪮꪮꪀ ꪀꪱꪫ,False
"lên nước, lên ngót",ꪮꪮꪀ ꪀꪱꪫ,True
"lên nước, lên cao",ꪭꪮꪚ ꪀꪱꪫ,True
bảnh bao,ꪮꪮꪀ ꪥꪲꪉ,False
ruột thịt,ꪮꪮꪀ ꪵꪮꪀ,False
ruột thịt,ꪮꪮꪀ ꪹꪘꪸꪒ,True
thân tín,ꪮꪮꪀ ꪵꪮꪀ,False
thân tín,ꪀꪸ ꪵꪮꪀ,True
đâm rễ,ꪮꪮꪀ ꪭꪱꪀ,False
trôn rễ,ꪮꪮꪀ ꪭꪱꪀ,True
đâm rễ,ꪻꪁ꫁ ꪭꪱꪀ,True
fát ớn,ꪮꪮꪀ ꪭꪱꪀ,False
ra sức,ꪮꪮꪀ ꪵꪭꪉ,False
đẻ rơi,ꪮꪮꪀ ꪭꪸ꪿,False
đẻ rạc,ꪮꪮꪀ ꪭꪸ꪿,True
ra ở riêng,ꪮꪮꪀ ꪹꪭꪙ,False
ra gồ riêng,ꪕ꫁ꪮꪥ ꪹꪭꪙ,True
đẹp tuyệt,ꪮꪮꪀ ꪯꪲꪉ,False
"căng, tuyệt",ꪮꪮꪀ ꪯꪲꪉ,True
sinh ra,ꪮꪮꪀ ꪣꪱ,False
yêu ra,ꪮꪮꪀ ꪣꪱ,True
"búp, ra",ꪮꪮꪀ ꪣꪱ,True
lên đậu,ꪮꪮꪀ ꪢꪱꪀ,False
"chụm, đậu",ꪮꪮꪀ ꪢꪱꪀ,True
suốt,ꪮꪮꪀ ꪶꪣꪉ,False
"rải,",ꪮꪮꪀ ꪶꪣꪉ,True
ra mắt,ꪮꪮꪀ ꪘ꫁ꪱ,False
ra mắt,ꪮꪮꪀ ꪒ꫁ꪱꪙ,True
ra mặt,ꪮꪮꪀ ꪘ꫁ꪱ,False
trắng trợn,ꪮꪮꪀ ꪘ꫁ꪱ,False
qui hàng,ꪮꪮꪀ ꪶꪑꪣ,False
ấy hàng,ꪮꪮꪀ ꪶꪑꪣ,True
qui hàng,ꪮꪮꪀ ꪗ꫁ꪱꪉ,True
sảy lửa,ꪮꪮꪀ ꪼꪡ,False
khục nô,ꪮꪮꪀ ꪼꪡ,True
sảy lửa,ꪵꪀꪘ꪿ꪀ ꪼꪡ,True
phát chán,ꪮꪮꪀ ꪹꪜꪷꪒ,False
tiến đìu,ꪮꪮꪀ ꪹꪜꪷꪒ,True
"phát nhịt,",ꪮꪮꪀ ꪹꪜꪷꪒ,True
nổi tiếng,ꪮꪮꪀ ꪔꪸ꪿ꪉ,False
quẫy tiếng,ꪣꪷ꪿ ꪔꪸ꪿ꪉ,True
nổi giỏ,ꪮꪮꪀ ꪔꪸ꪿ꪉ,True
có mộng,ꪮꪮꪀ ꪔꪷ꫁,False
"hũm, mộng",ꪮꪮꪀ ꪔꪷ꫁,True
lên vảy mại,ꪮꪮꪀ ꪔꪷ꫁,False
lên vảy mại,ꪮꪮꪀ ꪏꪩꪱꪫ,True
"cài, vảy mại",ꪮꪮꪀ ꪔꪷ꫁,True
sa dạ con,ꪮꪮꪀ ꪪꪱꪀ,False
mứa dạ con,ꪮꪮꪀ ꪪꪱꪀ,True
phát sốt,ꪮꪮꪀ ꪼꪎ꫁,False
xệch sốt,ꪮꪮꪀ ꪼꪎ꫁,True
quanh sốt,ꪮꪮꪀ ꪼꪎ꫁,True
"sinh, ra đời",ꪮꪮꪀ ꪎꪲꪉ,False
"sinh, chắp trông,",ꪵꪎ꪿ ꪎꪲꪉ,True
mở miệng,ꪮꪮꪀ ꪶꪎꪚ,False
nhấp miệng,ꪮꪮꪀ ꪶꪎꪚ,True
ra mồm,ꪮꪮꪀ ꪶꪎꪚ,False
ra trói,ꪮꪮꪀ ꪶꪎꪚ,True
xinh xắn,ꪮꪨꪮꪒ,False
hũ,ꪮꪮꪣ,False
"ninh, om, kho",ꪮꪮꪣ,False
"ninh, om, kho",ꪏ꫁ꪱꪥ,True
nấu riu riu,ꪮ꪿ꪮꪣ,False
nấu giả) riu,ꪮ꪿ꪮꪣ,True
mân,ꪮ꪿ꪮꪣ,False
lè tè,ꪮ꪿ꪮꪣ ꪯꪷ꫁,False
"lè riết,",ꪮ꪿ꪮꪣ ꪯꪷ꫁,True
ôm,ꪮ꫁ꪮꪣ,False
vây,ꪮ꫁ꪮꪣ,False
quăn,ꪮ꫁ꪮꪣ,True
vòng,ꪮ꫁ꪮꪣ,False
vòng quanh,ꪮ꫁ꪮꪣ,False
vòng quanh,ꪵꪤꪒ,True
vòng quanh,ꪹꪉꪀ,True
vòng vèo,ꪮ꫁ꪮꪣ ꪵꪮ꫁ꪫ,False
"nhàu, vèo",ꪝꪴ꫁ꪀ ꪵꪮ꫁ꪫ,True
bủa vây,ꪮ꫁ꪮꪣ ꪩ꫁ꪮꪣ,False
hình bầu dục,ꪮ꫁ꪮꪣ ꪜ꫁ꪮꪣ,False
hình bầu dàng,ꪮ꫁ꪮꪣ ꪜ꫁ꪮꪣ,True
hiu hiu,ꪮꪮꪙ,False
nhanh hiu,ꪮꪮꪙ,True
"củng, hiu",ꪮꪮꪙ,True
"tươi, phớt",ꪮꪮꪙ,False
mủi lòng,ꪮꪮꪙ ꪻꪊ,False
xa tít,ꪮꪮꪙ ꪋꪮꪙ,False
mắng tít,ꪮꪮꪙ ꪋꪮꪙ,True
"xa thẳm, thăm thẳm",ꪮꪮꪙ ꪋꪮꪙ,False
"xa thẳm, thăm tróng",ꪮꪮꪙ ꪋꪮꪙ,True
"tun hút, hoắm",ꪮꪮꪙ ꪋꪮꪙ,False
"tun hút, hoắm",ꪣ꫁ꪱꪣ ꪋꪮꪙ,True
"tun hút, nãn",ꪮꪮꪙ ꪋꪮꪙ,True
khang trang,ꪮꪮꪙ ꪑꪮꪙ,False
thảnh thơi,ꪮꪮꪙ ꪑꪮꪙ,False
thảnh đương,ꪮꪮꪙ ꪑꪮꪙ,True
ngon lành,ꪮꪮꪙ ꪑꪮꪙ,False
"ngon rốt,",ꪮꪮꪙ ꪑꪮꪙ,True
"róm nút,",ꪮꪮꪙ ꪚ꪿ꪮꪙ,True
mà,ꪮꪮꪙ ꪐꪮꪙ,False
chum chúm,ꪮꪮꪙ ꪮꪷ,False
"trong, triệu",ꪮꪮꪙ ꪮꪷ,True
"nhân, chúm",ꪮꪮꪙ ꪮꪷ,True
nổi u,ꪮꪮꪙ ꪮꪷ,False
nổi u,ꪤꪱꪫ ꪮꪷ,True
nổi miến,ꪮꪮꪙ ꪮꪷ,True
non,ꪮ꪿ꪮꪙ,False
nõn,ꪮ꪿ꪮꪙ,False
"thào,",ꪭ꫁ꪱ,True
"mọn, thơ",ꪮ꪿ꪮꪙ,False
"mọn, rẩy,",ꪮ꪿ꪮꪙ,True
mềm,ꪮ꪿ꪮꪙ,False
mềm,ꪹꪮꪷꪥ,True
"đuối, non",ꪮ꪿ꪮꪙ,False
"dịu, giảm",ꪮ꪿ꪮꪙ,False
đòn giảm,ꪮ꪿ꪮꪙ,True
"dịu, giảm",ꪥꪱꪥ,True
"nhường, lép",ꪮ꪿ꪮꪙ,False
muỗi lép,ꪮ꪿ꪮꪙ,True
phục,ꪮ꪿ꪮꪙ,False
"choạng,",ꪮ꪿ꪮꪙ,True
phục,ꪏ꫁ꪱꪙ,True
nản lòng,ꪮ꪿ꪮꪙ ꪻꪊ,False
mềm yếu,ꪮ꪿ꪮꪙ ꪻꪊ,False
thơ ấu,ꪮ꪿ꪮꪙ ꪵꪒꪉ,False
nách ấu,ꪋ꫁ꪮꪙ ꪵꪒꪉ,True
"bé thơ, bé yêu",ꪮ꪿ꪮꪙ ꪵꪯ,False
"bé thơ, vách yêu",ꪮ꪿ꪮꪙ ꪻꪝ,True
hả dạ,ꪮ꪿ꪮꪙ ꪵꪮꪫ,False
thăm dạ,ꪈꪲꪒ ꪵꪮꪫ,True
bần thần,ꪮ꪿ꪮꪙ ꪵꪮꪫ,False
bần cạch,ꪮ꪿ꪮꪙ ꪵꪮꪫ,True
"non nớt, bé bỏng",ꪮ꪿ꪮꪙ ꪮꪸꪀ,False
"non nớt, lỗi bỏng",ꪮ꪿ꪮꪙ ꪮꪸꪀ,True
"măng, nớt, bé bỏng",ꪮ꪿ꪮꪙ ꪮꪸꪀ,True
chịu lụy,ꪮ꪿ꪮꪙ ꪑꪮꪚ,False
mềm nũn,ꪮ꪿ꪮꪙ ꪑꪮꪚ ꪑꪮꪚ,False
quị lụy,ꪮ꪿ꪮꪙ ꪶꪑꪣ,False
mềm mại,ꪮ꪿ꪮꪙ ꪶꪑ꫁ꪉ ꪶꪑ꫁ꪉ,False
mềm mại,ꪮ꪿ꪮꪙ ꪶꪑ꫁ꪉ ꪢꪺꪉ,True
thơ ngây,ꪮ꪿ꪮꪙ ꪙ꫁ꪮꪥ,False
dốc xôn,ꪮ꪿ꪮꪙ ꪙ꫁ꪮꪥ,True
nhuyễn,ꪮ꪿ꪮꪙ ꪮꪺꪀ ꪐꪺꪀ,False
dỗ,ꪮ꫁ꪮꪙ,False
dụ dỗ,ꪮ꫁ꪮꪙ ꪹꪩ,False
"phạch, dỗ",ꪮ꫁ꪮꪙ ꪹꪩ,True
dỗ dành,ꪮ꫁ꪮꪙ ꪑꪷ,False
dỗ dành,ꪶꪢ꪿ꪀ ꪑꪷ,True
vỗ về,ꪮ꫁ꪮꪙ ꪑꪷ,False
quyến dỗ,ꪮ꫁ꪮꪙ ꪮ꪿ꪮꪥ,False
quyến dỗ,ꪮ꫁ꪮꪙ ꪵꪭ꪿ꪣ,True
mai,ꪮꪮꪉ,False
lòng bàn tay,ꪮꪮꪉ ꪣꪳ,False
lòng bàn tay,ꪮꪮꪉ ꪬ꪿ꪫꪱ,True
lòng bàn chân,ꪮꪮꪉ ꪔꪲꪙ,False
lòng đem chân,ꪮꪮꪉ ꪔꪲꪙ,True
chen bàn chân,ꪖꪮꪀ ꪔꪲꪙ,True
mọng,ꪮ꪿ꪮꪉ ꪔ꪿ꪮꪉ,False
óng,ꪮ꫁ꪮꪉ,False
đũng,ꪮ꫁ꪮꪉ,False
đũng,ꪵꪯ꪿,True
bập bềnh,ꪯꪮꪉ ꪝ꪿ꪮꪉ,False
"bập mét,",ꪯꪮꪉ ꪝ꪿ꪮꪉ,True
lều bều,ꪯꪮꪉ ꪝ꪿ꪮꪉ,False
lều bều,ꪹꪮ꫁ꪥ ꪝ꪿ꪮꪉ,True
nấu canh,ꪮꪮꪒ,False
nấu canh,ꪊꪮꪀ,True
"gậy, canh",ꪮꪮꪒ,True
mênh mông,ꪶꪯꪩ,False
vùi,ꪶꪮ꪿,False
"hạch,",ꪶꪮ꪿,True
lộn,ꪶꪮ꪿,True
"ủ, hầm, ố",ꪶꪮ꪿,False
"ủ, hầm, ố",ꪛꪺꪀ,True
nhồi gia vị,ꪶꪮ꪿,False
"nhồi phía, vị",ꪮ꫁ꪱ,True
nhồi căng vị,ꪶꪮ꪿,True
ướp,ꪶꪮ꪿ ꪹꪮꪷꪚ,False
hít,ꪶꪮ꪿ ꪹꪮꪷꪚ,True
tán,ꪶꪮ꫁,False
nói chuyện,ꪶꪮ꫁ ꪶꪕ,False
nói chuyện,ꪀꪱꪫ ꪶꪕ,True
chứ,ꪶꪯ,False
hùa,ꪠꪰꪀ,True
kêu,ꪶꪯ꪿,False
à,ꪶꪯ꪿,False
"ồ, ùa",ꪶꪯ꪿,False
"ồ, chuồi",ꪶꪯ꪿,True
êu êu,ꪶꪯ꪿ ꪶꪯ꪿,False
nài êu,ꪶꪯ꪿ ꪶꪯ꪿,True
khù khụ,ꪶꪯ꪿ ꪶꪗ꪿ꪉ,False
khù li,ꪶꪯ꪿ ꪶꪗ꪿ꪉ,True
"bự, to bự, lớn",ꪶꪯ꫁,False
"đệm to bự, lớn",ꪶꪯ꫁,True
oai oái,ꪶꪮ꪿ꪀ ꪶꪮ꪿ꪀ,False
oai xé,ꪶꪮ꪿ꪀ ꪶꪮ꪿ꪀ,True
phục phịch,ꪶꪯ꪿-ꪶꪥ ꪶꪯꪥꪒ,False
phục thà,ꪶꪯ꪿-ꪶꪥ ꪶꪯꪥꪒ,True
núng nính,ꪶꪯ꪿-ꪶꪥ ꪶꪯꪥꪒ,False
nang nính,ꪶꪯ꪿-ꪶꪥ ꪶꪯꪥꪒ,True
trình trịch,ꪶꪯꪥꪒ,False
ôi,ꪶꪯꪥ,False
ối,ꪶꪯꪥ,False
"ối chà, úi chà",ꪶꪯꪥ ꪶꪥ,False
"nhắn chà, úi chà",ꪶꪯꪥ ꪶꪥ,True
ngồn ngộn,ꪶꪮꪨꪒ,False
"đẫm, đầm, lướt mướt",ꪶꪯꪩꪒ,False
"đẫm, phẹt lướt lẽ",ꪶꪯꪩꪒ,True
"đẫm, đầm, lướt bổng,",ꪵꪣꪫ,True
rườn rượt,ꪶꪯꪩꪒ ꪹꪯꪸꪩꪒ,False
rườn suy,ꪶꪯꪩꪒ ꪹꪯꪸꪩꪒ,True
nhớp nhúa,ꪶꪯꪩꪒ ꪶꪯꪩ,False
ngậm,ꪶꪮꪣ,False
rông,ꪶꪮꪣ,False
dạm hỏi,ꪶꪮꪣ ꪊꪱ,False
úm,ꪶꪮꪣ,False
u,ꪶꪮꪙ ꪶꪮ,False
u,ꪹꪭ꪿ꪥ ꪶꪮ,True
"vếu, vù",ꪶꪮꪙ ꪶꪔꪙ,False
dũi,ꪶꪮ꫁ꪙ,False
bỏ,ꪶꪮ꫁ꪙ,True
ồn ào,ꪶꪯꪙ ꪯ꫁ꪱꪫ,False
eng ào,ꪶꪯꪙ ꪯ꫁ꪱꪫ,True
"kì mục, kì hào",ꪶꪮꪉ,False
"kì phóng, mận khen",ꪶꪮꪉ,True
"kì mục, xiết bén",ꪶꪮꪉ,True
súng,ꪶꪮ꪿ꪉ,False
súng ống,ꪶꪮ꪿ꪉ ꪁꪺꪙ,False
súng săn hai nòng,ꪶꪮ꪿ꪉ ꪶꪒꪥ,False
"súng uốn, tứ nòng",ꪶꪮ꪿ꪉ ꪶꪒꪥ,True
súng kíp,ꪶꪮ꪿ꪉ ꪵꪀꪚ,False
súng kíp,ꪶꪮ꪿ꪉ ꪙꪴ꪿ꪣ,True
"giãn, kíp",ꪶꪮ꪿ꪉ ꪵꪀꪚ,True
súng trường,ꪶꪮ꪿ꪉ ꪢ꫁ꪱ,False
súng máy,ꪶꪮ꪿ꪉ ꪼꪢ꪿,False
súng máy,ꪶꪮ꪿ꪉ ꪕꪴ꪿ꪉ,True
súng máy,ꪶꪮ꪿ꪉ ꪉ꫁ꪮꪥ,True
súng ngắn,ꪶꪮ꪿ꪉ ꪙ꫁ꪮꪥ,False
súng hảu,ꪶꪮ꪿ꪉ ꪙ꫁ꪮꪥ,True
súng lục,ꪶꪮ꪿ꪉ ꪶꪙ꫁ꪀ ꪬꪸ꫁ꪉ,False
súng toạc,ꪶꪮ꪿ꪉ ꪶꪙ꫁ꪀ ꪬꪸ꫁ꪉ,True
toang hoác,ꪶꪮ꪿ꪉ ꪶꪜ꪿ꪉ,False
toang hoác,ꪹꪜꪀ ꪡ꫁ꪱꪫ,True
súng hỏa mai,ꪶꪮ꪿ꪉ ꪕ꫁ꪱꪥ ꪋꪲ,False
súng săn một nòng,ꪶꪮ꪿ꪉ ꪕꪱꪙ ꪣꪱ,False
súng săn một nòng,ꪄꪱꪫ ꪕꪱꪙ ꪑꪴ,True
con săn một nòng,ꪵꪐ꪿ꪉ ꪕꪱꪙ ꪣꪱ,True
mọng,ꪶꪮ꪿ꪉ ꪶꪔ꪿ꪉ,False
siểng,ꪶꪮ꪿ꪉ ꪶꪔ꪿ꪉ,True
ống fốc,ꪶꪮ꪿ꪉ ꪶꪔ꫁ꪉ,False
quay fốc,ꪶꪮ꪿ꪉ ꪶꪔ꫁ꪉ,True
súng thần công,ꪶꪮ꪿ꪉ ꪕꪴ꫁,False
súng thần công,ꪶꪮ꪿ꪉ ꪶꪔꪣ,True
súng thần công,ꪶꪮ꪿ꪉ ꪶꪎꪉ,True
gan bàn tay,ꪶꪮ꫁ꪉ ꪣꪳ,False
chít bàn tay,ꪶꪮ꫁ꪉ ꪣꪳ,True
bồng bềnh,ꪶꪯꪉ ꪶꪝ꪿ꪉ,False
nặc bới,ꪶꪯꪉ ꪶꪝ꪿ꪉ,True
ốp,ꪶꪮꪚ,False
ộp ộp,ꪶꪯꪚ ꪶꪯꪚ,False
"pin, ộp",ꪶꪯꪚ ꪶꪯꪚ,True
nút,ꪶꪮꪒ,False
cón,ꪶꪮꪒ,True
nút,ꪶꪮꪒ,False
bịt,ꪶꪮꪒ,False
chậm,ꪶꪮꪒ,False
nhoạng,ꪶꪮꪒ,True
"nén, kiềm chế",ꪶꪮꪒ,False
"nén lòng, dằn lòng",ꪶꪮꪒ ꪻꪊ,False
"nghẹn lòng, dằn lòng",ꪶꪮꪒ ꪻꪊ,True
đặc sệt,ꪶꪮꪒ ꪹꪮꪸꪒ,False
"chậm chạp, rề rà",ꪶꪮꪒ ꪈꪫꪱꪒ,False
ấy,ꪹꪮꪷ꪿,False
nhèm,ꪹꪮꪷ꪿,True
ấy,ꪎꪴ,True
ợ,ꪹꪮꪷ꫁,False
mạo,ꪹꪮꪷ꫁,True
"ơ, ô",ꪹꪯꪷ꪿,False
phẩy ô,ꪶꪜ꪿ꪀ,True
"ờ, ừ",ꪹꪯꪷ꪿,False
ứ,ꪹꪯꪷ꫁ ꪹꪬꪷ꪿,False
ứ,ꪹꪠꪸ꪿ꪉ ꪹꪬꪷ꪿,True
ngực,ꪹꪮꪷ꪿ꪀ,False
chạn,ꪵꪪ꫁ꪙ,True
ngực,ꪼꪑ,True
phần ngực trên,ꪹꪮꪷ꪿ꪀ ꪮꪱꪉ,False
phần ngực vế,ꪹꪮꪷ꪿ꪀ ꪮꪱꪉ,True
mỏ ác,ꪶꪮ꪿ꪀ ꪮꪮꪙ,False
bể loi,ꪶꪮ꪿ꪀ ꪹꪮꪸꪒ,True
mỏ trút,ꪶꪮ꪿ꪀ ꪮꪮꪙ,True
hẫng,ꪹꪯꪷꪥ꫁ꪀ,False
bát ngát,ꪹꪮꪷꪥ ꪹꪩꪷꪥ,False
bát ngát,ꪶꪯ꫁ꪀ ꪹꪩꪷꪥ,True
ơi,ꪹꪯꪷꪥ,False
ơi,ꪶꪕ꫁ꪥ,True
"ấm, siêu",ꪹꪮꪷ꪿ꪣ,False
"ấm, siêu",ꪁ꪿ꪮꪣ,True
ơn,ꪹꪮꪷꪙ,False
"nhởn, lượn",ꪹꪮꪷ꪿ꪙ,False
ngao du,ꪹꪮꪷ꪿ꪙ,False
chu du,ꪹꪮꪷ꪿ꪙ,False
kêu,ꪹꪮꪷ꫁ꪙ,False
thủng thẳng,ꪹꪮꪷ꫁ꪙ ꪹꪮꪷ,False
núc nác,ꪹꪮꪷ꪿ꪉ ꪀꪱ,False
chái nác,ꪹꪮꪷ꪿ꪉ ꪀꪱ,True
bính nác,ꪹꪮꪷ꪿ꪉ ꪀꪱ,True
đủng đỉnh,ꪹꪮꪷ꪿ꪉ ꪹꪮꪷ,False
rười rượi,ꪮꪴ ꪅꪴ,False
phảu rượi,ꪮꪴ ꪅꪴ,True
chiều hôm,ꪮꪴ ꪵꪩꪉ,False
sềnh bò,ꪮꪴ ꪵꪩꪉ,True
chiều hôm,ꪵꪎ꫁ꪫ ꪵꪩꪉ,True
"nôi, nhôi",ꪮꪴ꪿,False
"bà con bên nội, các cụ bên nội",ꪮꪴ꫁ ꪥ꪿ꪱ,False
"bà con vữa nội, các cụ bên nội",ꪹꪮ ꪅꪥ꪿ꪱꪉ,True
"bà con cản, nội, các cụ bên nội",ꪮꪴ꫁ ꪥ꪿ꪱ,True
hũ,ꪯꪴ꫁,False
khoèn,ꪯꪴ꫁,True
giỏ,ꪯꪴ꫁,False
em yêu,ꪮ꫁ꪺ ꪮ꪿ꪮꪙ,False
ú ớ,ꪮꪴ꪿ꪀ ꪮꪰꪀ,False
tê ớ,ꪮꪴ꪿ꪀ ꪒꪴ꫁ꪉ,True
bợn nhợn,ꪮꪴ꪿ꪀ ꪐꪴ꪿ꪀ ꪻꪮ ꪻꪐ,False
láng nhợn,ꪮꪴ꪿ꪀ ꪐꪴ꪿ꪀ ꪻꪮ ꪻꪐ,True
lôi thôi,ꪯꪥꪴꪣ ꪯꪥꪱꪣ,False
lôi nghệch,ꪯꪥꪴꪣ ꪯꪥꪱꪣ,True
múp,ꪮꪴ꫁ꪥ ꪔꪴ꫁ꪥ,False
múp,ꪛꪩꪱꪒ ꪔꪴ꫁ꪥ,True
ụ,ꪮꪴ꫁ꪥ ꪎꪴ꫁ꪥ,False
ụ,ꪠꪴ ꪎꪴ꫁ꪥ,True
thương,ꪯꪴꪥ,False
ủi,ꪯꪴ꪿ꪥ,False
lạp,ꪯꪴ꪿ꪥ,True
"bập bẹ, bi bô",ꪮꪴꪀ ꪮꪱꪀ,False
vú vê,ꪮꪴꪀ ꪶꪙꪣ,False
ù ù,ꪯꪴꪀ ꪯꪴꪀ,False
rít ù,ꪯꪴꪀ ꪯꪴꪀ,True
ù ù,ꪄꪲ꪿ꪉ ꪹꪡ꫁,True
hình khối cầu,ꪯꪩꪴ꫁ꪣ ꪜꪴ꫁ꪣ,False
hình khối cầu,ꪯꪩꪴ꫁ꪣ ꪉꪫꪱꪀ,True
"cộn, kệnh",ꪯꪩꪴ꫁ꪣ ꪯꪩ꪿ꪺꪥ,False
lút lưng,ꪮꪨꪴꪒ,False
lút Quý,ꪮꪨꪴꪒ,True
chất đống,ꪮꪴꪣ ꪅꪴꪣ,False
chất đống,ꪵꪯꪥꪒ ꪅꪴꪣ,True
"thăm nom, nâng giấc",ꪮꪴ꪿ꪣ ꪹꪡꪙ,False
"thăm nom, nâng giấc",ꪮꪴ꪿ꪣ ꪵꪋ,True
trùng trục,ꪮꪢꪴꪀ,False
trùng trục,ꪤ꪿ꪱ,True
bệ xệ,ꪮꪴ꪿ꪣ ꪯꪴ꫁,False
bệ xệ,ꪮꪴ꪿ꪣ ꪶꪬꪒ,True
chút chít,ꪮꪴ꪿ꪣ ꪯꪴ꫁,False
chút sạn,ꪮꪴ꪿ꪣ ꪯꪴ꫁,True
chút chít,ꪮꪴ꪿ꪣ ꪫꪱꪉ,True
"ẵm, bế",ꪮꪴ꫁ꪣ,False
"ẵm, bế",ꪋꪸꪉ,True
bồng bế,ꪮꪴ꫁ꪣ ꪬꪺꪚ,False
trồng bế,ꪮꪴ꫁ꪣ ꪼꪄ,True
tròn xoay,ꪮꪴ꫁ꪣ ꪜꪴ꫁ꪣ,False
bế ẵm,ꪮꪴ꫁ꪣ ꪎꪸ꪿,False
bế ẵm,ꪶꪚ꫁ ꪹꪁꪷꪒ,True
ùm,ꪯꪴ꪿ꪣ,False
ùm,ꪈ꪿ꪮꪥ,True
sém,ꪯꪴ꪿ꪣ,True
ấm,ꪮꪴ꪿ꪙ,False
"hấp, hâm",ꪮꪴ꪿ꪙ,False
cọc hâm,ꪮꪴ꪿ꪙ,True
"hấp, thảm,",ꪮꪴ꪿ꪙ,True
ấm lạnh,ꪮꪴ꪿ꪙ ꪹꪤꪸꪙ,False
ấm lạnh,ꪮꪴꪒ ꪹꪤꪸꪙ,True
nong nóng,ꪮꪴ꪿ꪙ ꪵꪀ꪿,False
nong nóng,ꪮꪴ꪿ꪙ ꪭꪴ꫁ꪉ,True
nong nóng,ꪮꪴ꪿ꪙ ꪹꪠ,True
"em yêu, anh yêu",ꪮꪴ꪿ꪙ ꪹꪙꪙ,False
"em yêu, anh suông,",ꪮꪴ꪿ꪙ ꪹꪙꪙ,True
"em ương, anh tớp",ꪮꪴ꪿ꪙ ꪹꪙꪙ,True
âm ấm,ꪮꪴ꪿ꪙ ꪮ꪿ꪮꪙ,False
âm ấm,ꪹꪫꪷꪥ ꪮ꪿ꪮꪙ,True
đỡ sốt,ꪮꪴ꪿ꪙ ꪼꪎ꫁,False
đỡ sốt,ꪮꪴ꪿ꪙ ꪶꪙ꫁ꪀ,True
bẩn,ꪮ꪿ꪺꪥ,False
xấu,ꪮ꪿ꪺꪥ,False
tục,ꪮ꪿ꪺꪥ,False
tục,ꪵꪣꪙ,True
vóc,ꪮ꪿ꪺꪥ,True
"kém cỏi, kém thớ",ꪮ꪿ꪺꪥ,False
"gợi cỏi, kém thớ",ꪮ꪿ꪺꪥ,True
"bẩn thỉu, dơ bẩn",ꪮ꪿ꪺꪥ ꪭ꫁ꪱꪥ,False
"bẩn thỉu, dơ bẩn",ꪮ꪿ꪺꪥ ꪬꪴ꪿ꪀ,True
"bẩn thỉu, gầm bẩn",ꪮ꪿ꪺꪥ ꪭ꫁ꪱꪥ,True
xấu xí,ꪮ꪿ꪺꪥ ꪭ꫁ꪱꪥ,False
xấu mặt,ꪮ꪿ꪺꪥ ꪘ꫁ꪱ,False
tỉa mặt,ꪮ꪿ꪺꪥ ꪘ꫁ꪱ,True
xấu bụng,ꪮ꪿ꪺꪥ ꪜꪴꪣ,False
ổi,ꪮ꫁ꪺꪥ,False
ổi trâu,ꪮ꫁ꪺꪥ ꪬꪺ ꪊꪺ,False
ổi hái,ꪮ꫁ꪺꪥ ꪬꪺ ꪊꪺ,True
ổi trắng,ꪮ꫁ꪺꪥ ꪒꪲ,False
ổi trắng,ꪮ꫁ꪺꪥ ꪁꪮꪀ,True
ổi đào,ꪮ꫁ꪺꪥ ꪹꪩꪒ,False
ổi văng,ꪮ꫁ꪺꪥ ꪹꪩꪒ,True
ổi kỗn,ꪮ꫁ꪺꪥ ꪹꪩꪒ,True
tán phét,ꪮꪺꪀ,False
"em thương, anh thương",ꪮꪺꪙ,False
"em thương, anh rói",ꪮꪺꪙ,True
dẫn,ꪮꪺꪙ,False
"rồ,",ꪮꪺꪙ,True
chỉ bảo,ꪮꪺꪙ ꪚꪮꪀ,False
"thiếp, bảo",ꪮꪺꪙ ꪚꪮꪀ,True
chỉ bảo,ꪮꪺꪙ ꪊꪾꪚ,True
dẫn đầu,ꪮꪺꪙ ꪝꪱ,False
dẫn dắt,ꪮꪺꪙ ꪝꪱ,False
dẫn tĩnh,ꪮꪺꪙ ꪝꪱ,True
thấy trực,ꪮꪺꪙ ꪝꪱ,True
lãnh đạo,ꪮꪺꪙ ꪝꪱ,False
xá đạo,ꪮꪺꪙ ꪝꪱ,True
lãnh đạo,ꪝꪺ ꪝꪱ,True
dẫn đường,ꪮꪺꪙ ꪕꪱꪉ,False
dẫn đường,ꪮꪺꪙ ꪼꪜ꪿,True
hướng dẫn,ꪮꪺꪙ ꪕꪺꪙ,False
hướng dẫn,ꪮꪺꪙ ꪁ꪿ꪫꪱꪉ,True
bấy,ꪮ꫁ꪺꪙ ꪮꪺꪀ,False
cheng,ꪮ꫁ꪺꪙ ꪮꪺꪀ,True
kỗn ỡi uồn uốk: người béo bệu,ꪹꪛꪸ꫁ꪫ,False
kỗn ỡi uồn uốk: người sòng bệu,ꪹꪛꪸ꫁ꪫ,True
tùm lum,ꪮ꫁ꪺꪙ ꪐ꫁ꪺꪉ,False
trộn lum,ꪮ꫁ꪺꪙ ꪐ꫁ꪺꪉ,True
"ủn ỉn, ịt ịt",ꪯꪴꪒ ꪯꪲꪒ,False
"ủn ỉn, ịt ịt",ꪯꪴꪒ ꪹꪀ꫁ꪱ,True
ứ,ꪮꪳ꪿,False
chiêng,ꪮꪳ꪿,True
ru,ꪮꪳ꪿,False
à ơi,ꪮꪳ꪿ ꪮꪳ꪿,False
ừ,ꪯꪳ꪿,False
ừ,ꪄꪽ,True
ừ,ꪈ꫁ꪱꪫ,True
ừ ào,ꪯꪳ꪿ ꪯ꪿ꪱ,False
ừ ào,ꪔꪸ꪿ꪉ ꪯ꪿ꪱ,True
ầm ì,ꪯꪳ꪿ ꪯꪳ꪿,False
ư ử,ꪯꪳ꪿ ꪯꪳ꪿,False
ước,ꪹꪮ,False
"chớ, ựa",ꪹꪮ꫁,False
"khừ khừ, hừ hừ",ꪯꪳ꫁ꪀ ꪯꪳ꫁ꪀ,False
khừ ứ hừ hừ,ꪯꪳ꫁ꪀ ꪬꪲꪚ,True
bí đỏ,ꪮꪳꪀ,False
tuồn đỏ,ꪮꪳꪀ,True
"âm u, bùm tum",ꪮꪳꪣ ꪕꪳꪣ,False
"âm luôn, bùm đo",ꪏꪳ꪿ ꪕꪳꪣ,True
mịt mùng,ꪮꪳꪣ ꪕꪳꪣ,False
sỡ mùng,ꪹꪏꪷꪀ ꪕꪳꪣ,True
ướt,ꪮꪳꪙ,False
"ướt át, ẩm",ꪮꪳꪙ ꪋꪳꪣ,False
"ướt át, ẩm",ꪮꪳꪙ ꪹꪊꪷ꪿ꪙ,True
"ướt át, ẩm",ꪮꪳꪙ ꪏꪩ꫁ꪱꪣ,True
"ướt đầm, ướt đẫm",ꪮꪳꪙ ꪶꪯꪩꪒ,False
"tập đầm, ướt hiềm",ꪮꪳꪙ ꪶꪯꪩꪒ,True
"ướt đầm, ướt gai",ꪮꪳꪙ ꪶꪯꪩꪒ,True
ướt sũng,ꪮꪳꪙ ꪜꪸꪀ,False
ướt sũng,ꪜꪮꪥ ꪜꪸꪀ,True
ướt sũng,ꪮꪳꪙ ꪵꪩ꫁ꪫ,True
lầm lì,ꪮꪳꪙ ꪮꪳ,False
khác,ꪮꪳ꪿ꪙ,False
mai sau khôn lớn,ꪮꪳ꪿ꪙ ꪻꪐ꪿,False
mai tờ khôn lớn,ꪮꪳ꪿ꪙ ꪻꪐ꪿,True
ngân sau khôn lớn,ꪮꪳ꪿ꪙ ꪻꪐ꪿,True
ễnh ương,ꪮꪳ꪿ꪉ,False
ềnh oang,ꪮꪳ꪿ꪉ ꪮꪱꪉ,False
ềnh phạ,ꪮꪳ꪿ꪉ ꪮꪱꪉ,True
đánh đu chân,ꪮꪳ꪿ꪉ ꪮꪱꪉ,False
đánh đu chân,ꪮꪳ꪿ꪉ ꪻꪎ,True
sáp đu chân,ꪮꪳ꪿ꪉ ꪮꪱꪉ,True
ực,ꪹꪯ꫁ꪀ,False
ừng ực,ꪹꪯ꫁ꪀ ꪹꪯ꫁ꪀ,False
chị,ꪹꪮ꫁ꪥ,False
vàng,ꪚꪰꪒ,True
anh chị,ꪹꪮ꫁ꪥ ꪮ꫁ꪱꪥ,False
"chìa, chị",ꪹꪮ꫁ꪥ ꪮ꫁ꪱꪥ,True
chị,ꪹꪮ꫁ꪥ ꪮꪲ꪿,False
"hồ,",ꪹꪮ꫁ꪥ ꪮꪲ꪿,True
chị em,ꪹꪮ꫁ꪥ ꪙ꫁ꪮꪉ,False
chị dâu,ꪹꪮ꫁ꪥ ꪻꪝ꫁,False
chị chìa,ꪹꪮ꫁ꪥ ꪻꪝ꫁,True
tươi,ꪹꪮ꫁ꪥ ꪹꪏ꫁ꪥ,False
nhẫy,ꪹꪯꪀ ꪹꪏꪀ,False
trờm,ꪹꪮ꫁ꪣ,False
xỉn,ꪹꪮ꫁ꪣ,True
hắc,ꪹꪮꪙ,False
ngái,ꪹꪮꪙ,False
ớn,ꪹꪮꪙ,False
"mổ,",ꪹꪮꪙ,True
ớn người,ꪹꪮꪙ ꪮꪮꪀ ꪁꪣ꪿ꪮꪣ,False
ớn người,ꪹꪮꪙ ꪏꪳ꪿ ꪁꪣ꪿ꪮꪣ,True
"thẳng điểm,",ꪹꪮꪙ ꪑꪮꪀ ꪁꪣ꪿ꪮꪣ,True
cạch,ꪹꪮꪙ ꪜꪲ꫁ꪙ,False
tạnh,ꪹꪮ꫁ꪙ,False
khô,ꪹꪮ꫁ꪙ,False
thủng thỉnh,ꪹꪮ꪿ꪉ ꪹꪮ꫁,False
"thủng choạng,",ꪹꪮ꪿ꪉ ꪹꪮ꫁,True
thủng thỉnh,ꪹꪮ꪿ꪉ ꪤꪰꪀ,True
khung xương chậu,ꪹꪮ꫁ꪉ,False
khung xương sàng,ꪹꪮ꫁ꪉ,True
ngậy,ꪹꪯꪚ ꪹꪯꪚ,False
ớt,ꪹꪮꪒ,False
ớt,ꪎꪲ꪿ꪫ,True
ớt chỉ thiên,ꪹꪮꪒ ꪋꪲ꫁ ꪡ꫁ꪱ,False
mắm ớt,ꪹꪮꪒ ꪢꪾ꫁,False
mắm chẻ,ꪹꪮꪒ ꪢꪾ꫁,True
ớt sừng bò,ꪹꪮꪒ ꪻꪐ꪿,False
ớt sừng bò,ꪹꪮꪒ ꪊꪲꪚ,True
"ớt hạt tiêu, ớt hiểm",ꪹꪮꪒ ꪘꪮꪙ,False
"ớt hạt tiêu, móp, hiểm",ꪹꪮꪒ ꪘꪮꪙ,True
"ớt bị, ớt cà chua",ꪹꪮꪒ ꪶꪔꪚ,False
"ớt bị, ớt tang, chua",ꪹꪮꪒ ꪶꪔꪚ,True
"ớt bị, ớt cà hỏn,",ꪹꪮꪒ ꪶꪔꪚ,True
nhịn,ꪮꪳꪒ,False
thết,ꪤꪸ꪿ꪙ,True
nín,ꪮꪳꪒ,False
nín,ꪜꪴꪣ,True
nhẫn nhục,ꪮꪳꪒ ꪻꪊ,False
vũng nhục,ꪮꪳꪒ ꪻꪊ,True
đói kém,ꪮꪳꪒ ꪤꪱꪀ,False
đói nội,ꪮꪳꪒ ꪤꪱꪀ,True
đói,ꪮꪳꪒ ꪹꪄꪱ꫁,False
ướt mèm,ꪮꪎꪳꪀ ꪯꪏꪳꪣ,False
phình,ꪮꪎꪳꪒ,False
vừng,ꪉꪱ,False
xình,ꪉꪱ,True
ngà,ꪉꪱ,False
giơ,ꪉꪱ,False
vừng đen,ꪉꪱ ꪒꪾ,False
vừng vàng,ꪉꪱ ꪒꪷ꪿,False
"dí, dứ",ꪉꪱ ꪉꪰꪀ,False
"dí, lờm",ꪉꪱ ꪉꪰꪀ,True
"dí, dứ",ꪉꪱ ꪘ꪿ꪱꪉ,True
cành,ꪉ꪿ꪱ,False
ngành,ꪉ꪿ꪱ,False
"ngu xuẩn, ngờ nghệch",ꪉ꫁ꪱ,False
"ngu hão, ngờ nghệch",ꪝ꫁ꪱꪙ,True
nghé nghẹ,ꪉ꫁ꪱ ꪮꪱ,False
cắt nghẹ,ꪶꪯ꫁ ꪮꪱ,True
"hung tợn, dữ tợn",ꪉ꫁ꪱ ꪉꪱꪙ,False
gạch,ꪵꪉ꫁ꪀ,False
kỳ,ꪵꪉ꫁ꪀ,True
ngất,ꪵꪉ꫁ꪀ,True
cơm sáng,ꪉꪱꪥ,False
cơm dối,ꪉꪱꪥ,True
nâu sáng,ꪶꪮꪜꪚ,True
chết rấp,ꪉꪱꪥ ꪵꪭ꪿ꪫ,False
"chết tim,",ꪉꪱꪥ ꪵꪭ꪿ꪫ,True
dễ,ꪉ꪿ꪱꪥ,False
dễ,ꪹꪎꪸ꫁ꪙ,True
dễ dàng,ꪉ꪿ꪱꪥ ꪼꪤ꪿,False
dễ dãi,ꪉ꪿ꪱꪥ ꪼꪤ꪿,False
dễ dãi,ꪉ꪿ꪱꪥ ꪉꪱꪙ,True
hềnh hệch,ꪉꪱꪀ ꪉꪱꪀ,False
đầy,ꪉꪱꪣ,False
trọn,ꪉꪱꪣ,False
"ngàm, chẽ",ꪉ꪿ꪱꪣ,False
kẽ,ꪉ꪿ꪱꪣ,False
kẽ,ꪶꪁꪒ,True
ngoẫm,ꪉ꪿ꪱꪣ ꪉꪱ,False
ngoẫm,ꪉ꪿ꪱꪣ ꪼꪚ,True
kềnh càng,ꪉ꪿ꪱꪣ ꪶꪉꪀ,False
kềnh càng,ꪹꪨ꫁ ꪶꪉꪀ,True
chạc,ꪉ꪿ꪱꪣ ꪹꪗꪷꪩ꫁,False
chạc,ꪤꪱꪣ ꪹꪗꪷꪩ꫁,True
"vênh váo, vênh vang",ꪉ꪿ꪱꪙ ꪉ꪿ꪱ,False
"vênh váo, sài vang",ꪉ꪿ꪱꪙ ꪵꪯ꪿,True
lẳng khẳng,ꪈ꪿ꪱꪙ ꪉ꪿ꪱꪫ,False
dữ,ꪉꪱꪙ,False
sằng,ꪉꪱꪙ,True
dữ,ꪨ꫁ꪽ,True
gan,ꪉꪱꪙ,False
khách,ꪉꪱꪙ,True
bạo,ꪉꪱꪙ,False
bạo,ꪒꪰ꪿ꪉ,True
"dang, xoè",ꪉꪱꪉ,False
dựng,ꪉꪱꪉ,False
nhả,ꪉꪱꪉ,False
đoạ,ꪉꪱꪉ,True
róc,ꪉꪱꪉ,False
há hốc,ꪉꪱꪉ ꪹꪉꪷꪚ,False
"cạy, nậy",ꪉ꫁ꪱꪉ,False
vênh vênh,ꪉꪱꪫ,False
"cừ, vênh",ꪉꪱꪫ,True
rì rì,ꪉ꪿ꪱꪫ ꪉ꪿ꪱꪫ,False
dột rì,ꪉ꪿ꪱꪫ ꪉ꪿ꪱꪫ,True
lườm nguýt,ꪉ꫁ꪱꪫ ꪔꪱ,False
lườm nguýt,ꪹꪠꪸ꪿ꪉ ꪔꪱ,True
"ho lao, lao",ꪉꪱꪚ,False
vây,ꪉꪱꪒ,False
"cụp,",ꪉꪱꪒ,True
vây,ꪵꪙꪙ,True
sầu,ꪹꪈꪱ,False
sầu,ꪔ꪿ꪱꪉ,True
"sầu muộn, sầu não",ꪼꪈ ꪹꪎꪱ꫁,False
"sầu muộn, sầu cậu,",ꪼꪈ ꪹꪎꪱ꫁,True
bóng,ꪹꪉꪱ,False
hình bóng,ꪹꪉꪱ ꪉ꫁ꪺꪀ,False
con ngươi,ꪹꪉꪱ ꪔꪱ,False
con ngươi,ꪹꪉꪱ ꪣꪸ,True
"âm ỉ, lâm râm, ngấm ngầm",ꪹꪉꪱ꪿,False
"dạk ỉ, lâm râm, ngấm ngầm",ꪘꪲ꪿,True
"âm ỉ, lâm rậm, rơi ngầm",ꪹꪉꪱ꪿,True
say nguội,ꪹꪉꪱ꪿ ꪹꪨꪱ꫁,False
đành nguội,ꪹꪉꪱ꪿ ꪹꪨꪱ꫁,True
bợn,ꪻꪉ꪿,False
bợn,ꪒꪴꪒ,True
ngay,ꪼꪈ,False
ngay,ꪩꪲꪉ,True
ngay,ꪼꪈ,False
"lùm,",ꪼꪈ,True
bẩy,ꪼꪉ꫁,False
nghiệm,ꪼꪉ꫁,True
ặc,ꪉꪰꪀ,False
hải,ꪉꪰꪀ,True
anh ách,ꪉꪰꪀ ꪻꪉ꪿,False
ngược ách,ꪉꪰꪀ ꪻꪉ꪿,True
ngắc ngoải,ꪉꪰꪀ ꪉꪮꪥ,False
ngắc khoác,ꪉꪰꪀ ꪉꪮꪥ,True
làm ngoải,ꪉꪰꪀ ꪉꪮꪥ,True
cớm,ꪈꪾ,False
gió,ꪈꪾ,True
"nghĩ, ngẫm",ꪈꪾ꪿,False
"nghĩ, trầy,",ꪙꪴ꪿ꪉ,True
suy,ꪈꪾ꪿,False
định,ꪈꪾ꪿,False
tưởng,ꪈꪾ꪿,False
do,ꪈꪾ꪿,True
khó nghĩ,ꪈꪾ꪿ ꪥꪱꪀ,False
"phai, nghĩ",ꪈꪾ꪿ ꪥꪱꪀ,True
ái ngại,ꪈꪾ꪿ ꪭ꫁ꪱꪥ,False
rế ngại,ꪈꪾ꪿ ꪭ꫁ꪱꪥ,True
"nghĩ lại, ngẫm lại",ꪈꪾ꪿ ꪹꪩꪱ꪿,False
"nghĩ lại, ngẫm chim",ꪈꪾ꪿ ꪵꪮꪀ,True
nghĩ hĩnh thêu lại,ꪈꪾ꪿ ꪹꪩꪱ꪿,True
"hòng, tưởng bở",ꪈꪾ꪿ ꪶꪈ꪿ꪀ,False
"hòng, ĩnh bở",ꪈꪾ꪿ ꪶꪈ꪿ꪀ,True
ôm ấp,ꪈꪾ꪿ ꪉꪳ꫁ꪀ ꪉꪳ꫁ꪀ,False
"chuyên chập,",ꪈꪾ꪿ ꪉꪳ꫁ꪀ ꪉꪳ꫁ꪀ,True
suy rộng,ꪈꪾ꪿ ꪀ꫁ꪫꪱꪉ,False
khập khiễng,ꪉꪾ꫁ ꪉꪸ꪿ꪉ,False
ô,ꪈꪽ,False
kài,ꪈꪽ,True
chu kì trong một tuần,ꪉꪽ ꪁ꪿ꪺꪥ,False
"chu kặp, trong một tuần",ꪉꪽ ꪁ꪿ꪺꪥ,True
chu kì trong một trần,ꪉꪽ ꪁ꪿ꪺꪥ,True
mốc,ꪉ꪿ꪽ,False
ngấn,ꪉ꪿ꪽ,False
ngằn ngặt,ꪉꪰꪒ ꪉꪰꪒ,False
lòm ngặt,ꪉꪰꪒ ꪹꪡꪸꪀ,True
quýt,ꪵꪉ,False
quýt,ꪹꪋꪷ꪿ꪉ,True
nhọc nhằn,ꪵꪉ꫁ ꪹꪘ꪿ꪥ,False
chẽ,ꪵꪉ꪿ꪣ,False
tuất,ꪵꪉ꪿ꪣ,True
ưỡn,ꪵꪉ꫁ꪙ,False
phưỡn,ꪵꪉ꫁ꪙ,False
níu,ꪵꪉ꫁ꪫ,False
vịn,ꪵꪉ꫁ꪫ,False
"nếm,",ꪵꪉ꫁ꪫ,True
hốc hàm ếch,ꪵꪉꪚ,False
nghề,ꪹꪉꪸ,False
thá,ꪹꪉꪸ,False
thá,ꪕꪴꪣ,True
"ăng ẳng, oăng oẳng",ꪹꪈꪸ꪿ꪉ ꪹꪈꪸ꪿ꪉ,False
ăng nổi oăng oẳng,ꪹꪈꪸ꪿ꪉ ꪹꪈꪸ꪿ꪉ,True
nhất,ꪹꪈꪸꪒ,False
phất,ꪹꪈꪸꪒ,True
lí nhí,ꪉꪲ ꪉꪷ,False
"vẫn, nhí",ꪉꪲ ꪉꪷ,True
nghĩa,ꪈꪸ꫁,False
nghĩa lí,ꪈꪸ꫁,False
nghĩa lí,ꪜ꪿ꪮꪥ,True
tình nghĩa,ꪉꪸ꫁,False
"phát minh, phát kiến",ꪉꪲ꫁ꪀ ꪉꪮꪀ,False
"phát đủ, phát kiến",ꪉꪲ꫁ꪀ ꪉꪮꪀ,True
"phát minh, phát phụt",ꪉꪲ꫁ꪀ ꪉꪮꪀ,True
phản nghịch,ꪉꪲ꫁ꪀ ꪉꪮꪙ,False
nê nghịch,ꪉꪲ꫁ꪀ ꪉꪮꪙ,True
nghiện,ꪉꪸꪙ,False
trút,ꪮꪲ꪿,True
"nấc, ren",ꪉꪸ꫁ꪙ,False
"nấc, ren",ꪹꪔꪸ꫁ꪙ,True
xù,ꪉꪸꪉ,False
khểnh,ꪉꪸꪉ,False
chìa ngón tay út,ꪉꪸꪉ ꪀ꫁ꪮꪥ,False
núm ngón tay út,ꪉꪸꪉ ꪀ꫁ꪮꪥ,True
nghếch,ꪉꪸ꫁ꪉ,False
"hổm,",ꪉꪸ꫁ꪉ,True
giơ,ꪉꪸ꫁ꪉ,False
giáng,ꪉꪸ꫁ꪉ,False
giáng,ꪝ꫁ꪮꪣ,True
vải rừng,ꪉꪸꪫ,False
vải rừng,ꪔꪘꪴ꪿ꪙ,True
vải thoải,ꪉꪸꪫ,True
ưỡn ẹo,ꪉꪸꪫ ꪈꪲꪒ,False
suyễn ẹo,ꪉꪸꪫ ꪣꪸ,True
nghe,ꪉꪲꪙ,False
cảm thấy,ꪉꪲꪙ,False
điệu,ꪈꪲꪒ,False
kiêu,ꪈꪲꪒ,False
kiêu kì,ꪈꪲꪒ ꪈꪱ,False
"kiêu căng, kiêu ngạo",ꪈꪲꪒ ꪵꪈꪉ,False
"gạo, gòn",ꪉꪲ꫁ꪫ,False
"gạo, lĩnh",ꪉꪲ꫁ꪫ,True
"gạo, ngoài",ꪉꪲ꫁ꪫ,True
gian dối,ꪈꪷ ꪵꪈ꫁ꪫ,False
dữ dối,ꪈꪷ ꪵꪈ꫁ꪫ,True
vồng,ꪉꪷ,False
chõ,ꪉꪷ,False
chõ,ꪉꪷ,False
"chõ miệng, chõ mồm",ꪉꪷ ꪶꪎꪚ,False
"chõ miệng, hạ, mồm",ꪉꪷ ꪶꪎꪚ,True
"chõ miệng, chõ mòng",ꪉꪷ ꪶꪎꪚ,True
hôm qua hôm kia,ꪉꪫꪱ ꪏꪳꪙ,False
"ướt, qua hôm kia",ꪉꪫꪱ ꪏꪳꪙ,True
"hôm qua hôm bí,",ꪉꪫꪱ ꪏꪳꪙ,True
"vả, ngõa",ꪉ꪿ꪫꪱ,False
"vả, giam",ꪉ꪿ꪫꪱ,True
bành bạnh,ꪉ꪿ꪫꪱ,False
bành bạnh,ꪣꪲ꪿ꪉ,True
ngoái,ꪉ꫁ꪫꪱꪥ,False
ngoảnh,ꪉ꫁ꪫꪱꪥ,False
"ngảnh, đoái",ꪉꪫꪱꪀ,False
quay,ꪉ꪿ꪫꪱꪉ,False
luẩn quẩn,ꪉ꪿ꪫꪱꪉ ꪉ꫁ꪫꪱ,False
luẩn nguyên,ꪵꪜꪘ꫁ꪫ ꪉ꫁ꪫꪱ,True
bơ vơ,ꪉ꪿ꪫꪱꪉ ꪉ꫁ꪫꪱ,False
đan vơ,ꪠꪰꪉ ꪉ꫁ꪫꪱ,True
bơ thểu,ꪉ꪿ꪫꪱꪉ ꪉ꫁ꪫꪱ,True
ngọc,ꪉ꫁ꪮꪀ,False
ngọc,ꪵꪏ꪿ꪉ,True
"ngọc bích, ngọc quí",ꪉ꫁ꪮꪀ ꪋ꫁ꪮꪥ,False
"ngọc bích, ha quí",ꪉ꫁ꪮꪀ ꪋ꫁ꪮꪥ,True
phưng phức,ꪈ꪿ꪮꪥ ꪈ꪿ꪮꪥ,False
nghi ngút,ꪈ꪿ꪮꪥ ꪈ꪿ꪮꪥ,False
que ngút,ꪈ꪿ꪮꪥ ꪈ꪿ꪮꪥ,True
ngói,ꪈ꫁ꪮꪥ,False
"băng,",ꪈ꫁ꪮꪥ,True
điếu,ꪉꪮꪥ,False
triển,ꪒ꫁ꪱꪉ,True
"đậu (h. để, ngồi...) chênh vênh",ꪉꪮꪥ,False
sống trong cảnh cô đơn,ꪉꪮꪥ ꪹꪭꪙ,False
"đậu (h. để, ngồi...) tranh vanh",ꪉꪮꪥ ꪉ꫁ꪮꪀ,False
"đậu (h. để, ngồi...) bịu vanh",ꪉꪮꪥ ꪉ꫁ꪮꪀ,True
"tàn tật, tật",ꪉ꪿ꪮꪥ,False
"tàn đi, tật",ꪉ꪿ꪮꪥ,True
què quặt,ꪉ꪿ꪮꪥ ꪵꪁꪫꪥ,False
"ti tỉ, ti ti",ꪉ꫁ꪮꪥ ꪉ꫁ꪮꪥ,False
"nguội tỉ, ti ti",ꪉ꫁ꪮꪥ ꪉ꫁ꪮꪥ,True
"móc, ngoắc, mắc",ꪈꪮꪀ,False
"móc, ngoắc, mắc",ꪩꪴꪚ,True
khoèo,ꪈꪮꪀ,False
khoèo,ꪋ꪿ꪺ,True
"mầm, mộng, ngó",ꪉꪮꪀ,False
"mầm, mộng, bổ",ꪉꪮꪀ,True
mầm mống,ꪉꪮꪀ,False
sáng chế,ꪉꪮꪀ ꪵꪎꪙ,False
còm,ꪈ꪿ꪮꪣ ꪈ꫁ꪮꪥ,False
còm cọm,ꪈ꫁ꪮꪣ ꪈ꫁ꪮꪣ,False
còm cọm,ꪵꪉ꫁ꪀ ꪈ꫁ꪮꪣ,True
"úi, rạch",ꪉꪮꪣ,False
"nhon bản,",ꪉꪮꪣ,True
"úi, vĩ",ꪉꪮꪣ,True
"bờ vai, đầu vai",ꪉꪮꪣ ꪼꪨ꪿,False
bờ bộng đầu vai,ꪉꪮꪣ ꪼꪨ꪿,True
"dâng vai, quăng chừng",ꪉꪮꪣ ꪼꪨ꪿,True
sống dao,ꪉꪮꪣ ꪣꪲꪒ,False
sống rẫy,ꪉꪮꪣ ꪣꪲꪒ,True
rũ,ꪉ꪿ꪮꪣ,False
cập  kênh,ꪉꪮꪙ,False
cập kênh,ꪹꪓꪷꪥ,True
cập kênh,ꪉꪮꪙ,True
chông chênh,ꪉꪮꪙ ꪵꪉꪙ,False
chông mã,ꪉꪮꪙ ꪵꪉꪙ,True
"chênh vênh, tranh vanh",ꪉꪮꪙ ꪉꪷ꪿,False
"chênh vênh, ngắm vanh",ꪉꪮꪙ ꪉꪷ꪿,True
"chênh ghẽ, cốp vanh",ꪩ꫁ꪺ ꪉꪷ꪿,True
vắt vẻo,ꪉꪮꪙ ꪉꪷ꪿,False
trẹo vẻo,ꪵꪁꪩꪒ ꪉꪷ꪿,True
vắt vẻo,ꪝ꪿ꪱꪥ ꪉꪷ꪿,True
khúc,ꪉ꪿ꪮꪙ,False
mẩu,ꪉ꪿ꪮꪙ,False
mẩu,ꪏ꫁ꪱꪫ,True
"chết,",ꪉ꪿ꪮꪙ,True
khu,ꪉ꪿ꪮꪙ,False
thân cày,ꪉ꫁ꪮꪙ ꪼꪖ,False
thân lởn,ꪉ꫁ꪮꪙ ꪼꪖ,True
thum,ꪉꪮꪉ,False
"trơn,",ꪉꪮꪉ,True
líu,ꪉ꫁ꪮꪉ,False
củ rủ,ꪉꪮꪚ ꪉꪮꪥ,False
"củ lười,",ꪉꪮꪚ ꪉꪮꪥ,True
thì thụp,ꪉꪮꪚ ꪉꪮꪚ,False
thán phục,ꪈꪮꪒ,False
lọi,ꪶꪉ,False
lọi,ꪁꪕꪮꪀ,True
củ,ꪶꪉ,True
thách,ꪶꪉ,False
"ngổng, ngỏng",ꪶꪉ꫁ꪀ,False
"ngổng, ngỏng",ꪣꪳꪒ,True
ngạo nghễ,ꪶꪉ꫁ꪀ ꪏ꪿ꪱ,False
chính cung,ꪶꪈꪥ ꪊꪲ꪿ꪉ,False
"chính lụt,",ꪶꪈꪥ ꪊꪲ꪿ꪉ,True
chính cung,ꪶꪈꪥ ꪝꪲ꫁ꪀ,True
sùi sụt,ꪶꪈ꫁ꪥ ꪶꪈ꫁ꪥ,False
dọc dừa,ꪶꪉꪥ,False
dọc dừa,ꪀꪔꪴ꪿ꪙ,True
dọc nhỏ,ꪶꪉꪥ,True
dài,ꪶꪉꪥ,False
"lù khù, lừ khừ",ꪶꪈ꪿ꪣ ꪶꪉ꪿ꪥ,False
"lù khù, lừ khừ",ꪫꪰꪒ ꪶꪉ꪿ꪥ,True
củ rủ,ꪶꪈ꪿ꪣ ꪶꪉ꪿ꪥ,False
vội rủ,ꪶꪈ꪿ꪣ ꪶꪉ꪿ꪥ,True
mò,ꪶꪉꪣ,False
mò,ꪑꪾ꫁,True
mó vào,ꪶꪉꪣ,False
oặt vào,ꪶꪉꪣ,True
mó máy,ꪶꪉꪣ ꪉꪫꪱ,False
mò mẫm,ꪶꪉꪣ ꪉꪫꪱ,False
lò mò,ꪶꪉꪣ ꪉꪫꪱ,False
vật,ꪶꪉ꫁ꪣ,False
tranh,ꪶꪉ꫁ꪣ,False
quật,ꪶꪉ꫁ꪣ ꪡꪰꪒ,False
quật,ꪊꪰꪀ ꪡꪰꪒ,True
bốc ăn,ꪶꪉ꪿ꪙ,False
"kẻ, ăn",ꪶꪉ꪿ꪙ,True
gâu gâu,ꪶꪉꪉ ꪶꪉꪉ,False
gâu thiến,ꪶꪉꪉ ꪶꪉꪉ,True
gâu gâu,ꪶꪉꪉ ꪶꪈ,True
ngang ngang,ꪶꪉ꪿ꪉ ꪉ꪿ꪫꪱꪉ,False
mót ngang,ꪶꪉ꪿ꪉ ꪉ꪿ꪫꪱꪉ,True
gật lia lịa,ꪶꪉꪚ ꪶꪉꪚ,False
gật lia lịa,ꪹꪛꪷꪏꪀ ꪶꪉꪚ,True
ngỡ,ꪹꪉꪷ,False
ngỡ,ꪵꪙꪚ,True
"ngờ, dè",ꪹꪉꪷ,False
tiền,ꪹꪉꪷꪙ,False
bạc,ꪹꪉꪷꪙ,False
tiền bạc,ꪹꪉꪷꪙ ꪁꪾ,False
tiền bạc,ꪹꪉꪷꪙ ꪏꪴꪚ,True
tiền bạc,ꪬꪲ ꪁꪾ,True
vàng bạc,ꪹꪉꪷꪙ ꪁꪾ,False
bạc trắng,ꪹꪉꪷꪙ ꪄꪱꪫ,False
lín trắng,ꪹꪉꪷꪙ ꪄꪱꪫ,True
bạc thiêng,ꪹꪉꪷꪙ ꪄꪺꪉ,False
bạc luồn,ꪹꪉꪷꪙ ꪄꪺꪉ,True
tiền lẻ,ꪹꪉꪷꪙ ꪣꪴ꪿ꪙ,False
bạc mã,ꪹꪉꪷꪙ ꪉꪱ,False
mái mã,ꪹꪉꪷꪙ ꪉꪱ,True
bạc mã,ꪯꪴ꪿ꪣ ꪉꪱ,True
vòng bạc,ꪹꪉꪷꪙ ꪜꪮꪀ,False
nhẫn bạc,ꪹꪉꪷꪙ ꪵꪪꪙ,False
bạc thoi,ꪹꪉꪷꪙ ꪎꪮꪥ,False
hốc,ꪹꪉꪷꪚ,False
"mo,",ꪹꪉꪷꪚ,True
bẫy hộp,ꪹꪉꪷꪚ,False
bẫy đoạn,ꪹꪉꪷꪚ,True
rắn,ꪉꪴ,False
rắn,ꪻꪢ,True
rắn nước,ꪉꪴ ꪚꪮꪙ,False
mợ nước,ꪉꪴ ꪹꪥꪷ꫁ꪀ,True
rắn cạp nong,ꪉꪴ ꪀ꪿ꪱꪙ ꪜ꫁ꪮꪉ,False
rắn cạp nong,ꪉꪴ ꪵꪏꪫ ꪜ꫁ꪮꪉ,True
"đồ, cạp nong",ꪉꪴ ꪀ꪿ꪱꪙ ꪜ꫁ꪮꪉ,True
rắn hổ mang,ꪉꪴ ꪹꪬꪱ꪿,False
rắn cụ mang,ꪉꪴ ꪹꪬꪱ꪿,True
rắn hổ lửa,ꪉꪴ ꪹꪬꪱ꪿ ꪁꪷ ꪁꪾ,False
rắn hổ lửa,ꪉꪴ ꪖꪮꪀ ꪁꪷ ꪁꪾ,True
rắn lục,ꪉꪴ ꪵꪄꪫ,False
con trăn,ꪉꪴ ꪹꪨꪣ,False
con trăn,ꪉꪴ ꪹꪎꪥ,True
rắn rết,ꪉꪴ ꪉꪮꪒ,False
rắn rết,ꪏꪺꪥ ꪉꪮꪒ,True
rắn mải,ꪉꪴ ꪉꪮꪒ,True
hu hu,ꪉꪴ ꪉꪴ,False
hu chàng,ꪉꪴ ꪉꪴ,True
rắn mai,ꪉꪴ ꪎꪱ,False
"rậm, mai",ꪉꪴ ꪎꪱ,True
rắn ráo,ꪉꪴ ꪎꪲꪉ,False
rắn kế,ꪉꪴ ꪎꪲꪉ,True
rắn chèo,ꪉꪴ ꪶꪭꪥ,True
bò,ꪉꪺ,False
bò dái,ꪉꪺ ꪁꪱ,False
bò cái,ꪉꪺ ꪵꪣ꪿,False
"thẫm, ương,",ꪉꪺ ꪙꪸꪙ,True
trâu bò,ꪉꪺ ꪁꪫꪱꪥ,False
"bò đực, bò mộng",ꪉꪺ ꪹꪖꪷ꪿ꪀ,False
bò nái,ꪉꪺ ꪎꪳ꪿,False
leo lẻo,ꪉ꫁ꪺꪀ ꪉ꫁ꪺꪀ,False
đậy,ꪉꪺꪣ,False
ngón,ꪉ꫁ꪺꪙ,False
ngón,ꪨꪮꪒ,True
vòi,ꪉꪺꪉ,False
ngồng,ꪉꪺꪉ,False
cờ,ꪉꪺꪉ,False
dải,ꪉꪺꪉ,False
dải,ꪶꪊ꫁ꪙ,True
úp,ꪉꪺꪚ,False
phãy,ꪉꪺꪚ,True
chụp,ꪉꪺꪚ,False
"nhớt,",ꪉꪺꪚ,True
lia lịa,ꪈꪺꪒ ꪈꪺꪒ,False
lia lịa,ꪈꪺꪒ ꪹꪐꪱ꫁,True
sáp,ꪉꪺꪒ,False
nghi ngút,ꪈꪴꪒ ꪈꪴꪒ,False
thình thịch,ꪉꪳ꫁ꪀ ꪉꪳ꫁ꪀ,False
lăm lẳm,ꪉꪳ꫁ꪀ ꪉꪳ꫁ꪀ,False
lăm lẳm,ꪉꪳ꫁ꪀ ꪹꪜꪸꪒ,True
thuồng luồng,ꪹꪉꪀ,False
mối,ꪹꪉ꪿ꪙ,False
vương,ꪹꪉ꪿ꪙ,True
phần,ꪹꪉ꪿ꪙ,False
"dấu, dấu tích",ꪹꪉ꪿ꪙ ꪭ꪿ꪮꪥ,False
truyền thống,ꪹꪉ꪿ꪙ ꪩꪱꪉ,False
ách thống,ꪹꪉ꪿ꪙ ꪩꪱꪉ,True
truyền mãi,ꪹꪉ꪿ꪙ ꪩꪱꪉ,True
"mạn đàm, thảo luận",ꪊꪱ ꪛꪱꪙ,False
"mạn đàm, thảo chướng,",ꪊꪱ ꪛꪱꪙ,True
một chức vụ đầu sai,ꪊ꪿ꪱ,False
một chức vụ đầu sai,ꪏꪳꪙ,True
ấy,ꪊ꪿ꪱ,False
cây trúc,ꪊ꫁ꪱ,False
vượn,ꪀꪒꪱꪀ,False
sang sảng,ꪊ꫁ꪱ ꪊ꫁ꪱ,False
toán sảng,ꪊ꫁ꪱ ꪊ꫁ꪱ,True
chà,ꪋꪱ,False
năng,ꪋꪱ,True
"ráp, nhám, nháp",ꪋꪱ,False
"ráp, nhám, bót",ꪋꪱ,True
"ráp, tròng nháp",ꪋꪱ,True
"chà, chà chà, cha chả",ꪋꪱ,False
"chà, ớm chà, cha chả",ꪋꪱ,True
"chà, chà nêm cha chả",ꪋꪱ,True
ram ráp,ꪋꪱ ꪋꪳꪀ,False
"phượu, ráp",ꪋꪱ ꪋꪳꪀ,True
"ram phìa,",ꪋꪱ ꪋꪳꪀ,True
sần sùi,ꪋꪱ ꪋꪳꪀ,False
sắc cạnh,ꪋꪱ ꪭꪱꪒ ꪭꪱꪒ,False
"hèm, bỗng",ꪋꪱ ꪹꪨꪱ꫁,False
"hèm, xét,",ꪋꪱ ꪨꪱꪒ,True
"dại, hoang dại",ꪋ꫁ꪱ,False
"nhóa, tạc dại",ꪋ꫁ꪱ,True
dại,ꪋ꫁ꪱ,False
ngông,ꪣꪳ,True
"ngay thật, chất phác",ꪋ꫁ꪱ ꪏꪳ꪿,False
"ngay đang, chất phác",ꪋ꫁ꪱ ꪏꪳ꪿,True
chai,ꪊꪱꪥ,False
mài lấy lưỡi,ꪊ꪿ꪱꪥ ꪶꪁꪣ,False
"mài mật, lưỡi",ꪊ꪿ꪱꪥ ꪶꪁꪣ,True
"găng, lấy lưỡi",ꪊ꪿ꪱꪥ ꪶꪁꪣ,True
"dẫn thân, đem thân",ꪊ꪿ꪱꪥ ꪁꪲꪉ,False
dẫn giơ đem thân,ꪊ꪿ꪱꪥ ꪁꪲꪉ,True
"mình thân, giục thân",ꪊ꪿ꪱꪥ ꪁꪲꪉ,True
"ngỏ lời, ngỏ ý",ꪊ꪿ꪱꪥ ꪁꪫꪱꪣ,False
"ngỏ lời, ngỏ ý",ꪹꪅꪸ꫁ꪀ ꪁꪫꪱꪣ,True
chải,ꪊ꫁ꪱꪥ,False
bớt,ꪊ꫁ꪱꪥ,True
"trai, nam",ꪋꪱꪥ,False
"trai, xóa",ꪋꪱꪥ,True
"lừ, nam",ꪋꪱꪥ,True
quá chén,ꪋ꪿ꪱꪥ,False
"quá phẩm,",ꪋ꪿ꪱꪥ,True
"xiêu, lệch",ꪋ꫁ꪱꪥ,False
choãi,ꪋ꫁ꪱꪥ,False
xế bóng,ꪋ꫁ꪱꪥ,False
"xế phía,",ꪋ꫁ꪱꪥ,True
"chiều ta, xế chiều",ꪋ꫁ꪱꪥ ꪁꪾ꪿,False
dốc thoải,ꪋ꫁ꪱꪥ ꪋꪽ,False
"sót, thoải",ꪋ꫁ꪱꪥ ꪋꪽ,True
nghiêng ngả,ꪋ꫁ꪱꪥ ꪋꪽ,False
nghiêng ngả,ꪋ꫁ꪱꪥ ꪕꪱꪥ,True
giẹo giọ#ven khoèn chại chọk: gương treo giẹo giọ,ꪋ꫁ꪱꪥ ꪋꪮꪀ,False
xù giọ#ven khoèn chại chọk: gương treo giẹo giọ,ꪔꪸꪀ ꪨ꫁ꪱ,True
"giẹo giọ#ven khoèn chại chọk: gương treo giẹo vóc,",ꪋ꫁ꪱꪥ ꪋꪮꪀ,True
xế tà,ꪋ꫁ꪱꪥ ꪋꪮꪀ,False
xăm tà,ꪋ꫁ꪱꪥ ꪋꪮꪀ,True
"xiên xẹo, xẹo xọ",ꪋ꫁ꪱꪥ ꪹꪋꪀ,False
"xiên xẹo, thùm xọ",ꪋ꫁ꪱꪥ ꪹꪋꪀ,True
"loang choạng, ngả nghiêng",ꪋ꫁ꪱꪥ ꪹꪋꪙ,False
độn cộc ngả nghiêng,ꪋ꫁ꪱꪥ ꪹꪋꪙ,True
"xạ choạng, ngả nghiêng",ꪋ꫁ꪱꪥ ꪹꪋꪙ,True
vẹo vọ,ꪋ꫁ꪱꪥ ꪹꪋꪙ,False
vẹo rén,ꪋ꫁ꪱꪥ ꪹꪋꪙ,True
dé chân chèo,ꪋ꫁ꪱꪥ ꪄꪱ,False
dé vung chèo,ꪋ꫁ꪱꪥ ꪄꪱ,True
xẹo xọ,ꪋ꫁ꪱꪥ ꪹꪣꪙꪀ,False
xẹo xọ,ꪋ꫁ꪱꪥ ꪹꪀꪸꪀ,True
xẹo quạnh,ꪭ꫁ꪱꪉ ꪹꪣꪙꪀ,True
"giạng, xoạc, choạc",ꪊꪱꪀ,False
"bay, xoạc, choạc",ꪊꪱꪀ,True
cách biệt,ꪊꪱꪀ ꪩꪱ,False
cứ biệt,ꪊꪱꪀ ꪩꪱ,True
"cách vít,",ꪊꪱꪀ ꪩꪱ,True
cúng ma rừng,ꪊꪱꪀ ꪠꪲ ꪜ꪿ꪱ,False
cúng ma rừng,ꪵꪫ꪿ꪫ ꪠꪲ ꪜ꪿ꪱ,True
lai giống,ꪋꪱꪀ,False
cải biến,ꪋꪱꪀ,False
cải biến,ꪯꪴꪒ,True
"tấm, phên",ꪊ꪿ꪱꪣ,False
đánh,ꪊ꪿ꪱꪣ,False
"dũng,",ꪊ꪿ꪱꪣ,True
ướm hỏi,ꪊ꪿ꪱꪣ ꪊꪱ,False
ướm hỏi,ꪠꪾ ꪊꪱ,True
đánh gianh,ꪊ꪿ꪱꪣ ꪬꪺ,False
hăng gianh,ꪊ꪿ꪱꪣ ꪹꪐꪷꪒ,True
rịt gianh,ꪊ꪿ꪱꪣ ꪬꪺ,True
đánh gianh,ꪊ꪿ꪱꪣ ꪼꪝ,False
chàm,ꪋꪱꪣ,False
"chiều tối, chập tối",ꪋ꪿ꪱꪣ ꪁꪾ꪿,False
"chiều rịch, chập khoảng,",ꪋ꪿ꪱꪣ ꪁꪾ꪿,True
gian,ꪊꪱꪙ,False
chan,ꪊꪱꪙ,False
chan,ꪶꪚꪉ,True
gian xảo,ꪊꪱꪙ ꪊ꫁ꪱꪫ,False
gian xảo,ꪬꪮꪙ ꪊ꫁ꪱꪫ,True
lán,ꪊ꪿ꪱꪙ,False
lắm,ꪊ꪿ꪱꪙ,True
sàn trước,ꪋꪱꪙ,False
sàn trước,ꪨꪲ꪿,True
giàn leo,ꪋꪱꪙ,False
bò,ꪋꪱꪙ,False
chữ,ꪋꪱꪙ,True
trườn,ꪋꪱꪙ ꪹꪋ,False
ngấm,ꪋ꪿ꪱꪙ,False
hội,ꪋ꪿ꪱꪙ,True
tan,ꪋ꪿ꪱꪙ,False
niệm,ꪋ꪿ꪱꪙ,True
"lười, biếng, nhác",ꪋ꫁ꪱꪙ,False
"ngai biếng, nhác",ꪠꪱ,True
"nạo, biếng, nhác",ꪋ꫁ꪱꪙ,True
"xao nhãng, chểng mảng",ꪋ꫁ꪱꪙ,False
xao chanh quàn mảng,ꪋ꫁ꪱꪙ,True
ngại,ꪋ꫁ꪱꪙ,False
nhạt,ꪊ꪿ꪱꪉ,False
bon,ꪎꪷ꪿-ꪮꪮꪀ,True
lạnh nhạt,ꪊ꪿ꪱꪉ,False
"nhạt phèo, nhạt nhẽo",ꪊ꪿ꪱꪉ ꪵꪄꪨꪀ,False
"nhạt phèo, nhạt toạng",ꪊ꪿ꪱꪉ ꪵꪄꪨꪀ,True
"nhạt chính, nhạt nhẽo",ꪊ꪿ꪱꪉ ꪵꪄꪨꪀ,True
ngượng nghịu,ꪊ꪿ꪱꪉ ꪵꪄꪨꪀ,False
"thuê, mướn",ꪊ꫁ꪱꪉ,False
"thuê, mướn",ꪑꪴꪉ,True
"mê, mướn",ꪊ꫁ꪱꪉ,True
thuê mướn,ꪊ꫁ꪱꪉ ꪹꪎꪸ,False
chừa mướn,ꪊ꫁ꪱꪉ ꪹꪎꪸ,True
chàng,ꪋꪱꪉ,False
chạng,ꪋꪱꪉ,False
rên,ꪋꪱꪉ,False
kêu,ꪋꪱꪉ,False
chãng sáư kằn: than vãn với nhau,ꪗ꪿ꪱꪙ ꪫꪱꪙ,False
"chãng sáư kằn: than vãn với ngôi,",ꪗ꪿ꪱꪙ ꪫꪱꪙ,True
than thân,ꪋꪱꪉ ꪶꪕ꫁ꪀ,False
than sóc,ꪋꪱꪉ ꪶꪕ꫁ꪀ,True
"than thở, thở than",ꪋꪱꪉ ꪶꪕ꫁ꪀ,False
thầy,ꪋ꪿ꪱꪉ,False
khéo,ꪋ꪿ꪱꪉ,False
"chốc,",ꪋꪰꪉ,True
khó tính,ꪋ꪿ꪱꪉ ꪼꪭ,False
hoạ tính,ꪋ꪿ꪱꪉ ꪼꪭ,True
"vang, tính",ꪋ꪿ꪱꪉ ꪼꪭ,True
thợ rèn,ꪋ꪿ꪱꪉ ꪹꪨꪸ꪿ꪀ,False
thợ liềm,ꪋ꪿ꪱꪉ ꪹꪨꪸ꪿ꪀ,True
thợ bạc,ꪋ꪿ꪱꪉ ꪹꪉꪷꪙ,False
khéo léo,ꪋ꪿ꪱꪉ ꪏꪸꪉ,False
khéo léo,ꪵꪔ꫁ꪣ ꪏꪸꪉ,True
thành thạo,ꪋ꪿ꪱꪉ ꪏꪸꪉ,False
voi,ꪋ꫁ꪱꪉ,False
vượn,ꪋ꫁ꪱꪉ ꪙꪲ,False
mượn,ꪹꪁ꫁ꪣ ꪙꪲ,True
vượn,ꪋ꫁ꪱꪉ ꪊꪲꪉ,True
mép,ꪵꪊ꪿ꪉ ꪶꪎꪚ,False
mép,ꪣ꫁ꪱꪫ ꪶꪎꪚ,True
rõ,ꪵꪊ꫁ꪉ,False
tường,ꪵꪊ꫁ꪉ,False
"rõ ràng, tỏ tường",ꪵꪊ꫁ꪉ ꪵꪊꪀ,False
"hến ràng, ngờ, tường",ꪵꪊ꫁ꪉ ꪵꪊꪀ,True
"rõ ràng, tỏ tường",ꪵꪊ꫁ꪉ ꪕꪴꪚ,True
"đánh cược, thỏa thuận",ꪊꪱꪫ,False
"đánh cược, thỏa lem",ꪊꪱꪫ,True
"kể, tính",ꪊꪱꪫ,False
hứa,ꪊꪱꪫ,False
tron,ꪊꪱꪫ,True
thừ,ꪊꪱꪫ,True
"giả sử, giả thử, giá sử",ꪊꪱꪫ ꪫ꪿ꪱ,False
"giả đực giả thử, giá sử",ꪊꪱꪫ ꪫ꪿ꪱ,True
tuồn tuột,ꪊ꫁ꪱꪫ ꪊ꫁ꪱꪫ,False
chào,ꪋꪱꪫ,False
phào,ꪋꪱꪫ,True
chao ơi,ꪋꪱꪫ ꪹꪭꪷꪥ,False
"cút, ơi",ꪋꪱꪫ ꪹꪭꪷꪥ,True
cạm thuyền,ꪋꪱꪫ ꪹꪭꪷꪥ,True
chão,ꪋ꪿ꪱꪫ,False
cây mồ,ꪋ꪿ꪱꪫ,False
bới,ꪋ꪿ꪱꪫ,False
chộp choạp,ꪊꪱꪚ ꪊꪱꪚ,False
rết,ꪊꪱꪚ ꪹꪄꪸꪚ,False
xồng,ꪊꪱꪚ ꪹꪄꪸꪚ,True
lốt,ꪋꪱꪚ,False
hao,ꪵꪡꪚ,True
lốt đã lột,ꪋꪱꪚ ꪋꪱ,False
say đã lột,ꪋꪱꪚ ꪋꪱ,True
xép đã lột,ꪋꪱꪚ ꪋꪱ,True
lứa,ꪋꪱꪒ,False
lứa tuổi,ꪋꪱꪒ ꪶꪁꪙ,False
ớm táy,ꪋꪱꪒ ꪶꪁꪙ,True
"muôn đời, đời đời",ꪋꪱꪒ ꪹꪓꪷꪥ,False
"muôn đời, chủm: đời",ꪋꪱꪒ ꪜ꪿ꪱꪥ,True
"thế kỷ, kỉ nguyên",ꪋꪱꪒ ꪡ꫁ꪱ,False
"thế kỷ, kỉ cắn,",ꪋꪱꪒ ꪡ꫁ꪱ,True
cứu giúp,ꪹꪊꪱ꪿,False
cứu giúp,ꪭ꪿ꪺꪙ,True
"ông, bà",ꪹꪊꪱ꫁,False
hòa bà,ꪹꪊꪱ꫁,True
mình,ꪹꪊꪱ꫁,False
chủ,ꪹꪊꪱ꫁,False
chủ,ꪜ꫁ꪮꪉ,True
"quản, chủ quản",ꪹꪊꪱ꫁,False
"quản, chủ quản",ꪭꪴ꫁ꪉ,True
chóp bu,ꪹꪊꪱ꫁ ꪊꪮꪣ,False
xon bu,ꪹꪊꪱ꫁ ꪊꪮꪣ,True
chóp cộng,ꪹꪊꪱ꫁ ꪊꪮꪣ,True
thổ công,ꪹꪊꪱ꫁ ꪒꪲꪙ,False
địa chủ,ꪹꪊꪱ꫁ ꪒꪲꪙ,False
địa chủ,ꪹꪘ ꪒꪲꪙ,True
địa tia,ꪹꪊꪱ꫁ ꪒꪲꪙ,True
minh chủ,ꪹꪊꪱ꫁ ꪬꪺ,False
minh chủ,ꪹꪊꪱ꫁ ꪨꪲ꫁ꪣ,True
"người đứng đầu một mường, chúa đất",ꪹꪊꪱ꫁ ꪹꪣꪉ,False
"người gân láng một đổi, chúa đất",ꪹꪊꪱ꫁ ꪹꪣꪉ,True
"ẹp đứng khoèn một mường, yếm đất",ꪹꪊꪱ꫁ ꪹꪣꪉ,True
nguyên thủ quốc gia,ꪹꪊꪱ꫁ ꪹꪣꪉ,False
"thủy thần, thủy tề",ꪹꪊꪱ꫁ ꪙꪾ꫁,False
thủy mã thủy tề,ꪹꪊꪱ꫁ ꪙꪾ꫁,True
ông trời,ꪹꪊꪱ꫁ ꪡ꫁ꪱ,False
ông táo,ꪹꪊꪱ꫁ ꪼꪡ,False
ông táo,ꪹꪊꪱ꫁ ꪝꪙꪲꪉ,True
ông táo,ꪹꪊꪱ꫁ ꪝꪽ,True
lãnh chúa,ꪹꪊꪱ꫁ ꪵꪠ꪿ꪙ ꪒꪲꪙ,False
lãnh chúa,ꪹꪊꪱ꫁ ꪵꪠ꪿ꪙ ꪠꪷ,True
bá chủ thế giới,ꪹꪊꪱ꫁ ꪵꪠ꪿ꪙ ꪒꪲꪙ,False
bá chủ thế giới,ꪹꪊꪱ꫁ ꪥ꪿ꪮꪣ ꪒꪲꪙ,True
đại biểu,ꪹꪊꪱ꫁ ꪔꪱꪉ,False
đại đợ,ꪹꪊꪱ꫁ ꪔꪱꪉ,True
đích thân,ꪹꪊꪱ꫁ ꪶꪔ,False
đích môn,ꪹꪊꪱ꫁ ꪶꪔ,True
chủ áo,ꪹꪊꪱ꫁ ꪹꪎ꫁,False
chủ áo,ꪹꪊꪱ꫁ ꪙꪴꪉ,True
dàm,ꪹꪋꪱ,False
lo,ꪹꪋꪱ,False
lo,ꪉ꫁ꪫꪱ,True
sớm,ꪹꪋꪱ꫁,False
bừa,ꪹꪋꪱ꫁,True
"xưa, cổ",ꪹꪋꪱ꫁,False
"xưa, cổ",ꪀꪨꪺꪙ,True
vĩ cổ,ꪹꪋꪱ꫁,True
"non buổi, nửa buổi",ꪹꪋꪱ꫁ ꪉꪱꪥ,False
"lòng, tâm",ꪻꪊ,False
tính,ꪻꪊ,False
uỵch,ꪻꪊ,True
nhẹ dạ,ꪻꪊ ꪹꪚꪱ,False
nhẹ dạ,ꪻꪊ ꪅꪳ,True
lòng vàng,ꪻꪊ ꪁꪾ,False
lòng vàng,ꪻꪊ ꪩ꫁ꪱꪣ,True
toán vàng,ꪻꪊ ꪁꪾ,True
trầm tính,ꪻꪊ ꪶꪊꪣ,False
trầm tính,ꪹꪩꪸ꪿ꪉ ꪶꪊꪣ,True
"tính người, lòng người",ꪻꪊ ꪶꪁꪙ,False
"tính người, lòng người",ꪝꪴ꪿ꪉ ꪶꪁꪙ,True
"tính người, rượi người",ꪻꪊ ꪶꪁꪙ,True
"tốt bụng, hảo tâm",ꪻꪊ ꪒꪲ,False
tốt lại hảo tâm,ꪻꪊ ꪒꪲ,True
"hiền lành, hiền",ꪻꪊ ꪒꪲ,False
"xoèn lành, hiền",ꪻꪊ ꪒꪲ,True
"một lòng, nhất tâm",ꪻꪊ ꪒꪸꪫ,False
cục tính,ꪻꪊ ꪒꪮꪙ,False
cục thọt,ꪄꪲ꫁ꪉ ꪒꪮꪙ,True
xấu tính,ꪻꪊ ꪭ꫁ꪱꪥ,False
rộng lòng,ꪻꪊ ꪭꪲ,False
rộng lòng,ꪻꪊ ꪑꪱꪚ,True
nóng tính,ꪻꪊ ꪭ꫁ꪮꪙ,False
hẹp hòi,ꪻꪊ ꪵꪁꪚ,False
quả cảm,ꪻꪊ ꪵꪄꪉ,False
tắt thở,ꪻꪊ ꪄꪱꪒ,False
bới thở,ꪻꪊ ꪄꪱꪒ,True
sáng dạ,ꪻꪊ ꪶꪩ꪿ꪉ,False
sâu sắc,ꪻꪊ ꪹꪩꪷ꫁ꪀ,False
sâu sắc,ꪼꪊ ꪊꪰꪀ,True
sâu doi,ꪻꪊ ꪹꪩꪷ꫁ꪀ,True
lòng tham,ꪻꪊ ꪢ꫁ꪱꪣ,False
lòng né,ꪚ꫁ꪱꪉ ꪢ꫁ꪱꪣ,True
"chắc dạ, chắc bụng",ꪻꪊ ꪢ꫁ꪽ,False
"chắc dạ, chắc dẹt",ꪻꪊ ꪢ꫁ꪽ,True
can đảm,ꪻꪊ ꪻꪐ꪿,False
"yếu đuối, non gan",ꪻꪊ ꪙ꫁ꪮꪥ,False
"yếu đuối, í gan",ꪻꪊ ꪙ꫁ꪮꪥ,True
lòng thành,ꪻꪊ ꪹꪜꪸꪙ,False
vời thành,ꪻꪊ ꪵꪬ꫁ꪉ,True
ước muốn,ꪻꪊ ꪻꪠ꪿,False
ước muốn,ꪻꪊ ꪁ꫁ꪮꪀ,True
ước óng,ꪻꪊ ꪻꪠ꪿,True
"rộng lượng, lòng thảo",ꪻꪊ ꪀ꫁ꪫꪱꪉ,False
"dám lượng, lòng độc,",ꪻꪊ ꪀ꫁ꪫꪱꪉ,True
tối dạ,ꪻꪊ ꪔꪽ,False
tối nạp,ꪻꪊ ꪔꪽ,True
hẹp bụng,ꪻꪊ ꪹꪔꪸ꫁ꪙ,False
bình tâm,ꪻꪊ ꪹꪕꪷ꪿ꪣ,False
bình ở,ꪻꪊ ꪹꪕꪷ꪿ꪣ,True
bình tâm,ꪼꪬ꪿ ꪹꪕꪷ꪿ꪣ,True
bồng bột,ꪻꪊ ꪫꪷ꪿,False
bồng quốc,ꪻꪊ ꪫꪷ꪿,True
nóng vội,ꪻꪊ ꪎ꫁ꪽ,False
dị vội,ꪻꪊ ꪎ꫁ꪽ,True
san vội,ꪊꪲꪣ ꪎ꫁ꪽ,True
"thẳng tính, trực tính",ꪻꪊ ꪏꪳ꪿,False
"sai, khiến",ꪻꪋ꫁,False
"bùi, khiến",ꪻꪋ꫁,True
phụ việc,ꪻꪋ꫁,False
phụ bại,ꪻꪋ꫁,True
tôi tớ,ꪻꪋ꫁ ꪋ꪿ꪺꪉ,False
tôi thuận,ꪻꪋ꫁ ꪋ꪿ꪺꪉ,True
phục vụ,ꪻꪋ꫁ ꪋ꪿ꪺꪉ,False
phục dịch,ꪻꪋ꫁ ꪎꪮꪥ,False
phục dịch,ꪎꪽ ꪎꪮꪥ,True
phục dịch,ꪻꪋ꫁ ꪅꪙꪰ꫁ꪉ,True
hòa,ꪼꪊ,False
gột,ꪼꪊ,False
nhử,ꪼꪊ,True
khạc,ꪼꪊ,True
lươn mươn,ꪼꪋ ꪼꪋ,False
"xài, mươn",ꪼꪋ ꪼꪋ,True
nườm nượp,ꪼꪋ ꪼꪋ,False
lương nượp,ꪼꪋ ꪼꪋ,True
"mái gianh, mái nhà",ꪼꪋ ꪁꪱ,False
"mái gianh, vật nhà",ꪼꪋ ꪁꪱ,True
rù rì,ꪼꪋ꫁,False
kín rì,ꪹꪡ꪿ꪥ,True
"chạy chọt, giẫy",ꪼꪋ꫁,False
tuốt,ꪼꪋ꫁,False
xạ đen,ꪼꪋ꫁ ꪄꪱꪫ,False
xạ đen,ꪶꪏꪥ ꪄꪱꪫ,True
vắt,ꪊꪰꪀ,False
vắt,ꪵꪚ꫁ꪙ,True
tỏ,ꪊꪰꪀ,True
chẻ,ꪊꪰꪀ,False
vô kể,ꪊꪰꪀ ꪹꪁꪷ꪿ ꪻꪒ,False
vô tình,ꪊꪰꪀ ꪹꪁꪷ꪿ ꪻꪒ,True
vô hạn,ꪊꪰꪀ ꪹꪁꪷ꪿ ꪻꪒ,False
vô bành,ꪊꪰꪀ ꪤ꫁ꪱꪙ ꪀꪒꪴ꪿ꪉ,True
vô hạn,ꪊꪰꪀ ꪹꪁꪷ꪿ ꪄ꪿ꪫꪱꪉ,True
"biết bao nhiêu, khôn xiết",ꪊꪰꪀ ꪹꪁꪷ꪿ ꪻꪒ,False
"biết bao nhiêu, khôn xiết",ꪉ꫁ꪺꪀ ꪹꪁꪷ꪿ ꪻꪒ,True
"rêu bao nhiêu, tõm, xiết",ꪊꪰꪀ ꪹꪁꪷ꪿ ꪻꪒ,True
giật,ꪋꪰꪀ,False
"sầu,",ꪹꪭꪷꪥ,True
xệch,ꪋꪰꪀ,False
băm,ꪋꪰꪀ,True
rứt,ꪋꪰꪀ,False
ốc,ꪋꪰꪀ,True
gần,ꪊꪾ,False
tận,ꪊꪾ,True
"ngót, non",ꪊꪾ,False
"ngót, kĩ",ꪎ꫁ꪱꪣ,True
"đẩy, bức",ꪊꪾ,False
"thân nhân, thân quyến, thân cận",ꪊꪾ ꪋ꫁ꪽ,False
"thân nhân, chợ quyến, thân tích,",ꪊꪾ ꪋ꫁ꪽ,True
"thân nhân, nhúm suy nậy cận",ꪊꪾ ꪋ꫁ꪽ,True
sát nách,ꪊꪾ ꪊꪲ꫁,False
cốc nách,ꪊꪾ ꪊꪲ꫁,True
cộng sự,ꪊꪾ ꪣꪳ,False
chấm,ꪊꪾ꫁,False
gí,ꪊꪾ꫁,False
gí sát,ꪊꪾ꫁ ꪊꪲ꫁,False
khập khiễng,ꪊꪾ꫁ ꪹꪒ꫁ꪉ,False
khập cùn,ꪊꪾ꫁ ꪹꪒ꫁ꪉ,True
chòng khiễng,ꪊꪾ꫁ ꪏ꪿ꪱꪣ,True
dán mắt,ꪊꪾ꫁ ꪔꪱ,False
"sờ, mó",ꪋꪾ,False
"sờ, đằng",ꪋꪾ,True
nắn,ꪋꪾ,False
nắn,ꪋꪺ,True
sờ soạng,ꪋꪾ ꪋꪱ,False
sờ soạng,ꪋꪾ ꪵꪭꪒ,True
sờ mó,ꪋꪾ ꪋꪱ,False
sờ mó,ꪩꪳꪀ ꪋꪱ,True
"nắn gân, ướm thử",ꪋꪾ꪿ ꪻꪊ,False
"giăng, gân, ướm mộng",ꪋꪾ꪿ ꪻꪊ,True
"nắn gân, ướm tãi",ꪋꪾ꪿ ꪻꪊ,True
tuy,ꪋꪾ꪿,False
tuy,ꪶꪘ꪿ꪀ,True
tuy rằng,ꪊꪾ ꪭꪸꪀ,False
mặc dù,ꪋꪾ꪿ ꪫ꪿ꪱ,False
mặc dù,ꪋꪾ꪿ ꪎ꫁ꪱꪫ,True
vết,ꪋꪾ꫁,False
"khắc, chạm",ꪋꪾ꫁,False
"khắc, chạm",ꪚ꪿ꪱꪉ,True
"khắc, lỏa",ꪋꪾ꫁,True
vết tích,ꪋꪾ꫁ ꪭꪮꪥ,False
"hạch, tích",ꪋꪾ꫁ ꪭꪮꪥ,True
bẫy sập bằng đăng,ꪊ꪿ꪽ,False
bẫy Sẵn bằng đăng,ꪊ꪿ꪽ,True
dốc,ꪋꪽ,False
"dốc đứng, dốc dựng đứng",ꪋꪽ ꪋꪷ,False
"dốc đứng, dốc dựng đứng",ꪤ꪿ꪱꪫ ꪋꪷ,True
đẹp,ꪋ꪿ꪽ,False
tốt,ꪋ꪿ꪽ,False
đẹp mắt,ꪋ꪿ꪽ ꪔꪱ,False
lớp,ꪋ꫁ꪽ,False
lượt,ꪋ꫁ꪽ,False
lượt,ꪁꪫꪸꪙ,True
yết,ꪋ꫁ꪽ,True
lớp da lòng bàn chana,ꪋ꫁ꪽ ꪔꪲꪙ,False
vạm da lòng bàn chana,ꪮꪲ ꪔꪲꪙ,True
mới,ꪊꪰ꪿ꪉ,False
"đôi,",ꪊꪰ꪿ꪉ,True
hẵng,ꪊꪰ꪿ꪉ,False
"mà, mà vẫn",ꪊꪰ꪿ꪉ,False
"mà, tả vẫn",ꪊꪰ꪿ꪉ,True
sao,ꪊꪰ꪿ꪉ,False
két,ꪊꪰ꪿ꪉ,True
chịu,ꪊꪰ꫁ꪉ,False
"ngữ,",ꪊꪰ꫁ꪉ,True
"ghét, ghét mặt",ꪋꪰꪉ,False
"ghét, ăn, mặt",ꪋꪰꪉ,True
lợp phang mặt,ꪋꪰꪉ,True
cánh kiến,ꪋꪰ꪿ꪉ,False
"ngần, kiến",ꪋꪰ꪿ꪉ,True
"đậu, bậu",ꪊꪾꪚ,False
"bám, bấu, núm",ꪊꪾꪚ,False
"bám, bấu, xe",ꪊꪾꪚ,True
"đính, gắn",ꪊꪾꪚ,False
"đính, phố",ꪊꪾꪚ,True
"chập, ráp, chắp",ꪊꪾꪚ,False
vớ,ꪊꪾꪚ,False
vớ,ꪵꪖ,True
"theo, bám theo",ꪊꪾꪚ,False
"theo, hốt, theo",ꪊꪾꪚ,True
"theo, bám ăn,",ꪊꪾꪚ,True
trúng,ꪊꪾꪚ,False
"dính, bén",ꪊꪾꪚ,False
"tung lên, bung ra",ꪊꪾꪚ ꪭꪳ꫁ꪙ,False
"tung lên, bung lặng,",ꪊꪾꪚ ꪭꪳ꫁ꪙ,True
"tung lên, bung ra",ꪵꪖꪙ ꪭꪳ꫁ꪙ,True
ù té,ꪊꪾꪚ ꪭꪳ꫁ꪙ,False
ù bọn,ꪊꪾꪚ ꪭꪳ꫁ꪙ,True
ù máo,ꪊꪾꪚ ꪭꪳ꫁ꪙ,True
ối giời,ꪊꪾꪚ ꪶꪯꪥ,False
ối ngoái,ꪊꪾꪚ ꪶꪯꪥ,True
ối chễm,ꪊꪾꪚ ꪶꪯꪥ,True
phát nào trúng phát ấy,ꪊꪾꪚ ꪠꪮꪀ ꪠꪮꪀ,False
phát lẩy trúng phát ấy,ꪊꪾꪚ ꪠꪮꪀ ꪏꪩ꪿ꪮꪣ,True
bám chặt,ꪊꪾꪚ ꪵꪜꪘꪀ,False
dính chặt,ꪊꪾꪚ ꪵꪜꪘ꫁ꪫ,False
ngũ chặt,ꪊꪾꪚ ꪵꪜꪘ꫁ꪫ,True
trúng đích,ꪊꪾꪚ ꪶꪜ꪿ꪀ,False
trúng khích,ꪊꪾꪚ ꪶꪜ꪿ꪀ,True
"giục, hối",ꪊꪰꪒ,False
nhóm to bếp lửa,ꪊꪰꪒ ꪼꪡ,False
gầm mặt,ꪊꪀꪴ꪿,False
"gầm trước,",ꪊꪀꪴ꪿,True
rạp,ꪊꪀꪴꪒ,False
phọt,ꪊꪀꪴꪒ,True
èo ẽo,ꪵꪊꪒꪒ ꪵꪊ-ꪵꪒ,False
èo ẽo,ꪵꪊꪒꪒ ꪝꪱꪒ,True
góc,ꪵꪊ,False
xoen xoét,ꪵꪊ꫁ ꪵꪊ꫁,False
"chè, trà",ꪵꪋ,False
"chè, sư,",ꪵꪋ,True
chè mạn,ꪵꪋ ꪻꪚ,False
chè hương,ꪵꪋ ꪬꪮꪣ,False
"bó, róc,",ꪵꪋ ꪬꪮꪣ,True
"khàn, vĩnh",ꪵꪋ ꪔ꫁ꪱꪉ,True
chè bánh,ꪵꪋ ꪨꪱꪚ,False
"ngâm, dầm",ꪵꪋ꪿,False
"ngâm, khoằm,",ꪵꪋ꪿,True
tách,ꪵꪊꪀ,False
xăm xắp,ꪵꪋꪣ,False
còng xắp,ꪵꪋꪣ,True
đầy tràn,ꪵꪋꪣ ꪹꪚ꪿ꪣ ꪹꪚ꪿ꪣ,False
rán,ꪵꪊꪙ,False
chén,ꪵꪊ꪿ꪙ,False
trớn,ꪵꪊ꪿ꪙ,True
tít,ꪵꪋ꫁ꪙ ꪵꪋ꫁ꪙ,False
"nước chấm, đồ chấm",ꪵꪊ꪿ꪫ,False
"pha, chế",ꪵꪊ꪿ꪫ,False
chèo chẹo,ꪵꪋ꫁ꪫ ꪵꪋ꫁ꪫ,False
"bịt, chẹo",ꪵꪋ꫁ꪫ ꪵꪋ꫁ꪫ,True
khít,ꪵꪊꪚ,False
khít,ꪙꪲꪙ,True
chép,ꪵꪊꪚ,False
chép,ꪶꪥ꫁ꪀ,True
mán,ꪵꪊꪚ,True
ổn,ꪵꪊꪚ,False
tóp tép,ꪵꪊꪚ ꪵꪊꪚ,False
"tặc lưỡi, tắc lưỡi",ꪵꪊꪚ ꪩꪲ꫁ꪙ,False
"tặc lưỡi, hội, lưỡi",ꪵꪊꪚ ꪩꪲ꫁ꪙ,True
"hôi lưỡi, tắc lưỡi",ꪵꪊꪚ ꪩꪲ꫁ꪙ,True
"khin khít, khít kháy",ꪵꪊꪚ ꪩꪲꪒ,False
khin dàng nhõng kháy,ꪵꪊꪚ ꪩꪲꪒ,True
khít khịt,ꪵꪊꪚ ꪣꪾꪚ,False
khít hủn,ꪵꪊꪚ ꪣꪾꪚ,True
ổn thỏa,ꪵꪊꪚ ꪣꪾꪚ,False
ổn kẹt,ꪵꪊꪚ ꪶꪄ꪿ꪉ,True
yên ổn,ꪵꪊꪚ ꪙꪮꪙ,False
yên ổn,ꪵꪊꪚ ꪶꪝꪚ,True
ngon,ꪵꪋꪚ,False
phổi,ꪵꪋꪚ,True
ngon ngọt,ꪵꪋꪚ ꪪꪱꪙ,False
ngon xòe,ꪵꪋꪚ ꪪꪱꪙ,True
ngon lành,ꪵꪋꪚ ꪹꪎꪉ,False
ngon xênh,ꪵꪋꪚ ꪹꪎꪉ,True
"hồn, lành",ꪵꪋꪚ ꪹꪎꪉ,True
chê,ꪹꪊꪸ,False
thế,ꪹꪋꪸ꫁ꪙ,False
vậy,ꪹꪋꪸ꫁ꪙ,False
còm,ꪹꪋꪸ꫁ꪙ,True
chấm,ꪶꪄꪤꪚ,True
thế là,ꪹꪋꪸ꫁ꪙ ꪨꪷ꫁,False
"thế thì, vậy thì",ꪹꪋꪸ꫁ꪙ ꪵꪕ꫁,False
"thế gỗ, ựa thì",ꪹꪋꪸ꫁ꪙ ꪵꪕ꫁,True
đau,ꪹꪊꪸꪚ,False
ốm,ꪹꪊꪸꪚ,False
thì,ꪹꪊꪸꪚ,True
snăn,ꪹꪊꪸꪚ,True
"tức, đau",ꪹꪊꪸꪚ,False
đau lòng,ꪹꪊꪸꪚ ꪻꪊ,False
đau lòng,ꪵꪄ ꪻꪊ,True
nhức óc,ꪹꪊꪸꪚ ꪵꪮꪀ,False
ốm đau,ꪹꪊꪸꪚ ꪭ꫁ꪱꪥ,False
ốm véo,ꪹꪊꪸꪚ ꪭ꫁ꪱꪥ,True
"đau đầu, nhức đầu",ꪹꪊꪸꪚ ꪬꪺ,False
"đau mụ, nhức đầu",ꪹꪊꪸꪚ ꪬꪺ,True
"đau đầu, nhức đầu",ꪹꪊꪸꪚ ꪊꪴꪚ,True
"tê tê, đau lâm râm",ꪹꪊꪸꪚ ꪼꪣ꪿ ꪼꪣ꪿,False
tê khắc đau lâm râm,ꪹꪊꪸꪚ ꪼꪣ꪿ ꪼꪣ꪿,True
"tê tê, hỏn lâm râm",ꪶꪭ꫁ ꪼꪣ꪿ ꪼꪣ꪿,True
kết lị,ꪹꪊꪸꪚ ꪕ꫁ꪮꪉ ꪶꪩꪉ ꪵꪒꪉ,False
"kết kém,",ꪹꪊꪸꪚ ꪕ꫁ꪮꪉ ꪘꪱ ꪵꪒꪉ,True
thượng thổ hạ tả,ꪹꪊꪸꪚ ꪕ꫁ꪮꪉ ꪎꪮꪉ ꪶꪬꪙ,False
thượng thổ hạ bạch,ꪹꪊꪸꪚ ꪕ꫁ꪮꪉ ꪎꪮꪉ ꪶꪬꪙ,True
đau ruột,ꪹꪊꪸꪚ ꪼꪎ꫁,False
"đau đớn, đau xót",ꪵꪊꪚ ꪵꪎꪚ,False
bảy,ꪹꪊꪸꪒ,False
bảy mươi,ꪹꪊꪸꪒ ꪎꪲꪚ,False
tã mươi,ꪹꪊꪸꪒ ꪎꪲꪚ,True
lau,ꪹꪋꪸꪒ,False
"in, in hệt",ꪹꪋꪸꪒ,False
"in, in hệt",ꪙ꫁ꪱꪙ,True
"in, cập hệt",ꪹꪋꪸꪒ,True
chi,ꪊꪲ,False
tốp,ꪊꪲ,False
"săn,",ꪊꪲ,True
nướng,ꪊꪲ꪿,False
"những,",ꪊꪲ꪿,True
sẽ,ꪊꪲ꪿,False
sắp,ꪊꪲ꪿,False
sắp,ꪄꪮꪣ,True
có,ꪊꪲ꪿,False
dế dũi,ꪊꪲ꪿ ꪋꪮꪙ,False
"linh, dũi",ꪊꪲ꪿ ꪋꪮꪙ,True
dế mèn,ꪊꪲ꪿ ꪀꪴ꪿ꪉ,False
đến nơi,ꪊꪲ꪿ ꪭꪮꪒ,False
sẩm nơi,ꪊꪲ꪿ ꪭꪮꪒ,True
sắp sửa,ꪊꪲ꪿ ꪨꪷ,False
gần,ꪊꪲ꪿ ꪨꪷ,False
dập,ꪊꪲ꪿ ꪙ꫁ꪮꪉ,True
bếp lửa,ꪊꪲ꪿ ꪼꪡ,False
hố lửa,ꪊꪲ꪿ ꪼꪡ,True
"sắp chết, chí chết",ꪊꪲ꪿ ꪔꪱꪥ,False
dùi,ꪋꪲ,False
"dùi, xỏ",ꪋꪲ,False
"dùi, xỏ",ꪹꪥꪸ꫁ꪉ,True
bỡ nỏ,ꪋꪲ,True
xỏ mũi,ꪋꪲ ꪹꪋꪱ,False
dùi nguội,ꪋꪲ ꪵꪩ꫁ꪉ,False
âm nguội,ꪋꪲ ꪵꪩ꫁ꪉ,True
nhựa chín của cây,ꪋꪲ꪿,False
nhựa chín của đứ,ꪋꪲ꪿,True
rãi,ꪋꪲ꪿,False
rỏ rãi,ꪋꪲ꪿ ꪥ꫁ꪮꪥ,False
bợn rãi,ꪮꪸ꪿ꪣ ꪥ꫁ꪮꪥ,True
"chỉ, trỏ",ꪋꪲ꫁,False
"chỉ, vạch",ꪋꪲ꫁,False
"chỉ dẫn, dẫn dắt",ꪋꪲ꫁ ꪮꪺꪙ,False
"chỉ dẫn, dẫn dắt",ꪋꪲ꫁ ꪹꪏꪸ,True
chỉ đạo,ꪋꪲ꫁ ꪮꪺꪙ,False
quẽ bọc,ꪋꪲ꫁ ꪮꪺꪙ,True
tòe,ꪊꪸ,False
tòe,ꪐꪸ꫁ꪫ,True
hài,ꪊꪸ,True
giấy,ꪊꪸ꫁,False
màng,ꪊꪸ꫁,False
giấy lộn,ꪊꪸ꫁ ꪭ꫁ꪱꪥ,False
"màng tai, màng nhĩ",ꪊꪸ꫁ ꪬꪴ,False
"màng tai, màng ngỡn:",ꪋꪷ ꪬꪴ,True
màng tre,ꪊꪸ꫁ ꪼꪣ꫁,False
dân tre,ꪊꪸ꫁ ꪼꪣ꫁,True
giấy phép,ꪊꪸ꫁ ꪵꪠꪚ,False
giấy gạo,ꪊꪸ꫁ ꪵꪠꪚ,True
màng sáo,ꪊꪸ꫁ ꪜꪲ꪿,False
hỗn sáo,ꪊꪸ꫁ ꪜꪲ꪿,True
nháp xúc,ꪊꪸ꫁ ꪜꪲ꪿,True
"võng mạc, màng lưới, màng mắt",ꪊꪸ꫁ ꪔꪱ,False
"giấy đi đường, giấy thông hành",ꪊꪸ꫁ ꪕꪱꪉ,False
"giấy đi đường, giấy đậu hành",ꪊꪸ꫁ ꪕꪱꪉ,True
giấy than,ꪊꪸ꫁ ꪖ꪿ꪱꪙ,False
giấy than,ꪊꪸ꫁ ꪠꪴ꪿ꪀ,True
giấy tờ,ꪊꪸ꫁ ꪹꪕꪷ,False
giấy tờ,ꪊꪸ꫁ ꪘ꫁ꪱꪫ,True
giấy thếp,ꪊꪸ꫁ ꪹꪕꪷꪚ,False
giấy thếp,ꪊꪸ꫁ ꪐ꫁ꪱꪥ,True
giấy thấm,ꪊꪸ꫁ ꪹꪎꪷ꪿ꪣ,False
giấy tây,ꪊꪸ꫁ ꪹꪎꪷ꪿ꪣ,True
chiêm,ꪊꪸꪣ,False
"thuở, thủa",ꪊꪸꪣ,False
chẹp thủa,ꪊꪸꪣ,True
"thuở xưa, xửa xưa",ꪊꪸꪣ ꪩꪱꪉ,False
"thuở xưa, xửa xưa",ꪚ꪿ꪺ ꪩꪱꪉ,True
chăn chiên,ꪊꪸꪙ,False
chuyển,ꪊꪸ꫁ꪙ,False
truyền,ꪋꪸꪙ,False
nệm,ꪋꪸꪙ,True
"chuyền, chuyền tay",ꪋꪸ꪿ꪙ,False
"chuyền, chuyền toang",ꪋꪸ꪿ꪙ,True
"chuyền, ổi tay",ꪋꪸ꪿ꪙ,True
giêng,ꪊꪸꪉ,False
tết,ꪊꪸꪉ,False
xe,ꪹꪜꪸ꪿ꪉ,True
tết nhất,ꪊꪸꪉ ꪊꪴ꪿,False
nhăm nhất,ꪊꪸꪉ ꪊꪴ꪿,True
tết oang,ꪊꪸꪉ ꪊꪴ꪿,True
"bè tên, vày",ꪊꪸꪉ ꪜꪳꪙ,False
bè vòng vày,ꪊꪸꪉ ꪜꪳꪙ,True
dứa dại,ꪊꪸꪉ ꪹꪕꪱ,False
"dứa lừa,",ꪊꪸꪉ ꪹꪕꪱ,True
mường lỵ,ꪋꪸꪉ,False
trớn lỵ,ꪋꪸꪉ,True
thưa,ꪋꪸꪉ,False
thưa,ꪕꪴꪣ,True
"trình thưa, thưa trình",ꪋꪸꪉ ꪹꪭꪱ,False
kính thưa,ꪋꪸꪉ ꪹꪣ,False
kính rước,ꪋꪸꪉ ꪹꪣ,True
kính bẩm,ꪋꪸꪉ ꪕ꪿ꪱꪙ,False
sờ bẩm,ꪋꪸꪉ ꪕ꪿ꪱꪙ,True
"chiếp chiếp, liếp nhiếp, chiêm chiếp",ꪊꪸꪚ ꪊꪸꪚ,False
"chiếp chiếp, xá nhiếp, chiêm chiếp",ꪊꪸꪚ ꪊꪸꪚ,True
tự ái,ꪋꪸꪒ,False
reo,ꪊꪸꪫ,False
"len,",ꪊꪸꪫ,True
kiệu,ꪋꪸ꫁ꪫ,False
"trưởng,",ꪋꪸ꫁ꪫ,True
xé,ꪊꪲꪀ,False
"toạc, rách toạc",ꪊꪲꪀ,False
xé vụn,ꪊꪲꪀ ꪊꪱꪉ,False
Bủa vụn,ꪊꪲꪀ ꪊꪱꪉ,True
cắn xé,ꪊꪲꪀ ꪊꪱꪉ,False
bứt xé,ꪊꪲꪀ ꪋꪰꪀ,False
chêm,ꪊꪲꪣ,False
"ngàm,",ꪊꪲꪣ,True
nêm,ꪊꪲꪣ,False
chen,ꪊꪲꪣ,False
thóc,ꪵꪠꪨ,True
chen chúc,ꪊꪲꪣ ꪊꪷ,False
"trồng, chúc",ꪊꪲꪣ ꪊꪷ,True
móc đan lưới,ꪊꪲꪣ ꪼꪢ,False
móc tong lưới,ꪊꪲꪣ ꪼꪢ,True
móc đan lưới,ꪩꪮꪚ ꪼꪢ,True
xỉa,ꪊꪲ꫁ꪣ,False
"gian,",ꪊꪲ꫁ꪣ,True
móc,ꪊꪲ꫁ꪣ,False
khều,ꪊꪲ꫁ꪣ,False
khều,ꪹꪮꪱ,True
"nếm, nếm thử",ꪋꪲꪣ,False
"nếm, phỗng thử",ꪋꪲꪣ,True
nếm mùi,ꪋꪲꪣ,False
đồng trinh,ꪊꪲꪉ,False
đồng trinh,ꪁꪮꪉ,True
chuyên,ꪊꪲꪉ,False
chuyên,ꪹꪜꪀ,True
toàn,ꪊꪲꪉ,False
giềng,ꪊꪲꪉ,True
"thật, thật vậy",ꪊꪲꪉ,False
bều thật vậy,ꪊꪲꪉ,True
chính,ꪊꪲ꪿ꪉ,False
chính,ꪊꪲ꪿ꪉ,False
đích thị,ꪊꪲ꪿ꪉ ꪊꪲ꫁,False
"im, thị",ꪊꪲ꪿ꪉ ꪊꪲ꫁,True
tranh,ꪋꪲꪉ,False
cỡn,ꪋꪲꪉ,True
cứu,ꪋꪲꪉ ꪑꪱꪒ,False
cứu,ꪅꪺꪙ ꪑꪱꪒ,True
gấp,ꪊꪲꪚ,False
chíp chíp,ꪊꪲꪚ ꪊꪲꪚ,False
chíp chíp,ꪡꪳꪙ ꪊꪲꪚ,True
"phụt, ngấm",ꪋꪲꪚ,False
"phụt, ngấm",ꪹꪝꪷ꪿ꪉ,True
sầm,ꪋꪲꪚ,False
"chít chít, chút chít",ꪊꪲꪒ ꪊꪲꪒ,False
chít diễm chút chít,ꪊꪲꪒ ꪊꪲꪒ,True
chon chót,ꪊꪲꪒ ꪊꪲꪒ,False
chon chót,ꪊꪲꪒ ꪣ꫁ꪺ,True
suyễn mương,ꪊꪲꪒ ꪊꪲꪒ,True
vèo vèo,ꪋꪲꪫ ꪋꪲꪫ,False
vèo vèo,ꪵꪯꪭꪀ ꪋꪲꪫ,True
chịu,ꪋꪲ꫁ꪫ,False
chịu,ꪀꪱꪫ,True
cam,ꪋꪲ꫁ꪫ,False
chịu,ꪋꪲ꫁ꪫ,False
chịu,ꪩꪁꪳꪚ,True
nâu,ꪋꪲ꫁ꪫ,True
chịu khó,ꪋꪲ꫁ꪫ ꪄꪷ꪿,False
"chịu khổ, chịu cực",ꪋꪲ꫁ꪫ ꪶꪄ꫁,False
"khát khổ, chịu cực",ꪊꪴ꫁ꪣ ꪶꪄ꫁,True
chịu ơn,ꪋꪲ꫁ꪫ ꪹꪮꪷꪙ,False
chịu ơn,ꪹꪀꪸꪫꪙ ꪹꪮꪷꪙ,True
chịu phép,ꪋꪲ꫁ꪫ ꪵꪠꪚ,False
chịu nhịn,ꪋꪲ꫁ꪫ ꪮꪳꪒ,False
"nhép, nguyệt",ꪋꪲ꫁ꪫ ꪮꪳꪒ,True
chịu thua,ꪋꪲ꫁ꪫ ꪎꪺ,False
chịu thua,ꪋꪲ꫁ꪫ ꪑ꫁ꪱꪫ,True
cõng hộc,ꪋꪲ꫁ꪫ ꪎꪺ,True
cợt nhợt,ꪊꪨꪷ ꪵꪊꪨ,False
cợt cáp,ꪊꪨꪷ ꪵꪊꪨ,True
lù lù,ꪶꪊꪨ꪿,False
náu lù,ꪶꪊꪨ꪿,True
phùn phụt,ꪋꪩꪴꪙ ꪋꪩꪴꪙ,False
nhão tầm,ꪋꪩꪴꪙ ꪋꪩꪴꪙ,True
"vót, cục,",ꪋꪩꪴꪙ ꪋꪩꪴꪙ,True
"òng ọc, ùng ục, ồng ộc",ꪊꪨꪺꪀ ꪊꪨꪺꪀ,False
"òng ọc, ùng ục, ồng bứt,",ꪊꪨꪺꪀ ꪊꪨꪺꪀ,True
"bè ọc, ùng ục, ồng ộc",ꪊꪨꪺꪀ ꪊꪨꪺꪀ,True
"lụp xụp, lẹp xẹp",ꪋꪣꪮꪣ ꪵꪋꪣꪣ,False
lụp xinh lẹp xẹp,ꪋꪣꪮꪣ ꪵꪋꪣꪣ,True
"lụp xụp, mưỡi xẹp",ꪋꪣꪮꪣ ꪵꪋꪣꪣ,True
loạn xạ,ꪋꪣꪺ ꪋꪣꪺ,False
loạn gí,ꪋꪣꪺ ꪋꪣꪺ,True
chồm chỗm,ꪶꪋꪉ꫁ꪀ,False
"ràng, chỗm",ꪶꪋꪉ꫁ꪀ,True
"tự đắc, tự kiêu",ꪶꪋꪉ꫁ꪀ ꪏ꪿ꪱ,False
tự bí tự kiêu,ꪶꪋꪉ꫁ꪀ ꪒ꪿ꪽ,True
chụm,ꪊꪷ,False
tụm,ꪊꪷ,False
tụm,ꪹꪠꪸ꪿ꪣ,True
thi,ꪊꪷ,True
túm,ꪊꪷ ꪵꪊ,False
túm,ꪊꪷ ꪵꪋꪩꪉ,True
túm tụm,ꪊꪷ ꪘ꫁ꪱ,False
túm tụm,ꪊꪷ ꪬꪴ꪿ꪀ,True
chụm bếp,ꪊꪷ ꪼꪡ,False
cốt ốp,ꪨꪲ꫁ꪫ ꪼꪡ,True
chụm vẩn,ꪊꪷ ꪼꪡ,True
"trổ, đâm",ꪊꪷ꪿,False
"trổ, hai,",ꪊꪷ꪿,True
mọc,ꪊꪷ꪿,False
đâm chồi,ꪊꪷ꪿ ꪻꪚ,False
bớn chồi,ꪊꪷ꪿ ꪻꪚ,True
"kết quả, kết trái",ꪊꪷ꪿ ꪢꪱꪀ,False
"kết quả, kết nhợn",ꪊꪷ꪿ ꪢꪱꪀ,True
cái né,ꪊꪷ꪿ ꪣ꫁ꪮꪙ,False
cái dún,ꪊꪷ꪿ ꪣ꫁ꪮꪙ,True
cái ái,ꪊꪷ꪿ ꪣ꫁ꪮꪙ,True
chi chít,ꪋꪷ꪿,False
hông chít,ꪋꪷ꪿,True
mák sìu ók cho pày nẳng nả: trứng cá mọc lăn tăn mặt,"ꪩ꪿ꪽ ꪕ꪿ꪽ, ꪹꪨꪷ꪿ꪣ ꪹꪔꪷ꪿ꪣ",False
mák sìu ók cho pày lồm nả: trứng cá mọc lăn tăn mặt,ꪹꪩꪱ꫁ ꪫ꪿ꪱ ꪹꪨꪷ꪿ꪣ ꪹꪔꪷ꪿ꪣ,True
bịch sìu ók cho pày nẳng nả: trứng cá mọc lăn tăn bầy,"ꪹꪛꪷꪏꪀ ꪕ꪿ꪽ, ꪹꪨꪷ꪿ꪣ ꪹꪔꪷ꪿ꪣ",True
cần phải,ꪋꪷ꫁,False
cà kheo,ꪋꪷ꫁ ꪵꪋ꫁,False
phải khi,ꪋꪷ꫁ ꪹꪋꪷ,False
"phải xế,",ꪋꪷ꫁ ꪹꪋꪷ,True
phải dất,ꪋꪷ꫁ ꪹꪋꪷ,True
"đáng lẽ, lẽ ra",ꪋꪷ꫁ ꪒ꪿ꪱꪉ,False
"đáng lẽ, tuân ra",ꪋꪷ꫁ ꪒ꪿ꪱꪉ,True
"đáng lẽ, nào, ra",ꪋꪷ꫁ ꪒ꪿ꪱꪉ,True
sọt đất trồng rau mù,ꪋꪷ꫁ ꪬꪮꪣ,False
"phải tội, phải vạ",ꪋꪷ꫁ ꪶꪕ꫁ꪥ,False
"phải tội, phải vạ",ꪝꪲꪉ ꪶꪕ꫁ꪥ,True
"phải tội, lâu, vạ",ꪋꪷ꫁ ꪶꪕ꫁ꪥ,True
choi,ꪊꪮꪥ,False
"móp, đét",ꪊꪮꪥ,False
"móp, khùng,",ꪊꪮꪥ,True
"kêu, gọi",ꪊ꪿ꪮꪥ,False
"kêu, đều",ꪊ꪿ꪮꪥ,True
"kêu, màn",ꪊ꪿ꪮꪥ,True
"giúp, giùm, hộ",ꪋ꪿ꪮꪥ,False
"giúp, giùm, ngồn",ꪋ꪿ꪮꪥ,True
"giúp đỡ, tương trợ",ꪋ꪿ꪮꪥ ꪹꪤ,False
"chữ đỡ, đáp ghế,",ꪋ꪿ꪮꪥ ꪹꪤ,True
giúp sức,ꪋ꪿ꪮꪥ ꪵꪭꪉ,False
giúp sức,ꪋ꪿ꪮꪥ ꪚꪨꪴꪚ,True
"tà, xế, xế chiều",ꪋ꫁ꪮꪥ,False
"tàn, xế chiều",ꪋ꫁ꪮꪥ,False
"cáo, đổi, chiều",ꪋ꫁ꪮꪥ,True
choai choái,ꪋ꫁ꪮꪥ ꪋ꫁ꪮꪥ,False
choai choái,ꪹꪩꪸ꪿ꪉ ꪋ꫁ꪮꪥ,True
kèo kẹo,ꪋ꫁ꪮꪥ ꪋ꫁ꪮꪥ,False
"ống bơ, ống nhỏ",ꪊꪮꪀ,False
móc,ꪊꪮꪀ,False
"chân,",ꪊꪮꪀ,True
khoét,ꪊꪮꪀ,False
moi,ꪊꪮꪀ,False
đẽo,ꪊꪮꪀ,False
"mượt,",ꪊꪮꪀ,True
đốt,ꪋꪮꪀ,False
"chóp, đỉnh, chỏm, núm, chũm",ꪊꪮꪣ,False
"chóp, bộ chỏm, núm, chũm",ꪊꪮꪣ,True
mỏm,ꪊꪮꪣ,False
pháo,ꪊꪮꪣ,True
đầu,ꪊꪮꪣ,False
đốc,ꪊꪮꪣ,False
tụm,ꪊꪮꪣ,True
tấm lòng,ꪊꪮꪣ ꪻꪊ,False
chỏm núi cao,ꪊꪮꪣ ꪊꪲꪒ,False
xồ núi cao,ꪊꪮꪣ ꪊꪲꪒ,True
sệ núi cao,ꪊꪮꪣ ꪊꪲꪒ,True
đỉnh núi cao,ꪊꪮꪣ ꪥꪮꪥ,False
đỉnh kiến cao,ꪊꪮꪣ ꪥꪮꪥ,True
khoáy,ꪊꪮꪣ ꪄꪺꪙ,False
thân sinh,ꪊꪮꪣ ꪹꪝꪱ,False
thiên đỉnh,ꪊꪮꪣ ꪡ꫁ꪱ,False
thiên sen,ꪵꪢ꫁ꪙ ꪡ꫁ꪱ,True
dò hỏi,ꪊ꪿ꪮꪣ,False
dò hỏi,ꪚꪾ,True
đặt vó rồi thỉnh thoảng đến cất vó,ꪊ꪿ꪮꪣ,False
đặt vó rồi thỉnh thoảng đến bấu vó,ꪊ꪿ꪮꪣ,True
bì bõm,ꪊ꫁ꪮꪣ ꪊ꫁ꪮꪣ,False
bì chõ,ꪊ꫁ꪮꪣ ꪊ꫁ꪮꪣ,True
hì hụp,ꪊ꫁ꪮꪣ ꪊ꫁ꪮꪣ,False
phễu,ꪋꪮꪣ,False
vừa,ꪋ꫁ꪮꪣ,False
vừa,ꪵꪚ꪿ꪀ,True
đoạn,ꪋ꫁ꪮꪣ,False
đoạn,ꪬ꪿ꪱ,True
"mới đây, mới rồi, vừa rồi, hồi nãy",ꪋ꫁ꪮꪣ ꪵꪩ꫁ꪫ,False
"mới đây, mới rồi, vừa lè, hồi nãy",ꪋ꫁ꪮꪣ ꪵꪩ꫁ꪫ,True
đầu,ꪊꪮꪙ,False
đầu,ꪊꪲ꫁,True
dòi,ꪊꪮꪙ ꪊꪷ,False
hời,ꪊ꪿ꪮꪙ,False
"sừng,",ꪊ꪿ꪮꪙ,True
hời,ꪶꪁꪕ꫁ꪀ,True
chồn,ꪊ꪿ꪮꪙ ꪝꪮꪙ,False
chồn,ꪊ꪿ꪮꪙ ꪋ꪿ꪱꪥ,True
sóc,ꪊ꫁ꪮꪙ,False
chui,ꪋꪮꪙ,False
chui lòn,ꪋꪮꪙ ꪋꪮꪀ,False
chui lòn,ꪼꪨ꪿ ꪋꪮꪀ,True
nam lòn,ꪋꪮꪙ ꪋꪮꪀ,True
chui luồn,ꪋꪮꪙ ꪹꪋ,False
rẫy cỏ,ꪋ꫁ꪮꪙ,False
"choai, cỏ",ꪋ꫁ꪮꪙ,True
"xúc, hót",ꪋ꫁ꪮꪙ,False
"vợt, vớt",ꪋ꫁ꪮꪙ,False
đu,ꪋ꫁ꪮꪙ ꪋꪱ,False
chọn lọc,ꪋ꫁ꪮꪙ ꪹꪩꪀ,False
chọn lọc,ꪋ꫁ꪮꪙ ꪵꪚꪙ,True
muôi,ꪊꪮꪉ,False
muôi,ꪯꪱꪥ,True
gáo,ꪊꪮꪉ,False
chong,ꪊꪮꪉ,False
nuột,ꪊꪮꪉ ꪡꪮꪉ,False
nuột,ꪮ꫁ꪱꪉ ꪡꪮꪉ,True
"dài,",ꪵꪒꪀ ꪁꪱꪫ,True
níu,ꪊ꪿ꪮꪉ,False
giêng,ꪊ꪿ꪮꪉ,True
"cố, rấn, gắng",ꪊ꪿ꪮꪉ,False
"bịch, rấn, sắm",ꪊ꪿ꪮꪉ,True
chống đỡ,ꪊ꪿ꪮꪉ ꪁꪾ꫁,False
chống đỡ,ꪊ꪿ꪮꪉ ꪶꪊ꫁,True
gắng gượng,ꪊ꪿ꪮꪉ ꪁꪾ꫁,False
rịt gượng,ꪊ꪿ꪮꪉ ꪁꪾ꫁,True
gắng công,ꪊ꪿ꪮꪉ ꪹꪋꪱ,False
gắng chủng,ꪊ꪿ꪮꪉ ꪹꪋꪱ,True
vất vả,ꪊ꪿ꪮꪉ ꪼꪊ,False
cố công,ꪊ꪿ꪮꪉ ꪋꪷ,False
cố làm lụng,ꪊ꪿ꪮꪉ ꪹꪥ꫁ꪙ,False
cố lo liệu,ꪊ꪿ꪮꪉ ꪄ꫁ꪽ,False
chõng,ꪋꪮꪉ,False
người được cuộc trong ván cảu,ꪋꪮꪉ,False
"cương, được cuộc trong ván cảu",ꪋꪮꪉ,True
"lỗ sàn, khe sàn",ꪋ꪿ꪮꪉ,False
ời ời,ꪋ꪿ꪮꪉ ꪋ꪿ꪮꪉ,False
cái độn tóc,ꪋ꫁ꪮꪉ,False
cái xềnh tóc,ꪋ꫁ꪮꪉ,True
"quàng, quành, vòng",ꪋ꫁ꪮꪉ,False
"quàng, quành, chờ",ꪋ꫁ꪮꪉ,True
chăm,ꪋ꫁ꪮꪉ,False
chăm,ꪏꪩꪱꪫ,True
chăm chỉ,ꪋ꫁ꪮꪉ ꪎꪰꪀ,False
chăm chỉ,ꪋ꫁ꪮꪉ ꪭꪰ꫁ꪉ,True
cuốc bướm,ꪊꪮꪚ,False
cuốc,ꪊꪮꪚ,False
đến,ꪊꪮꪚ,True
sàn sạt,ꪊꪮꪚ ꪊꪮꪚ,False
vừa,ꪋꪮꪚ,False
khá,ꪋꪮꪚ,True
ngủn,ꪋꪮꪚ,True
khít,ꪋꪮꪚ,False
súyt,ꪋꪮꪚ,True
khắm,ꪋꪮꪚ,True
vừa lòng,ꪋꪮꪚ ꪻꪊ,False
"vổ lượng,",ꪋꪮꪚ ꪻꪊ,True
vừa tầm,ꪋꪮꪚ ꪹꪋꪷ꪿ꪉ,False
"vừa đôi, vừa lứa",ꪋꪮꪚ ꪹꪋꪷ꪿ꪉ,False
vừa phải,ꪋꪮꪚ ꪵꪣ꪿ꪙ,False
kin phải,ꪋꪮꪚ ꪵꪣ꪿ꪙ,True
chính xác,ꪋꪮꪚ ꪵꪣ꪿ꪙ,False
chính tột,ꪔꪲ꪿ꪀ ꪵꪣ꪿ꪙ,True
rau ráu,ꪋꪮꪒ ꪋꪮꪒ,False
co ráu,ꪋꪮꪒ ꪋꪮꪒ,True
họ,ꪶꪊ꫁,False
"mẻ, trận",ꪶꪋ꫁,False
gãi,ꪶꪊ꪿ꪀ,False
hót,ꪶꪊ꪿ꪀ,True
cào,ꪶꪊ꪿ꪀ,False
móc: chốc ngỡn ók: móc tiền ra,ꪶꪊ꪿ꪀ,False
cối,ꪶꪋ꫁ꪀ,False
cối giã gia vị,ꪶꪋ꫁ꪀ ꪵꪊ꪿ꪫ,False
"tểnh, giã gia vị",ꪶꪋ꫁ꪀ ꪵꪊ꪿ꪫ,True
"cối giã, cối đâm",ꪶꪋ꫁ꪀ ꪣꪮꪉ,False
"nội, giã, cối đâm",ꪡꪲꪒ ꪣꪮꪉ,True
ống to,ꪶꪊꪀ,False
khoét,ꪶꪊꪀ,False
chìm,ꪶꪊꪣ,False
nặng cân,ꪶꪊꪣ,False
nặng Xá,ꪶꪊꪣ,True
"tư lự, trầm tư",ꪶꪊꪣ ꪶꪚ꪿,False
"lặng lẽ, trầm ngâm",ꪶꪊꪣ ꪻꪊ,False
"bập bềnh, lập lờ",ꪶꪊꪣ ꪡꪴ,False
"bập bềnh, lập ngón",ꪶꪊꪣ ꪶꪕꪚ,True
"chìmchìm nổi, nổi chìm",ꪶꪊꪣ ꪡꪴ,False
"khuyết nổi, nổi chìm",ꪶꪊꪣ ꪡꪴ,True
im ắng,ꪶꪊꪣ ꪜꪲ꪿ꪙ,False
"im theo,",ꪔ꫁ꪱꪉ ꪜꪲ꪿ꪙ,True
chìm nghỉm,ꪶꪊꪣ ꪜꪲ꫁ꪙ,False
chìm nghỉm,ꪨꪱꪀ ꪜꪲ꫁ꪙ,True
oán,ꪶꪊ꪿ꪣ,False
nện,ꪀꪱꪙ,True
"phàn nàn, kêu",ꪶꪊ꪿ꪣ,False
"káo nàn, kêu",ꪶꪊ꪿ꪣ,True
oan thán,ꪶꪊ꪿ꪣ ꪶꪚꪣ ꪶꪚꪣ,False
"oan ắp,",ꪶꪊ꪿ꪣ ꪶꪚꪣ ꪹꪒꪷꪥ,True
"oan trập,",ꪶꪊ꪿ꪣ ꪶꪚꪣ ꪶꪚꪣ,True
"ca thán, kêu ca",ꪶꪊ꪿ꪣ ꪋꪱꪉ,False
oán hận,ꪶꪊ꪿ꪣ ꪢꪱꪉ,False
oán hận,ꪶꪊ꪿ꪣ ꪹꪯꪸꪫ,True
ca cẩm,ꪶꪊ꪿ꪣ ꪜꪳ ꪜꪳ,False
tơi cẩm,ꪶꪊ꪿ꪣ ꪜꪳ ꪹꪨꪷ꪿ꪙ,True
mừng,ꪶꪋꪣ,False
"nãy,",ꪶꪋꪣ,True
"nựng, âu yếm",ꪶꪋꪣ,False
"nựng, âu sư,",ꪶꪋꪣ,True
giờn,ꪶꪋꪣ,False
chúc mừng,ꪶꪋꪣ ꪹꪣꪷꪉ,False
mừng đón,ꪶꪋꪣ ꪔ꫁ꪮꪙ,False
"mừng phía,",ꪶꪋꪣ ꪔ꫁ꪮꪙ,True
"lộn, tí",ꪶꪋꪣ ꪔ꫁ꪮꪙ,True
"đón rước, tiếp rước",ꪶꪋꪣ ꪔ꫁ꪮꪙ,False
ối,ꪶꪊ꪿ꪙ,False
bộn,ꪶꪊ꪿ꪙ,False
"đầy dẫy, đầy ói",ꪶꪊ꪿ꪙ ꪀꪮꪉ,False
"đầy dẫy, tiết, ói",ꪶꪊ꪿ꪙ ꪀꪮꪉ,True
"đầy dẫy, đầy ói",ꪥꪷ ꪋ꪿ꪱꪫ,True
bộn bề,ꪶꪊ꪿ꪙ ꪀꪮꪉ,False
cộc,ꪶꪊ꫁ꪙ,False
chồng,ꪶꪋꪙ,False
lúng,ꪶꪋꪙ,True
chồng chéo,ꪶꪋꪙ ꪹꪁꪸ,False
sống núi,ꪶꪊꪉ ꪵꪀ꪿ꪫ,False
sống núi,ꪑ꪿ꪮꪥ ꪵꪀ꪿ꪫ,True
phau phau,ꪶꪊꪉ ꪶꪡꪉ,False
sống lưng,ꪶꪊꪉ ꪎꪨꪰꪉ,False
lửng lưng,ꪶꪝ꫁ꪥ ꪎꪨꪰꪉ,True
trỗ bông,ꪶꪋ꪿ꪉ,False
ông ổng,ꪶꪋ꫁ꪉ,False
choang choang,ꪶꪋ꫁ꪉ ꪶꪋ꫁ꪉ,False
tuân choang,ꪶꪋ꫁ꪉ ꪶꪋ꫁ꪉ,True
cuốc,ꪶꪊꪚ,False
"lận,",ꪶꪊꪚ,True
cuốc,ꪶꪊꪚ,False
biết,ꪨ꪿ꪮꪙ,True
"chốc, lát",ꪶꪋꪚ,False
chộp chộp,ꪶꪋꪚ ꪶꪋꪚ,False
"chốc lát, khoảnh khắc",ꪶꪋꪚ ꪤꪰꪀ,False
chốc thoai thế khắc,ꪶꪋꪚ ꪤꪰꪀ,True
chặp,ꪶꪋꪚ ꪤꪰꪀ,False
"cự,",ꪶꪋꪚ ꪤꪰꪀ,True
chặp,ꪶꪋꪚ ꪄꪳ꪿,True
san sát,ꪶꪊꪒ,False
bạt ngàn,ꪶꪊꪒ,False
lông ngàn,ꪶꪊꪒ,True
phập,ꪶꪋꪒ,False
"gùn,",ꪶꪋꪒ,True
sạt lở,ꪶꪋꪒ,False
chứa,ꪹꪊꪷ꪿,False
giờ,ꪹꪋꪷ,False
"phượu,",ꪹꪋꪷ,True
lúc,ꪹꪋꪷ,False
khi,ꪹꪋꪷ,False
om,ꪹꪋꪷ,True
dịp,ꪹꪋꪷ,False
dịp,ꪘꪰꪉ,True
khi trước,ꪹꪋꪷ ꪀ꪿ꪮꪙ,False
"bao giờ, lúc nào, khi nào",ꪹꪋꪷ ꪻꪒ,False
"úm giờ, lúc nào, khi nào",ꪹꪋꪷ ꪻꪒ,True
lúc này,ꪹꪋꪷ ꪼꪅ꫁,False
lúc ngơi,ꪹꪋꪷ ꪼꪅ꫁,True
dịp may,ꪹꪋꪷ ꪼꪢ,False
dịp may,ꪹꪋꪷ ꪶꪕ,True
"bấy giớ, lúc bấy giờ",ꪹꪋꪷ ꪙ꫁ꪽ,False
"bấy giớ, lúc sọc giờ",ꪹꪋꪷ ꪙ꫁ꪽ,True
"nay giớ, lúc bấy đến,",ꪹꪋꪷ ꪙ꫁ꪽ,True
khi nên,ꪹꪋꪷ ꪹꪜꪸꪙ,False
chấm,ꪹꪊꪷ꪿ꪣ,False
"chươn,",ꪹꪊꪷ꪿ꪣ,True
"chậm, trễ",ꪹꪋꪷ꫁ꪣ,False
cân,ꪹꪋꪷ꪿ꪉ,False
công bằng,ꪹꪋꪷ꪿ꪉ ꪝꪸꪉ,False
ước lượng,ꪹꪋꪷ꪿ꪉ ꪔꪱ,False
ước lượng,ꪮꪲ꪿ꪣ ꪔꪱ,True
ước sởn,ꪹꪋꪷ꪿ꪉ ꪔꪱ,True
cân đối,ꪹꪋꪷ꪿ꪉ ꪕꪷ꪿,False
cân đối,ꪹꪋꪷ꪿ꪉ ꪔ꪿ꪮꪉ,True
cân bằng,ꪹꪋꪷ꪿ꪉ ꪕꪷ꪿,False
"tà, bằng",ꪹꪋꪷ꪿ꪉ ꪕꪷ꪿,True
"cân hiểm,",ꪭꪰ꪿ꪉ ꪕꪷ꪿,True
sát,ꪹꪊꪷꪚ,False
sát,ꪹꪜꪸꪙ,True
nhiêu,ꪹꪊꪷꪚ,True
chấp,ꪹꪊꪷꪚ,False
chấp,ꪹꪢꪷꪙ,True
"chấp hành, thi hành",ꪹꪊꪷꪚ ꪙꪾ,False
tiếp nối,ꪹꪊꪷꪚ ꪶꪘ꪿ꪥ,False
nhược người,ꪹꪋꪷꪚ ꪣꪷ꪿,False
nhược ạnh,ꪵꪩꪙ ꪣꪷ꪿,True
cứu,ꪹꪊꪷꪒ,False
cứu,ꪼꪕ,True
toát,ꪹꪊꪷꪒ,True
nơi,ꪊꪴ,False
"giảu, chù",ꪊꪴ꪿,False
"giảu, bĩnh",ꪊꪴ꪿,True
hé,ꪊꪴ꪿,False
hé,ꪀꪳ꪿ꪙ,True
lứa,ꪋꪴ,False
lượt,ꪋꪴ,False
chằng,ꪋꪴ,False
"mọi, các",ꪋꪴ꪿,False
"thầm, lẽ,",ꪋꪴ꪿,True
"mọi, đứng",ꪋꪴ꪿,True
"nhân tình, tình nhân",ꪋꪴ꫁,False
"nhân tình, tình hoá",ꪵꪄ꫁ꪣ,True
lồi,ꪊꪺ,False
ghềnh,ꪊꪺ,True
làm thịt,ꪋꪺ,False
"làm xuôi,",ꪋꪺ,True
gia đình,ꪋꪺ ꪹꪭꪙ,False
"gia đóm,",ꪋꪺ ꪹꪭꪙ,True
gia thàm,ꪋꪺ ꪹꪭꪙ,True
đời,ꪋ꪿ꪺ,False
đoạn,ꪋ꪿ꪺ,False
mới,ꪋ꪿ꪺ,True
bè,ꪋ꪿ꪺ,True
mới,ꪋ꪿ꪺ,False
thời yêu đương,ꪋ꪿ꪺ ꪋꪴ꫁,False
"lợt lệ, đương",ꪋ꪿ꪺ ꪋꪴ꫁,True
xưởng hùynh đương,ꪋ꪿ꪺ ꪋꪴ꫁,True
đời nào,ꪋ꪿ꪺ ꪻꪒ,False
đời nào,ꪋ꪿ꪺ ꪵꪋꪉꪉ,True
đời nay,ꪋ꪿ꪺ ꪼꪅ꫁,False
lỏa nay,ꪋ꪿ꪺ ꪼꪅ꫁,True
chớp nhoáng,ꪋ꪿ꪺ ꪝꪰ꫁ ꪔꪱ,False
giũ nhoáng,ꪋ꪿ꪺ ꪝꪰ꫁ ꪔꪱ,True
gói,ꪊꪴ꪿ꪀ,False
túm,ꪊꪴ꪿ꪀ,False
nguây,ꪊꪴ꪿ꪀ,True
chảu,ꪊꪴ꪿ꪀ,False
khì,ꪊꪴ꪿ꪀ,True
chúc,ꪊꪴ꪿ꪀ,False
bèn,ꪊꪴ꪿ꪀ,True
bóng,ꪋꪴ꫁ꪀ,False
chục,ꪋꪴ꫁ꪀ,False
đôi,ꪋꪴ꫁ꪀ,True
xới,ꪋꪴ꫁ꪀ,False
tởm,ꪋꪴ꫁ꪀ,True
trục,ꪋꪴ꫁ꪀ,False
họng,ꪋꪴ꫁ꪀ,True
đào bới,ꪋꪴ꫁ꪀ ꪊꪱꪫ,False
đỉa cảm,ꪋꪴ꫁ꪀ ꪊꪱꪫ,True
bóng đèn,ꪋꪴ꫁ꪀ ꪵꪓꪙ,False
ngòi súng kíp,ꪊꪴ꫁ꪥ ꪶꪮ꪿ꪉ,False
ngòi súng xấp,ꪊꪴ꫁ꪥ ꪶꪮ꪿ꪉ,True
ngòi quãng kíp,ꪊꪴ꫁ꪥ ꪶꪮ꪿ꪉ,True
sát sạt,ꪊꪴꪀ,False
"bớt, sạt",ꪊꪴꪀ,True
"sát hàng,",ꪏꪲ,True
áp,ꪊꪴꪀ,False
châu,ꪊꪴꪀ,False
"tính nhập, tính gộp",ꪊꪴꪀ,False
tàm tạm,ꪊꪴꪀ ꪊꪱꪀ,False
"tũm, tõm, bõm",ꪊꪴ꪿ꪣ,False
"tũm, tõm, bõm",ꪶꪀ꪿ꪀ,True
"tũm, tõm, bõm",ꪭꪱꪙ,True
nhúng,ꪊꪴ꪿ꪣ,False
vó,ꪊꪴ꫁ꪣ,False
chi họ,ꪊꪴ꫁ꪣ,False
chần họ,ꪊꪴ꫁ꪣ,True
"tông chi, gia tộc, đồng tộc, đồng tông",ꪊꪴ꫁ꪣ ꪢꪴ꪿,False
"tông chi, gia rống đồng tộc, thính gay",ꪊꪴ꫁ꪣ ꪢꪴ꪿,True
"tông bài chậu, tộc, minh tận tư tông",ꪊꪴ꫁ꪣ ꪢꪴ꪿,True
"rớm, rơm rớm",ꪋꪴ꪿ꪣ,False
"rớm, rượt rớm",ꪋꪴ꪿ꪣ,True
sởn mởn,ꪋꪴ꪿ꪣ,False
xem mởn,ꪋꪴ꪿ꪣ,True
sởn phướn,ꪋꪴ꪿ꪣ,True
tươi,ꪋꪴ꪿ꪣ,False
yên vui,ꪋꪴ꪿ꪣ ꪮꪸꪙ,False
"thanh bình, thái bình",ꪋꪴ꪿ꪣ ꪮꪸꪙ,False
"thanh bợt thái cuộc,",ꪋꪴ꪿ꪣ ꪮꪸꪙ,True
"hết bình, thái bình",ꪋꪴ꪿ꪣ ꪮꪸꪙ,True
nhớ nhung,ꪊꪴꪉ ꪊꪳ꪿,False
nhớ nhung,ꪀꪨ꫁ꪮꪥ ꪊꪳ꪿,True
tưởng nhớ,ꪊꪴꪉ ꪶꪬ꪿ꪉ,False
chung thủy,ꪊꪴꪉ ꪔꪷ꪿,False
trung thành,ꪊꪴꪉ ꪔꪷ꪿,False
dắt,ꪊꪴꪉ,False
chuộc,ꪋ꫁ꪺꪀ,False
dũi,ꪊꪺꪙ,False
rũ,ꪊꪺꪙ,True
"cần kíp,cần cấp",ꪊꪺꪙ,False
"nhằng, kíp,cần cấp",ꪊꪺꪙ,True
bức thiết,ꪊꪺꪙ ꪻꪊ,False
"giô, khoèo",ꪊꪺꪙ ꪻꪊ,True
xạch thiết,ꪊꪺꪙ ꪻꪊ,True
"óc ách, ọc ạch",ꪊ꪿ꪺꪉ ꪊ꪿ꪺꪉ,False
óc vừng ọc ạch,ꪊ꪿ꪺꪉ ꪊ꪿ꪺꪉ,True
"cái, bức",ꪋꪺꪉ,False
"thừa, bức",ꪋꪺꪉ,True
guồng,ꪋꪺꪉ,False
"dương gian, đương thế",ꪋꪺꪉ ꪀꪱꪉ,False
"lợt gian, đương thế",ꪋꪺꪉ ꪀꪱꪉ,True
"gâu gian, đương thế",ꪋꪺꪉ ꪀꪱꪉ,True
đựng,ꪋ꪿ꪺꪉ,False
vớ phải,ꪊꪺꪚ,False
vớ dứa,ꪊꪺꪚ,True
hòng,ꪊꪺꪚ,False
gặp rủi,ꪊꪺꪚ ꪹꪫꪸꪙ,False
gặp rủi,ꪊꪺꪚ ꪏꪙ꪿ꪽ,True
"gặp khối,",ꪊꪺꪚ ꪹꪫꪸꪙ,True
"hôn, thơm",ꪊꪴꪚ,False
mút,ꪊꪴꪚ,False
hút,ꪊꪴꪚ,False
thiếp,ꪊꪴꪚ,False
đạt mức,ꪊꪴꪚ,False
hôn hít,ꪊꪴꪚ ꪶꪋꪣ,False
rên hán,ꪊꪴꪚ ꪶꪋꪣ,True
sấp,ꪋꪴꪚ,False
trộn,ꪋꪴꪚ,False
trộn,ꪠꪲꪉ,True
tôi,ꪋꪴꪚ,False
đốt,ꪊꪴꪒ,False
nhớ,ꪊꪳ꪿,False
"ghi, tạc",ꪊꪳ꪿,False
"ghi nhớ, ghi tạc",ꪊꪳ꪿ ꪊꪾ,False
"ghi nhớ, ghi tạc",ꪊꪳ꪿ ꪕ꪿ꪱꪣ,True
nhớ lại,ꪊꪳ꪿ ꪹꪩꪱ꪿,False
nhớ vua,ꪊꪳ꪿ ꪹꪩꪱ꪿,True
nhớ chừng,ꪊꪳ꪿ ꪩꪳꪣ,False
nhớ chừng,ꪊꪳ꪿ ꪵꪭ,True
ghi lòng,ꪊꪳ꪿ ꪼꪫ꫁,False
ghi hõm,ꪊꪳ꪿ ꪼꪫ꫁,True
tên,ꪋꪳ꪿,False
loạt,ꪑꪱꪣ,True
phải,ꪋꪳ꪿,False
"tục danh, tên cúng cơm",ꪋꪳ꪿ ꪙ꫁ꪮꪥ,False
"meo danh, tên bàu cơm",ꪶꪈ ꪙ꫁ꪮꪥ,True
"ngóe danh, tên cúng cơm",ꪋꪳ꪿ ꪹꪝ꫁,True
nếu mà,ꪋꪳ꪿ ꪫ꪿ꪱ,False
nếu mà,ꪢꪸ꪿ꪙ ꪫ꪿ꪱ,True
trừ,ꪋꪳ꫁,False
phòng bị,ꪋꪳ꫁,False
"phòng gần,",ꪋꪳ꫁,True
"giữ gìn, phòng vệ, phòng thủ",ꪋꪳ꫁ ꪬꪸꪣ,False
"giữ gìn, phòng vệ, phòng bỉnh",ꪋꪳ꫁ ꪬꪸꪣ,True
dây,ꪹꪋ,False
rủ,ꪹꪋ,False
sợi dọc,ꪹꪋ ꪬꪴꪀ,False
sợi dọc,ꪹꪋ ꪎꪰꪮꪱꪒ,True
"dây giun, dây leo",ꪹꪋ ꪹꪄꪱ,False
"dây giun, át, leo",ꪏꪕꪴ꪿ ꪹꪄꪱ,True
tin,ꪹꪋ꪿,False
tin,ꪶꪏ꪿,True
"giống, nòi",ꪹꪋ꫁,False
tộc người,ꪹꪋ꫁ ꪹꪤꪷꪙ,False
dòng giống,ꪹꪋ꫁ ꪵꪙꪫ,False
dòng giống,ꪋꪱꪥ ꪵꪙꪫ,True
giống má,ꪹꪋ꫁ ꪡꪽ,False
giống nòi,ꪹꪋ꫁ ꪡꪽ,False
gợn nòi,ꪹꪋ꫁ ꪡꪽ,True
chức,ꪊꪳ꪿ꪀ,False
háu,ꪊꪳ꪿ꪀ,True
trực,ꪋꪳ꫁ꪀ,False
chực,ꪋꪳ꫁ꪀ,False
chầu chực,ꪋꪳ꫁ꪀ ꪹꪋꪱ,False
"chầu ngáng,",ꪋꪳ꫁ꪀ ꪕꪴ꫁ꪀ,True
"rực, trưng, choang",ꪋꪳꪀ,False
thấm,ꪋꪳꪣ,False
nhẫn,ꪋꪳꪣ,True
nhuần,ꪋꪳꪣ,False
nhuần,ꪹꪫꪸ꫁ꪙ,True
đẫm,ꪋꪳꪣ,False
mất,ꪋꪳꪣ,True
"bã chã, vữa",ꪊꪳ꫁ꪙ,False
"bã chã, éo,",ꪊꪳ꫁ꪙ,True
chì,ꪋꪳꪙ,False
cộc,ꪋꪳꪙ,True
tươi lại,ꪋꪳ꪿ꪙ,False
tỉnh lại,ꪋꪳ꪿ꪙ,False
cứ,ꪊꪳꪉ,False
chỉ,ꪊꪳꪉ,False
"xô,",ꪊꪳꪉ,True
chứng,ꪊꪳ꪿ꪉ,False
chứng nhận,ꪊꪳ꪿ꪉ ꪐ꫁ꪽ,False
"dây, thừng, chạc",ꪹꪋꪀ,False
"dây, thừng, chạc",ꪜ꫁ꪱꪙ,True
dây thừng,ꪹꪋꪀ ꪝꪰꪒ,False
"dây hương,",ꪹꪋꪀ ꪝꪰꪒ,True
chúi,ꪹꪋꪙ,False
dập,ꪹꪋꪙ,True
"qua, trôi qua",ꪹꪋꪙ,False
"qua, trôi tiệt",ꪹꪋꪙ,True
rủ rê,ꪹꪊ꪿ꪉ ꪹꪋ,False
dìu dắt,ꪹꪊ꪿ꪉ ꪹꪋ,False
"dìu cởi,",ꪹꪊ꪿ꪉ ꪹꪋ,True
nhất phẩm,ꪹꪊ꫁ꪉ,False
trường,ꪹꪋꪉ,False
trường học,ꪹꪋꪉ ꪵꪮꪚ,False
trường ngách,ꪹꪋꪉ ꪵꪮꪚ,True
xóm học,ꪹꪋꪉ ꪵꪮꪚ,True
trường học,ꪹꪋꪉ ꪵꪮꪚ ꪎꪳ,False
trường học,ꪄꪫꪱꪀ ꪵꪮꪚ ꪎꪳ,True
"đồ, thức",ꪹꪋ꪿ꪉ,False
"đồ, ngầu,",ꪹꪋ꪿ꪉ,True
hàng,ꪹꪋ꪿ꪉ,False
"gì,",ꪹꪋ꪿ꪉ,True
hàng hóa,ꪹꪋ꪿ꪉ ꪭꪱꪉ,False
hàng hóa,ꪊ꫁ꪱ ꪭꪱꪉ,True
"gia tài, gia sản",ꪹꪋ꪿ꪉ ꪹꪭꪙ,False
"gia tài, gia sản",ꪹꪋ꪿ꪉ ꪜꪳꪙ,True
đồ chơi,ꪹꪋ꪿ꪉ ꪮꪲ꫁ꪙ,False
của hồi môn,ꪹꪋ꪿ꪉ ꪄ꪿ꪱ,False
của hồi môn,ꪭꪫꪱꪀ ꪄ꪿ꪱ,True
tặng vật,ꪹꪋ꪿ꪉ ꪄ꪿ꪱ,False
"của cải, tài sản",ꪹꪋ꪿ꪉ ꪄꪮꪉ,False
"của cải, tài sản",ꪝꪰꪉ ꪄꪮꪉ,True
"của cải, kể, sản",ꪹꪋ꪿ꪉ ꪄꪮꪉ,True
"thức ăn, thức nhắm",ꪹꪋ꪿ꪉ ꪀꪲꪙ,False
"(hoặc ăn, nhức, nhắm",ꪎꪸ꫁ꪣ ꪶꪮ꫁ꪉ,True
thức vào thức lùa,ꪹꪋ꪿ꪉ ꪀꪲꪙ,True
"đồ mặc, y phục, trang phục",ꪹꪋ꪿ꪉ ꪙꪴ꪿ꪉ,False
"đồ mặc, y lào trang phục",ꪹꪋ꪿ꪉ ꪹꪜ꪿ꪱ,True
"đồ dùng, đồ đạc",ꪹꪋ꪿ꪉ ꪎꪴ꫁,False
"đả thực, đồ đạc",ꪹꪋ꪿ꪉ ꪵꪁ꫁ꪙ,True
"xọp, dùng, đồ đạc",ꪹꪋ꪿ꪉ ꪎꪴ꫁,True
dạo,ꪊꪳꪒ,False
xìu,ꪊꪳꪒ,True
nhạt nhẽo,ꪊꪳꪒ ꪊ꪿ꪱꪉ,False
chãng nhẽo,ꪊꪳꪒ ꪊ꪿ꪱꪉ,True
lạnh như tiền,ꪊꪳꪒ ꪊ꪿ꪱꪉ,False
"lạnh chừng, tiền",ꪊꪳꪒ ꪊ꪿ꪱꪉ,True
dướng,ꪎꪱ,False
vợt,ꪎꪱ,False
ỡi,ꪎꪱ,True
tha. xá,ꪎꪱ,False
xa cách,ꪎꪱ ꪬ꪿ꪱꪉ,False
xa quắt,ꪎꪱ ꪹꪨ꫁ꪣ,True
"tấm, cách",ꪎꪱ ꪬ꪿ꪱꪉ,True
gác bếp,ꪎ꪿ꪱ,False
giàn,ꪎ꪿ꪱ,False
gùi,ꪎ꪿ꪱ,True
vãn,ꪎ꪿ꪱ,True
ầm ầm,ꪎ꪿ꪱ ꪎ꪿ꪱ,False
ầm ầm,ꪹꪤꪱ꪿ ꪎ꪿ꪱ,True
tôi tớ,ꪎ꫁ꪱ ꪄ꫁ꪮꪥ,False
tôi tớ,ꪚꪱ ꪄ꫁ꪮꪥ,True
sọt,ꪏꪱ,False
rọ,ꪏꪱ,False
hũ,ꪏꪱ,True
khàn,ꪏ꪿ꪱ,False
rè,ꪏ꪿ꪱ,False
đút,ꪏ꪿ꪱ,True
hòa,ꪏ꪿ꪱ,True
lèo xèo,ꪏ꪿ꪱ,False
lèo xèo,ꪄꪱ,True
vang xa,ꪏ꪿ꪱ,False
rào rào,ꪏ꪿ꪱ ꪏ꪿ꪱ,False
giỏ,ꪏ꫁ꪱ,False
lục soát,ꪏ꫁ꪱ,False
lục dọ,ꪏ꫁ꪱ,True
lên đạn,ꪏ꫁ꪱꪀ,False
biếc bậm,ꪬ꫁ꪮꪣ,True
dây,ꪎꪱꪥ,False
nàn,ꪎꪱꪥ,True
quai,ꪎꪱꪥ,False
tia,ꪎꪱꪥ,False
tia,ꪎ꪿ꪮꪥ,True
trưa,ꪎꪱꪥ,False
ngoan,ꪎꪱꪥ,True
muộn,ꪎꪱꪥ,False
"rước,",ꪎꪱꪥ,True
sai,ꪎꪱꪥ,False
sai,ꪀꪫꪱ,True
rốn,ꪎꪱꪥ ꪚꪳ,False
sầy,ꪎꪱꪥ ꪚꪳ,True
hơi thở,ꪎꪱꪥ ꪻꪊ,False
kĩ thở,ꪎꪱꪥ ꪻꪊ,True
"hơi uổng,",ꪎꪱꪥ ꪻꪊ,True
điện thoại,ꪎꪱꪥ ꪼꪤ,False
điện thoại,ꪶꪭꪚ ꪼꪤ,True
dây tóc,ꪎꪱꪥ ꪼꪤ,False
nạo tóc,ꪎꪱꪥ ꪼꪤ,True
giường chài,ꪎꪱꪥ ꪥꪮꪙ ꪵꪬ,False
giường thây,ꪎꪱꪥ ꪥꪮꪙ ꪵꪬ,True
dây thần kinh,ꪎꪱꪥ ꪵꪮꪀ,False
"quyết, thần kinh",ꪎꪱꪥ ꪊꪲꪚ,True
dây thần kinh,ꪎꪴ꪿ꪣ ꪵꪮꪀ,True
"dây lưng, thắt lưng",ꪎꪱꪥ ꪵꪮꪫ,False
dây đèn thắt vằn,ꪎꪱꪥ ꪵꪮꪫ,True
dây cước,ꪎꪱꪥ ꪹꪮꪸꪙ,False
chật cước,ꪎꪱꪥ ꪹꪮꪸꪙ,True
"mao mạch, tia máu",ꪎꪱꪥ ꪹꪩꪒ,False
mao bảo tia máu,ꪎꪱꪥ ꪹꪩꪒ,True
"mao mạch, ngảnh, máu",ꪎꪱꪥ ꪹꪩꪒ,True
dây tơ hồng,ꪎꪱꪥ ꪵꪙꪙ,False
dây dư hồng,ꪎꪱꪥ ꪣꪱꪥ,True
"em yêu, anh yêu",ꪎꪱꪥ ꪵꪝꪉ,False
"em bướu mải, yêu",ꪎꪱꪥ ꪵꪝꪉ,True
dây mực,ꪎꪱꪥ ꪠꪸꪀ,False
rô mực,ꪎꪱꪥ ꪠꪸꪀ,True
dải rút,ꪎꪱꪥ ꪎ꫁ꪺꪉ,False
"dải cụp,",ꪎꪱꪥ ꪕ꪿ꪮꪙ,True
xái,ꪎ꪿ꪱꪥ,False
tãi,ꪎ꪿ꪱꪥ,False
bưởi rưởi,ꪎ꪿ꪱꪥ,False
phá,ꪎ꪿ꪱꪥ,False
bã người: dệt kài hẽng sái mo: làm quá sức bã người,ꪎ꪿ꪱꪥ ꪣꪷ꪿,False
bã người: dệt kài buộc sái mo: làm quá sức bã người,ꪎ꪿ꪱꪥ ꪣꪷ꪿,True
"bã nhím dệt kài hẽng sái mo: làm quá sức bã nước,",ꪎ꪿ꪱꪥ ꪝꪲꪒ,True
ươn người,ꪎ꪿ꪱꪥ ꪣꪷ꪿,False
lấc người,ꪎ꪿ꪱꪥ ꪣꪷ꪿,True
sà,ꪎ꫁ꪱꪥ,False
hắt,ꪎ꫁ꪱꪥ,False
cát,ꪏꪱꪥ,False
cát,ꪫ꫁ꪽ,True
"trái, tả",ꪏ꫁ꪱꪥ,False
"tủm, tả",ꪏ꫁ꪱꪥ,True
xồ,ꪏ꫁ꪱꪥ,False
xồ,ꪹꪎꪷ꪿ꪣ,True
chày,ꪎꪱꪀ,False
"quắm,",ꪎꪱꪀ,True
chày đâm,ꪎꪱꪀ ꪵꪊꪫ,False
chày đâm,ꪊꪲꪀ ꪵꪊꪫ,True
khoắn đâm,ꪎꪱꪀ ꪵꪊꪫ,True
chày cối,ꪎꪱꪀ ꪣꪮꪉ,False
chày rông,ꪎꪱꪀ ꪣꪮꪉ,True
chày tãy,ꪎꪱꪀ ꪣꪳ,False
tản mạn,ꪎꪱꪀ ꪎ꪿ꪱꪥ,False
tản mát,ꪎꪱꪀ ꪎ꪿ꪱꪥ,False
tan hoang,ꪎꪱꪀ ꪎꪸꪫ,False
mụi,ꪏꪱꪀ,False
lộn xộn,ꪏꪱꪀ ꪏꪱꪥ,False
"trống nung,",ꪏꪱꪀ ꪏꪱꪥ,True
đực xộn,ꪏꪱꪀ ꪏꪱꪥ,True
nhễ nhại,ꪏꪱꪀ ꪏꪱꪀ,False
ba,ꪎꪱꪣ,False
nặc,ꪎꪱꪣ,True
ba mươi,ꪎꪱꪣ ꪎꪲꪚ,False
"trầy, mươi",ꪎꪱꪣ ꪎꪲꪚ,True
"xẻ, trổ",ꪎ꫁ꪱꪣ,False
"tướng, trổ",ꪎ꫁ꪱꪣ,True
sửa sang,ꪎ꫁ꪱꪣ ꪵꪜꪉ,False
bàn định,ꪎ꫁ꪱꪣ ꪶꪎ,False
nước kiệu,ꪏꪱꪣ ꪼꪁ,False
phô kiệu,ꪏꪱꪣ ꪼꪁ,True
thấm,ꪏ꪿ꪱꪣ,False
ngấm,ꪏ꪿ꪱꪣ,False
hung,ꪏ꪿ꪱꪣ,True
đan,ꪎꪱꪙ,False
là,ꪎꪱꪙ,True
chếnh choáng,ꪎꪱꪙ ꪏꪱ,False
đan tạy,ꪎꪱꪙ ꪏꪱ ꪣꪳ,False
"đan treo,",ꪎꪱꪙ ꪹꪁ꪿ ꪣꪳ,True
xong,ꪎ꪿ꪱꪙ,False
sổ,ꪎ꫁ꪱꪙ,False
tỉa,ꪏꪱꪙ,False
cách,ꪏꪱꪙ,False
nhuốm,ꪏꪱꪙ,True
lác đác,ꪏꪱꪙ,False
hàng đác,ꪏꪱꪙ,True
họa hoằn,ꪏꪱꪙ,False
họa hoằn,ꪵꪒꪒ,True
họa hoằn,ꪏꪱꪙ ꪩꪱꪉ,False
giáng hoằn,ꪏꪱꪙ ꪩꪱꪉ,True
đôi khi,ꪏꪱꪙ ꪹꪕ꪿,False
đôi khi,ꪏꪱꪙ ꪚ꪿ꪺ,True
mấy khi,ꪏꪱꪙ ꪹꪕ꪿,False
tỉa mỗi chỗ một ít,ꪏꪱꪙ ꪏꪲꪙ,False
tỉa mỗi chỗ một ít,ꪤ꫁ꪮꪙ ꪩ꫁ꪺꪥ,True
lơ thơ,ꪏꪱꪙ ꪏꪲꪙ,False
phét thơ,ꪎꪱꪒ ꪏꪲꪙ,True
loáng thoáng,ꪏꪱꪙ ꪏꪲꪙ,False
loáng thoáng,ꪉꪴ ꪏꪲꪙ,True
"rinh lăm,",ꪏꪱꪙ ꪏꪲꪙ,True
gằn,ꪏ꫁ꪱꪙ,False
"gằn, sàng lọc",ꪏ꫁ꪱꪙ ꪹꪎꪷꪉ,False
"thắt, sàng lọc",ꪏ꫁ꪱꪙ ꪹꪎꪷꪉ,True
"gằn, sàng chiều",ꪏ꫁ꪱꪙ ꪹꪎꪷꪉ,True
chải,ꪎꪱꪉ,False
chải,ꪙꪾ꪿,True
hơ,ꪎꪱꪉ,False
"kiệt, tổn hại",ꪎꪱꪉ,False
"dặng hắng, đằng hắng",ꪎꪱꪉ ꪁꪷ,False
"dặng hắng, đằng hắng",ꪵꪏꪩꪚ ꪁꪷ,True
kiệt sức,ꪎꪱꪉ ꪣꪷ꪿,False
kiệt trơn,ꪤꪳꪒ ꪣꪷ꪿,True
"con quay, cù",ꪎ꪿ꪱꪉ,False
thoáng,ꪎ꪿ꪱꪉ,False
hụ,ꪎ꪿ꪱꪉ,True
dễ chịu,ꪎ꪿ꪱꪉ,False
tỉnh,ꪎ꪿ꪱꪉ,False
dã,ꪎ꪿ꪱꪉ,False
dã,ꪯꪩꪴ꫁ꪣ,True
"tiêu, giải",ꪎ꪿ꪱꪉ,False
"tiêu, thuở,",ꪎ꪿ꪱꪉ,True
thanh thản,ꪎ꪿ꪱꪉ,False
an nhàn,ꪎ꪿ꪱꪉ ꪚꪱꪉ,False
"tiêu sầu, giải sầu",ꪎ꪿ꪱꪉ ꪛꪺꪙ,False
"chim sầu, giải sầu",ꪎ꪿ꪱꪉ ꪛꪺꪙ,True
"vập sầu, giải sầu",ꪎ꪿ꪱꪉ ꪛꪺꪙ,True
"nh, sáng 2.2",ꪎ꪿ꪱꪉ ꪻꪊ,False
"nh, tre, 2.2",ꪎ꪿ꪱꪉ ꪻꪊ,True
cỏ sáng 2.2,ꪎ꪿ꪱꪉ ꪻꪊ,True
tỉnh táo,ꪎ꪿ꪱꪉ ꪑꪱꪒ,False
hổng,ꪎ꪿ꪱꪉ ꪎꪱ,False
tinh,ꪎ꪿ꪱꪉ ꪎꪱ,True
sáng sủa,ꪎ꪿ꪱꪉ ꪻꪎ,False
cạnh,ꪎ꫁ꪱꪉ,False
cạnh,ꪹꪈꪸ꪿ꪉ,True
sườn,ꪎ꫁ꪱꪉ,False
"sân,",ꪎ꫁ꪱꪉ,True
"bần,",ꪎ꫁ꪱꪉ,True
mạng sườn,ꪎ꫁ꪱꪉ ꪚꪱꪉ,False
mạng lươm,ꪎ꫁ꪱꪉ ꪚꪱꪉ,True
củng cố,ꪎ꫁ꪱꪉ ꪀꪷ꪿,False
củng cố,ꪎ꫁ꪱꪉ ꪨꪾ꫁,True
trang điểm,ꪎ꫁ꪱꪉ ꪣꪷ꪿,False
"nhàu, điểm",ꪎ꫁ꪱꪉ ꪣꪷ꪿,True
"sửa sang, tu bổ",ꪎ꫁ꪱꪉ ꪵꪜꪉ,False
"trưng, sang, tu bổ",ꪁ꫁ꪫꪱ ꪵꪜꪉ,True
xây đắp,ꪎ꫁ꪱꪉ ꪵꪔ꪿ꪉ,False
xây đắp,ꪡ꫁ꪮꪙ ꪵꪔ꪿ꪉ,True
tu sửa,ꪎ꫁ꪱꪉ ꪶꪎꪣ,False
mạng mỡ,ꪎ꫁ꪱꪉ ꪎꪴꪒ,False
"mạng xiết,",ꪎ꫁ꪱꪉ ꪎꪴꪒ,True
mạng mỡ,ꪶꪁꪕ꫁ꪀ ꪎꪴꪒ,True
tre,ꪏꪱꪉ,False
tre là ngà,ꪏꪱꪉ ꪁꪾ,False
xoang xoang,ꪏ꪿ꪱꪉ ꪏ꪿ꪱꪉ,False
xoang xoang,ꪶꪚꪣ ꪏ꪿ꪱꪉ,True
ánh,ꪵꪎꪉ,False
tia,ꪵꪎꪉ,False
biêng biếc,ꪵꪎꪉ,False
dốt tủy,ꪵꪎꪉ,True
anh ánh,ꪵꪎꪉ,False
nhánh,ꪵꪎꪉ,False
tróm,ꪵꪎꪉ,True
ánh nắng,ꪵꪎꪉ ꪵꪒꪒ,False
"ánh sáng, tia sáng",ꪵꪎꪉ ꪭꪴ꪿ꪉ,False
xanh lè,ꪵꪎꪉ ꪜꪰ꫁ꪉ ꪜꪰ꫁ꪉ,False
xanh lè,ꪶꪙ꫁ꪀ ꪜꪰ꫁ꪉ ꪜꪰ꫁ꪉ,True
xanh lè,ꪑ꪿ꪽ ꪜꪰ꫁ꪉ ꪏꪮꪙ,True
nảy đom đóm,ꪵꪎꪉ ꪔꪱ ꪡꪴ꫁ꪉ,False
"mạng, đom đóm",ꪵꪎꪉ ꪔꪱ ꪡꪴ꫁ꪉ,True
bết vơi đóm,ꪵꪎꪉ ꪔꪱ ꪡꪴ꫁ꪉ,True
"chũm chọe, khánh",ꪵꪎ꪿ꪉ,False
thanh la,ꪵꪎ꪿ꪉ,False
"xoa, la",ꪵꪎ꪿ꪉ,True
kêu,ꪵꪎ꪿ꪉ,False
lâu,ꪵꪎ꪿ꪉ,True
sánh,ꪵꪏꪉ,False
"sánh vai, sánh bước",ꪵꪏꪉ ꪵꪁ,False
"trạo, vai, sánh bước",ꪵꪏꪉ ꪵꪁ,True
ví như,ꪵꪏꪉ ꪫ꪿ꪱ,False
beng beng,ꪵꪏ꪿ꪉ ꪵꪏ꪿ꪉ,False
beng chẹt,ꪵꪏ꪿ꪉ ꪵꪏ꪿ꪉ,True
gái,ꪎꪱꪫ,False
núc,ꪎꪱꪫ,False
lần mối,ꪎꪱꪫ,False
ươm,ꪎꪱꪫ,False
gái tơ,ꪎꪱꪫ ꪭꪱꪣ,False
gái tơ,ꪎꪱꪫ ꪚꪸ꪿ꪙ,True
bịp tơ,ꪎꪱꪫ ꪭꪱꪣ,True
gái già,ꪎꪱꪫ ꪹꪖꪱ꫁,False
nuốt già,ꪎꪱꪫ ꪹꪖꪱ꫁,True
gái nạ,ꪎꪱꪫ ꪹꪖꪱ꫁,True
lùng,ꪎ꪿ꪱꪫ,False
quan,ꪎ꪿ꪱꪫ,True
tìm kiếm,ꪎ꪿ꪱꪫ ꪬꪱ,False
"tìm giảu,",ꪎ꪿ꪱꪫ ꪬꪱ,True
lùng bắt,ꪎ꪿ꪱꪫ ꪜꪰꪒ,False
lùng bắt,ꪎ꪿ꪱꪫ ꪼꪪ꫁,True
sào,ꪎ꫁ꪱꪫ,False
cấp,ꪎ꫁ꪱꪫ,True
lao màn,ꪎ꫁ꪱꪫ ꪤ꪿ꪽ,False
xéo kin,ꪎ꫁ꪱꪫ ꪤ꪿ꪽ,True
hai mưỡi,ꪏꪱꪫ,False
trăng hai mươi,ꪏꪱꪫ ꪏ꪿ꪱ,False
bỉnh hai mươi,ꪏꪱꪫ ꪉ꪿ꪫꪱ,True
"rào rào, rì rào",ꪎꪱꪫ ꪎꪱꪫ,False
"rào động, trắng, rào",ꪮꪸ꪿ꪣ ꪎꪱꪫ,True
sào,ꪏ꫁ꪱꪫ,False
"lụt,",ꪏ꫁ꪱꪫ,True
xao xác,ꪏ꫁ꪱꪫ ꪏ꫁ꪱꪫ,False
xào xạc,ꪏ꫁ꪱꪫ ꪏ꫁ꪱꪫ,False
xào giong,ꪏ꫁ꪱꪫ ꪏ꫁ꪱꪫ,True
nháo nhác,ꪏ꫁ꪱꪫ ꪏ꫁ꪱꪫ,False
"nháo luôn,",ꪏ꫁ꪱꪫ ꪏ꫁ꪱꪫ,True
ầm ĩ,ꪏ꫁ꪱꪫ ꪏ꫁ꪱꪫ,False
ầm đối,ꪏ꫁ꪱꪫ ꪏ꫁ꪱꪫ,True
ken,ꪎꪱꪚ,False
chuối,ꪎꪱꪚ,True
thọc,ꪎꪱꪚ,False
rãi,ꪎꪱꪚ,True
xen,ꪎꪱꪚ ꪪ꪿ꪱꪉ,False
cót,ꪎꪱꪒ,False
lất phất,ꪎꪱꪒ ꪎꪲꪒ,False
lất phất,ꪤ꪿ꪮꪙ ꪎꪲꪒ,True
lất xẹp,ꪎꪱꪒ ꪎꪲꪒ,True
ập,ꪏꪱꪒ,False
xộc,ꪏꪱꪒ,False
"bớt,",ꪁꪱꪥ,True
vút,ꪏꪱꪒ,False
vút,ꪵꪪꪙ,True
xoẹt,ꪏꪱꪒ,False
xoẹt,ꪁꪺꪙ,True
đánh,ꪏꪱꪒ,False
hưởng hoa lợi,ꪏꪱꪒ ꪢ꫁ꪱ,False
xoèn xoẹt,ꪏꪱꪒ ꪏꪱꪒ,False
đuỗn xoẹt,ꪏꪱꪒ ꪏꪱꪒ,True
cột,ꪹꪎꪱ,False
cột,ꪝꪷ꪿,True
canh,ꪹꪎꪱ,False
canh,ꪎꪸꪒ,True
"chúng, họ",ꪹꪎꪱ,False
"chúng, phết",ꪑꪳ,True
cột cái,ꪹꪎꪱ ꪹꪋꪷ꪿ꪉ,False
canh một,ꪹꪎꪱ ꪶꪀ꪿ꪀ,False
canh nhĩ,ꪹꪎꪱ ꪶꪀ꪿ꪀ,True
cột con,ꪹꪎꪱ ꪭꪫꪱ,False
cột hiên,ꪹꪎꪱ ꪹꪡꪥ,False
cột chái,ꪹꪎꪱ ꪕꪴꪚ,False
cột chái,ꪹꪎꪱ ꪹꪢꪱ꪿,True
"coi, chái",ꪹꪎꪱ ꪕꪴꪚ,True
tàn canh,ꪹꪎꪱ ꪏꪱꪙ,False
tàn canh,ꪚꪰꪉ ꪏꪱꪙ,True
"người ta, người",ꪹꪎꪱ꪿,False
"người ta, người",ꪹꪝꪷ꪿ꪥ,True
"mờ, lòa",ꪹꪎꪱ꫁,False
"phai, bợt",ꪹꪎꪱ꫁,False
"phai, đườn,",ꪹꪎꪱ꫁,True
tàn úa,ꪹꪎꪱ꫁,False
oe úa,ꪹꪎꪱ꫁,True
tàn bịt,ꪹꪎꪱ꫁,True
"ủ rũ, sầu",ꪹꪎꪱ꫁,False
"kháu rũ, sầu",ꪹꪎꪱ꫁,True
"ủ về, sầu",ꪹꪎꪱ꫁,True
âm u,ꪹꪎꪱ꫁,False
"an tọa, nghỉ",ꪹꪏꪱ,False
an chang nghỉ,ꪹꪏꪱ,True
"an tọa, nghỉ",ꪹꪚꪷꪒ,True
giải lao,ꪹꪏꪱ ꪵꪁꪙ,False
vườn lao,ꪹꪏꪱ ꪵꪁꪙ,True
giũ,ꪹꪏꪱ꪿,False
tụ tập,ꪹꪏꪱ꫁,False
"hắt, tập",ꪹꪏꪱ꫁,True
"trong, tinh",ꪻꪎ,False
"trong, mân",ꪻꪎ,True
tuyệt đẹp,ꪻꪎ,False
trong vắt,ꪻꪎ ꪊꪰꪀ,False
trong veo,ꪻꪎ ꪵꪋꪩꪉ,False
cẳng veo,ꪻꪎ ꪵꪋꪩꪉ,True
trong leo lẻo,ꪻꪎ ꪮꪲ꪿ꪉ,False
tuyệt vời,ꪻꪎ ꪮꪲ꪿ꪉ,False
yên lành,ꪻꪎ ꪎꪸ꫁ꪉ,False
cồn lành,ꪻꪎ ꪎꪸ꫁ꪉ,True
choảng,ꪻꪎ꪿,False
cho,ꪻꪎ꪿,False
vào,ꪻꪎ꪿,False
với,ꪻꪎ꪿,False
nhuộm răng đen,ꪻꪎ꪿ ꪋꪲ꪿,False
nhuộm răng đen,ꪯ꫁ꪱꪫ ꪋꪲ꪿,True
chú ý,ꪻꪎ꪿ ꪻꪊ,False
tập trung tư tưởng,ꪻꪎ꪿ ꪻꪊ,False
gần,ꪻꪎ꫁,False
"vẽ,",ꪻꪎ꫁,True
kề cận,ꪻꪎ꫁ ꪊꪾ,False
kề cận,ꪔꪳ꪿ꪀ ꪅꪱꪉ,True
kề đốp,ꪻꪎ꫁ ꪑꪳ꪿ꪉ,True
gần gũi,ꪻꪎ꫁ ꪊꪾ,False
cất bước,ꪼꪎ ꪔꪲꪙ,False
"phạt, bước",ꪼꪎ ꪀꪸ꪿ꪫ,True
gục bước,ꪼꪎ ꪨꪲꪫ,True
trứng,ꪼꪎ꪿,False
vĩnh,ꪄ꪿ꪱꪣ,True
đẻ,ꪼꪎ꪿,False
trứng ruồi nặng,ꪼꪎ꪿ ꪄꪱꪉ,False
tuổi xoèn nặng,ꪼꪎ꪿ ꪄꪱꪉ,True
"nén, ruồi nặng",ꪼꪎ꪿ ꪄꪱꪉ,True
mồi,ꪼꪎ꪿ ꪄꪺꪀ,False
ruột,ꪼꪎ꫁,False
mổ,ꪼꪎ꫁,False
dì,ꪼꪎ꫁,True
sốt,ꪼꪎ꫁,False
né,ꪥꪱꪫ,True
"đực,",ꪼꪎ꫁,True
ruột già,ꪼꪎ꫁ ꪵꪀ꪿,False
ruột già,ꪼꪎ꫁ ꪶꪁꪣ,True
sốt rét,ꪼꪎ꫁ ꪘꪱꪫ,False
ruột non,ꪼꪎ꫁ ꪙꪮꪙ,False
"ruột cược,",ꪼꪎ꫁ ꪙꪮꪙ,True
ruột non,ꪉꪱꪀ ꪙꪮꪙ,True
dồi,ꪼꪎ꫁ ꪶꪮ꪿,False
sốt do chứng bệnh gây nên,ꪼꪎ꫁ ꪎꪴ꫁,False
cạn nhụa tận bệnh gây nên,ꪼꪎ꫁ ꪎꪴ꫁,True
sốt do chứng phàn beo nên,ꪼꪎ꫁ ꪎꪴ꫁,True
ruột thừa,ꪼꪎ꫁ ꪎꪴꪒ,False
phệ lảm,ꪶꪭ꫁ꪥ ꪎꪴꪒ,True
đỡm,ꪼꪏ,False
thầy,ꪼꪏ,False
quyển,ꪹꪬ꫁ꪙ,True
"ngoắt,",ꪼꪏ,True
thầy bói,ꪼꪏ ꪚ꪿ꪮꪥ,False
thầy thuốc,ꪼꪏ ꪤꪱ,False
"thầy khắc,",ꪼꪏ ꪤꪱ,True
"thầy khấu,",ꪼꪏ ꪤꪱ,True
thầy giáo,ꪼꪏ ꪤ꪿ꪱꪫ,False
rão,ꪼꪏ ꪔꪴ꫁ꪣ,False
thầy học,ꪼꪏ ꪎꪳ,False
thầy học,ꪶꪀ꪿ꪀ ꪎꪳ,True
rỉa,ꪼꪏ꫁,False
rỉa lông,ꪼꪏ꫁ ꪶꪄꪙ,False
rỉa quyết,ꪼꪏ꫁ ꪶꪄꪙ,True
chọc,ꪎꪰꪀ,False
rãi,ꪵꪔ꪿ꪙ,True
xăm,ꪎꪰꪀ,False
kèn,ꪎꪰꪀ,True
chút,ꪎꪰꪀ,False
"tơi,",ꪔꪸꪣ,True
ít,ꪎꪰꪀ,False
siềng,ꪎꪰꪀ,False
lú,ꪎꪰꪀ,True
chăm chú,ꪎꪰꪀ ꪻꪊ,False
"ít lâu, ít nữa",ꪎꪰꪀ ꪥ꪿ꪱꪙ,False
"hề, lâu, ít nữa",ꪎꪰꪀ ꪥ꪿ꪱꪙ,True
siêng năng,ꪎꪰꪀ ꪢ꪿ꪽ,False
"quắt, năng",ꪤꪸꪫ ꪢ꪿ꪽ,True
xăm mình,ꪎꪰꪀ ꪣꪳ꫁ꪀ,False
xăm mình,ꪓꪱꪙ ꪬꪮꪥ,True
"chút nào, tí nào",ꪎꪰꪀ ꪙ꫁ꪮꪥ,False
"chút nào, tí thoải",ꪎꪰꪀ ꪙ꫁ꪮꪥ,True
chút bá tí nào,ꪎꪰꪀ ꪙ꫁ꪮꪥ,True
châm chọc,ꪎꪰꪀ ꪵꪕꪉ,False
châm cửa,ꪎꪰꪀ ꪵꪏ꪿,True
chống gậy,ꪎꪰꪀ ꪹꪕꪱ꫁,False
sạt,ꪎꪰꪀ ꪎ꫁ꪱꪥ,False
sâu mọt,ꪎꪰꪀ ꪎ꪿ꪱꪙ,False
vảy mọt,ꪚ꫁ꪱ ꪎ꪿ꪱꪙ,True
lắc,ꪎꪰꪀ ꪎ꪿ꪽ,False
xăm,ꪎꪰꪀ ꪵꪎ꪿,False
tìm kiếm,ꪎꪰꪀ ꪵꪎ꪿,False
bua,ꪎꪰꪀ ꪹꪏꪸꪙ,False
giặt,ꪏꪰꪀ,False
"lắc, lay",ꪏꪰꪀ ꪹꪏꪱ꪿,False
"lắc, trước,",ꪏꪰꪀ ꪹꪏꪱ꪿,True
"lắc, vào",ꪏꪰꪀ ꪹꪏꪱ꪿,True
lúc lắc,ꪏꪰꪀ ꪏ꪿ꪽ,False
giặt giũ,ꪏꪰꪀ ꪏꪺꪀ,False
nhường,ꪎꪾ꪿,False
giẫm,ꪏꪾ,False
các cậu,ꪏꪾ ꪚ꫁ꪱ,False
cải cậu,ꪏꪾ ꪚ꫁ꪱ,True
các cô,ꪏꪾ ꪮꪲ꪿,False
"các nhạo,",ꪏꪾ ꪮꪲ꪿,True
các ông,ꪏꪾ ꪢ꫁ꪱꪥ,False
các đang,ꪏꪾ ꪢ꫁ꪱꪥ,True
"dò, dò dẫm",ꪏꪾ꪿,False
miết,ꪏꪾ꪿,False
nốt,ꪏꪾ꫁,False
cố,ꪏꪾ꫁,False
cố,ꪎꪱꪚ,True
bồi,ꪏꪾ꫁,False
nằn,ꪏꪾ꫁,True
càng,ꪏꪾ꫁,False
tổ,ꪏꪾ꫁,False
sừng sững,ꪏꪾ꫁ ꪶꪏ꫁ꪀ,False
sừng sững,ꪏꪾ꫁ ꪡꪸ,True
đố sững,ꪏꪾ꫁ ꪶꪏ꫁ꪀ,True
thăn,ꪎꪽ,False
thân,ꪎꪽ,False
"sống, lưng",ꪎꪽ,False
sịt lưng,ꪎꪽ,True
như thể,ꪎꪽ ꪹꪥ꪿ꪉ,False
"kém, thể",ꪎꪽ ꪹꪥ꪿ꪉ,True
thăm thẳm,ꪎꪽ ꪫꪽ,False
run,ꪎ꪿ꪽ,False
nhật,ꪎ꪿ꪽ,True
run,ꪅꪱꪀ,True
"run rẩy, kinh hoàng",ꪎ꪿ꪽ ꪎꪱꪥ,False
"mọc rẩy, lừa chêm",ꪒꪱꪚ ꪎꪱꪥ,True
run run,ꪎ꪿ꪽ ꪹꪏꪸꪙ,False
"chúc, phau",ꪎ꪿ꪽ ꪹꪏꪸꪙ,True
ngắn,ꪎ꫁ꪽ,False
ghẹo,ꪎ꫁ꪽ,True
"khẩn, gấp",ꪎ꫁ꪽ,False
"cấp thiết, khẩn cấp",ꪎ꫁ꪽ ꪊꪺꪙ,False
"cấp thiết, tênh cấp",ꪎ꫁ꪽ ꪊꪺꪙ,True
nóng ăn,ꪎ꫁ꪽ ꪀꪲꪙ,False
nóng ăn,ꪶꪗꪒ ꪀꪲꪙ,True
"vội vã, nóng vội, hấp tấp",ꪎ꫁ꪽ ꪡ꫁ꪱꪫ,False
cập rập,ꪎ꫁ꪽ ꪡ꫁ꪱꪫ,False
cập rập,ꪎ꫁ꪽ ꪹꪣ꪿ꪉ,True
rung,ꪏ꪿ꪽ,False
giũ,ꪏ꪿ꪽ,False
rung đùi,ꪏ꪿ꪽ ꪄꪱ,False
kiệt đùi,ꪏ꪿ꪽ ꪄꪱ,True
rung mình,ꪏ꪿ꪽ ꪶꪔ,False
rung mình,ꪏ꪿ꪽ ꪵꪮꪎꪒ,True
gì,ꪎꪰꪉ,False
bợ,ꪎꪰꪉ,True
mõ,ꪵꪠ꫁,True
nấy,ꪎꪰꪉ,False
nhốt,ꪎꪰꪉ,False
giam,ꪎꪰꪉ,False
"hỉ, xì",ꪎꪰ꪿ꪉ,False
uổng xì,ꪎꪰ꪿ꪉ,True
dặn,ꪎꪰ꪿ꪉ,False
nhắn,ꪎꪰ꪿ꪉ,False
trối,ꪎꪰ꪿ꪉ,False
nhắn tin,ꪎꪰ꪿ꪉ ꪁꪫꪱꪣ,False
nhắn nhủ,ꪎꪰ꪿ꪉ ꪎꪮꪙ,False
nhắn nhủ,ꪹꪎꪸ꫁ꪣ ꪎꪮꪙ,True
dặn dò,ꪎ꪿ꪽ ꪏꪺꪙ,False
dặn dò,ꪔꪸꪚ ꪏꪺꪙ,True
"trối trăng, trăng trối",ꪎ꪿ꪽ ꪏꪺꪙ,False
chà,ꪏꪰ꫁ꪉ,False
"vệt,",ꪏꪰ꫁ꪉ,True
ríu rít,ꪏꪰ꫁ꪉ ꪏꪰ꫁ꪉ,False
ríu quàng,ꪜꪴꪀ ꪏꪰ꫁ꪉ,True
bổ,ꪎꪾꪚ,False
"đốp, độp",ꪎꪾꪚ,False
"đốp, độp",ꪯꪲꪉ,True
đuổi,ꪎꪾꪚ,False
xua đuổi,ꪎꪾꪚ ꪭ꫁ꪱ,False
xua đuổi,ꪎꪾꪚ ꪚꪴꪚ,True
"xua bục,",ꪎꪾꪚ ꪭ꫁ꪱ,True
đuổi theo sau,ꪎꪾꪚ ꪨꪰꪉ,False
"đuổi phủ, sau",ꪎꪾꪚ ꪨꪰꪉ,True
lưu theo sau,ꪎꪾꪚ ꪨꪰꪉ,True
đuổi theo gái,ꪎꪾꪚ ꪎꪱꪫ,False
đuổi theo gái,ꪎꪾꪚ ꪀꪴ꪿ꪣ,True
"rỉ, bỏ nhỏ",ꪏꪾꪚ,False
vật,ꪎꪰꪒ,False
súc vật,ꪎꪰꪒ ꪎꪲ꪿ꪉ,False
sạt vật,ꪎꪰꪒ ꪎꪲ꪿ꪉ,True
loài vật,ꪎꪰꪒ ꪎꪲ꪿ꪉ,False
loài kiềng,ꪎꪰꪒ ꪎꪲ꪿ꪉ,True
"xê, dịch, xích",ꪏꪰꪒ,False
nhích,ꪏꪰꪒ,False
nhích,ꪹꪒ꪿ꪉ,True
"nhích dần, lò dò",ꪏꪰꪒ ꪹꪏꪷ꪿ꪣ,False
"vọc, nhuận lò dò",ꪏꪰꪒ ꪹꪏꪷ꪿ꪣ,True
trời đất,ꪶꪎꪚꪙ ꪒꪲꪙ,False
trời đất,ꪶꪝꪙꪀ ꪒꪲꪙ,True
nghiêng,ꪵꪏꪁꪉ,False
bắn,ꪹꪎꪸꪒꪙ,False
bắn,ꪶꪅ,True
bẹp,ꪔ꪿ꪮꪥ,True
xe,ꪵꪎ,False
"máy bay, tàu bay",ꪵꪎ ꪚꪲꪙ,False
"diệt bay, tàu bay",ꪵꪎ ꪚꪲꪙ,True
trong xanh,ꪵꪎ ꪵꪭ,False
"xe kéo, xe quệt",ꪵꪎ ꪩꪱꪀ,False
"róc kéo, xe quệt",ꪵꪎ ꪩꪱꪀ,True
xe ngựa,ꪵꪎ ꪣ꫁ꪱ,False
xe ngựa,ꪵꪎ ꪵꪎ꪿,True
xe lửa,ꪵꪎ ꪼꪡ,False
xe lửa,ꪩꪲ ꪼꪡ,True
vôi lửa,ꪵꪎ ꪼꪡ,True
xe trâu,ꪵꪎ ꪁꪫꪱꪥ,False
xe mồm,ꪶꪖ꪿ꪣ ꪹꪮ꫁ꪥ,True
xe đạp,ꪵꪎ ꪀꪫꪱꪉ,False
xe thồ,ꪵꪎ ꪔ꪿ꪱꪉ,False
xe tớn,ꪵꪎ ꪔ꪿ꪱꪉ,True
tàu xe,ꪵꪎ ꪹꪕꪱ,False
xỏ,ꪵꪎ꪿,False
lẽ,ꪵꪎ꪿,True
ngoáy,ꪵꪎ꪿,False
ngoáy,ꪐꪾ꪿,True
đưa,ꪵꪎ꪿,False
đưa,ꪶꪡꪚ,True
"rọi, xiên",ꪵꪎ꪿,False
"họp, xiên",ꪵꪎ꪿,True
rót,ꪵꪎ꪿,False
rót,ꪝꪳꪒ,True
thấm,ꪵꪎ꪿,False
"chói, váng",ꪵꪎ꫁,False
đanh,ꪵꪎ꫁,False
"đinh tai, chói tai",ꪵꪎ꫁ ꪬꪴ,False
"đinh tai, chói thấm,",ꪵꪎ꫁ ꪬꪴ,True
múa,ꪵꪏ,False
xòe,ꪵꪏ,False
đinh,ꪵꪏ꪿ ꪹꪨꪸ꪿ꪀ,False
phá,ꪵꪏ꪿ ꪹꪨꪸ꪿ꪀ,True
xèo xèo,ꪵꪏ꪿ ꪵꪏ꪿,False
"xèo công,",ꪵꪏ꪿ ꪵꪏ꪿,True
rạch,ꪵꪎꪀ,False
rả rích,ꪵꪏꪀ ꪵꪏꪀ,False
"ngắt, khạc",ꪵꪏꪀ ꪵꪏꪀ,True
bạo dạn,ꪵꪏꪣ,False
thâm thúy,ꪵꪏꪣ ꪵꪏꪀ,False
toan thúy,ꪵꪎ꪿ꪫ ꪵꪏꪀ,True
trăm ngàn,ꪵꪎꪙ,False
triệu ngàn,ꪵꪎꪙ,True
đa đoan,ꪵꪎꪙ ꪻꪊ,False
chừng gằn,ꪵꪎꪙ ꪻꪊ,True
cả đời,ꪵꪎꪙ ꪋ꪿ꪺ,False
cả kềnh,ꪵꪎꪙ ꪋ꪿ꪺ,True
sém nắng,ꪵꪎꪙ ꪵꪒꪒ,False
sém nắng,ꪔꪲ꪿ꪙ ꪵꪒꪒ,True
muôn đời,ꪵꪎꪙ ꪹꪓꪷꪥ,False
tưng bừng,ꪵꪎꪙ ꪵꪩꪙ,False
"góp, bừng",ꪶꪜꪉ ꪵꪩꪙ,True
tứ xứ,ꪵꪎꪙ ꪹꪣꪉ,False
tứ xứ,ꪬ꪿ꪱꪉ ꪹꪣꪉ,True
tứ chiếng,ꪵꪎꪙ ꪹꪣꪉ,False
muôn năm,ꪵꪎꪙ ꪜꪲ,False
muôn năm,ꪙꪲ ꪜꪲ,True
"hớt, cắt",ꪵꪎ꪿ꪙ,False
"xởn, xớt",ꪵꪎ꪿ꪙ,False
"xởn, sức,",ꪶꪁꪩ꪿ꪙ,True
xén,ꪵꪎ꪿ꪙ,False
xén,ꪶꪔ꫁,True
xén,ꪜꪲ꫁ꪉ,True
khoan thai,ꪵꪎ꫁ꪙ ꪵꪎ꫁ꪙ,False
ung dung tự tại,ꪵꪎ꫁ꪙ ꪵꪎ꫁ꪙ,False
"ung dung tự già,",ꪵꪎ꫁ꪙ ꪵꪎ꫁ꪙ,True
xòng xõng,ꪵꪎ꫁ꪙ ꪵꪎ꫁ꪙ,False
xòng duỗi,ꪵꪎ꫁ꪙ ꪵꪎ꫁ꪙ,True
thêu,ꪵꪎ꪿ꪫ,False
thêu thùa,ꪵꪎ꪿ꪫ ꪪꪽ,False
"lượn, liệng",ꪵꪎ꫁ꪫ,False
"lượn, loà",ꪵꪎ꫁ꪫ,True
"lượn, liệng",ꪖ꪿ꪱꪙ,True
chao liệng,ꪵꪎ꫁ꪫ ꪜꪰꪀ,False
"chao giăng,",ꪵꪎ꫁ꪫ ꪜꪰꪀ,True
ríu rít,ꪵꪏꪫ ꪵꪏꪫ,False
vạy sử,ꪵꪏꪫ ꪵꪏꪫ,True
húc,ꪵꪏ꪿ꪫ,False
"chừa,",ꪵꪏ꪿ꪫ,True
xót,ꪵꪎꪚ,False
cay,ꪵꪎꪚ,False
đói,ꪵꪎꪚ,False
khát,ꪵꪎꪚ,False
thèm,ꪵꪎꪚ,False
đói lòng,ꪵꪎꪚ ꪕ꫁ꪮꪉ,False
xót ruột,ꪵꪎꪚ ꪕ꫁ꪮꪉ,False
khát sữa,ꪵꪎꪚ ꪮꪴꪀ,False
khát sữa,ꪩꪱꪒ ꪮꪴꪀ,True
xót ruột,ꪵꪎꪚ ꪼꪎ꫁,False
xét,ꪵꪎꪒ,False
xem xét,ꪵꪎꪒ ꪹꪚꪷ꪿ꪉ,False
"xét soi, soi xét",ꪵꪎꪒ ꪔꪱ,False
"xét soi, soi xét",ꪵꪎꪒ ꪶꪙꪣ,True
ngáp cáp soi xét,ꪵꪎꪒ ꪔꪱ,True
"khám xét, lục soát",ꪵꪎꪒ ꪏ꫁ꪱ,False
"khám xét, lục quậy",ꪵꪎꪒ ꪏ꫁ꪱ,True
lệt xệt,ꪵꪏꪒ ꪵꪏꪒ,False
thướt tha,ꪵꪏꪒ ꪵꪏꪒ,False
giỡ tha,ꪵꪏꪒ ꪵꪏꪒ,True
tình tứ,ꪵꪏꪒ ꪵꪏꪒ,False
rón tứ,ꪵꪏꪒ ꪵꪏꪒ,True
vượt tứ,ꪵꪯ ꪵꪏꪒ,True
dáng,ꪹꪎꪸ꪿,False
"dáng bộ, dáng điệu",ꪹꪎꪸ꪿ ꪕꪱꪥ,False
"hoe bộ, dáng phẳng",ꪹꪎꪸ꪿ ꪕꪱꪥ,True
dáng đứng,ꪹꪎꪸ꪿ ꪶꪏꪉ,False
dáng ngồn,ꪹꪎꪸ꪿ ꪶꪏꪉ,True
ủi,ꪹꪎꪸ꫁,False
thân,ꪹꪎꪸꪙ,False
cúng,ꪹꪎꪸꪙ,False
cặp,ꪹꪎꪸꪙ,True
xên cha,ꪹꪎꪸꪙ ꪋ꪿ꪱ,False
giỗ tổ,ꪹꪎꪸꪙ ꪹꪭꪙ,False
giỗ tổ,ꪹꪎꪸꪙ ꪋ꫁ꪱꪙ,True
cúng cầu hồn,ꪹꪎꪸꪙ ꪄꪺꪙ,False
"thô, cầu hồn",ꪹꪎꪸꪙ ꪄꪺꪙ,True
cúng luôn hồn,ꪹꪎꪸꪙ ꪄꪺꪙ,True
cúng bái,ꪹꪎꪸꪙ ꪡꪮꪙ,False
"cúng bĩnh,",ꪹꪎꪸꪙ ꪡꪮꪙ,True
quỵ,ꪹꪎꪸꪙ ꪹꪏꪸ,False
cổi,ꪹꪎꪸꪙ ꪹꪏꪸ,True
lù lù,ꪹꪎꪸꪙ ꪹꪏꪸ,False
"lù tuôn,",ꪹꪎꪸꪙ ꪹꪏꪸ,True
lù lù,ꪹꪫꪱ꪿ ꪹꪏꪸ,True
cúng lễ,ꪹꪎꪸꪙ ꪎ꫁ꪮꪉ,False
"ta, lễ",ꪹꪎꪸꪙ ꪎ꫁ꪮꪉ,True
cúng lễ,ꪝ꫁ꪮꪉ ꪎ꫁ꪮꪉ,True
khấn khứa,ꪹꪎꪸ꫁ꪙ ꪢꪷ,False
vang lừng,ꪹꪏꪸꪉ ꪏ꪿ꪱ,False
giăng lừng,ꪹꪏꪸꪉ ꪏ꪿ꪱ,True
"bùa, bùa bả",ꪹꪎꪸꪒ,False
bàu ngói,ꪹꪎꪸꪒ ꪎꪱꪫ,False
bàu ngói,ꪹꪎꪸꪒ ꪤꪲꪚ,True
tin,ꪹꪏꪸꪒ,False
rày,ꪹꪏꪸꪒ,True
"ngay thẳng, chân tình",ꪹꪏꪸꪒ ꪏꪳ꪿,False
"ngay thẳng, tia tình",ꪹꪒꪀ ꪏꪳ꪿,True
"ngay thẳng, hiền tình",ꪹꪏꪸꪒ ꪏꪳ꪿,True
thìn,ꪎꪲ,False
kì,ꪎꪲ,False
bớt,ꪎꪲ,True
chà,ꪎꪲ,False
giụi,ꪎꪲ,False
kéo,ꪎꪲ,False
trắc,ꪎꪲ,True
màu,ꪎꪲ,False
lựu,ꪎꪲ ꪨꪲ꫁ꪫ,False
văn sáp ong,ꪎꪲ ꪕꪸꪙ,False
văn sáp ong,ꪎꪲ ꪕꪱꪫ,True
tức khắc,ꪎꪲ ꪎꪱ,False
vò,ꪎꪲ ꪎꪷ,False
chã,ꪎꪲ ꪎꪷ,True
bốn,ꪎꪲ꪿,False
"sức,",ꪎꪲ꪿,True
bốn bề,ꪎꪲ꪿ ꪒ꫁ꪱꪙ,False
"bốn phía, bốn bên",ꪎꪲ꪿ ꪠ꪿ꪱꪥ,False
ứng ghềnh bốn bên,ꪎꪲ꪿ ꪠ꪿ꪱꪥ,True
"bốn phía, bốn với",ꪎꪲ꪿ ꪠ꪿ꪱꪥ,True
bốn cạnh,ꪎꪲ꪿ ꪔꪳ꪿ꪉ,False
bốn mươi,ꪎꪲ꪿ ꪎꪲꪚ,False
"giao hợp, giao cấu",ꪎꪲ꫁,False
giao càu giao dụng,ꪎꪲ꫁,True
nhại tiếng,ꪎꪲ꫁ ꪶꪀ꫁ꪙ ꪁꪫꪱꪣ,False
khấn tiếng,ꪬ꪿ꪱꪣ ꪶꪀ꫁ꪙ ꪁꪫꪱꪣ,True
"thời, thì",ꪏꪲ,False
thời gian,ꪏꪲ ꪥ꪿ꪱꪙ,False
sì sụp,ꪏꪲ ꪶꪩꪚ,False
chỉ việc,ꪏꪲ ꪏꪰꪒ,False
mỉm,ꪏꪲ ꪹꪏ꫁ꪥ,False
mỉm,ꪏꪲ ꪏꪾ꫁,True
trừ,ꪏꪲ꫁,False
trừ,ꪝꪰ꫁,True
gạt,ꪎꪸ,False
"ngoạy,",ꪎꪸ,True
mất,ꪎꪸ,False
"giả, trả",ꪎꪸ,False
"giả, hỏn",ꪕ꪿ꪺ,True
đóng,ꪎꪸ,False
đi,ꪎꪸ,False
mất lòng,ꪎꪱꪥ ꪻꪊ,False
mất bát,ꪎꪱꪥ ꪻꪊ,True
tiếc rẻ,ꪎꪸ ꪒꪱꪥ,False
tiếc rẻ,ꪎꪸ ꪠꪱꪒ,True
tiếc rẻ,ꪫꪱꪀ ꪒꪱꪥ,True
luyến tiếc,ꪎꪸ ꪒꪱꪥ,False
khao khát,ꪎꪸ ꪒꪱꪥ,False
phí sức,ꪎꪸ ꪵꪭꪉ,False
"phí, hoài",ꪎꪸ ꪩ꫁ꪱ,False
"phí, hoài",ꪎꪸ ꪔꪸꪣ,True
uổng,ꪎꪸ ꪩ꫁ꪱ,False
go,ꪎꪸ ꪩ꫁ꪱ,True
làm cỏ,ꪎꪸ ꪐ꫁ꪱ,False
làm cỏ,ꪎꪸ ꪬꪳꪚ,True
"địu, đìu",ꪎꪸ꪿,False
"địu, đìu",ꪝꪽ,True
"lẳng xiểm,",ꪎꪸ꪿,True
xóc đĩa,ꪎꪲ꪿ꪀ ꪵꪋꪙ,False
giễu,ꪏꪸ꫁ꪀ,False
phang,ꪏꪸ꫁ꪀ,True
"tị, nạnh",ꪎꪸꪀ,False
thuổng,ꪎꪸꪣ,False
"trang,",ꪎꪸꪣ,True
"đem,",ꪎꪸꪣ,True
xiểm nịnh,ꪎꪸ꫁ꪣ,False
thằn lằn,ꪎꪸ꫁ꪣ ꪀ꪿ꪱ,False
"ngữ, lằn",ꪎꪸ꫁ꪣ ꪀ꪿ꪱ,True
"xúc xiểm, xui xiểm",ꪎꪸ꫁ꪣ ꪎꪷ꪿,False
"chôn xiểm, xui xiểm",ꪎꪸ꫁ꪣ ꪎꪷ꪿,True
dằm,ꪎꪸ꫁ꪙ,False
thớ,ꪎꪸ꫁ꪙ,False
"đèn,",ꪎꪸ꫁ꪙ,True
trang niên,ꪎꪸ꫁ꪙ ꪵꪭꪉ,False
trang nộ,ꪎꪸ꫁ꪙ ꪵꪭꪉ,True
tiếng,ꪎꪸꪉ,False
khinh,ꪎꪸꪉ,True
"giọng, thanh, thanh điệu",ꪎꪸꪉ,False
"giọng, thanh, trúc điệu",ꪎꪸꪉ,True
"giọng, thanh, khoằm, điệu",ꪎꪸꪉ,True
"giọng ồm ồm, giọng trung",ꪎꪸꪉ ꪶꪋ꫁ꪉ,False
"giọng ồm ồm, bọ trung",ꪎꪸꪉ ꪶꪋ꫁ꪉ,True
"giọng, thanh âm",ꪎꪸꪉ ꪁꪷ,False
"giọng, thình, âm",ꪎꪸꪉ ꪁꪷ,True
gọi thanh cáu,ꪎꪸꪉ ꪁꪷ,True
"giọng ngân dài, giọng êm ái",ꪎꪸꪉ ꪻꪥ,False
"phô ngân dài, bên êm ái",ꪎꪸꪉ ꪻꪥ,True
"giọng ngân dài, giọng êm ái",ꪎꪸꪉ ꪶꪯꪩꪒ,True
giọng ngọt ngào,ꪎꪸꪉ ꪹꪤ꫁ꪥ,False
giòn tiếng,ꪎꪸꪉ ꪬꪽ,False
"dòm, tiếng",ꪎꪸꪉ ꪬꪽ,True
giọng rắn rỏi,ꪎꪸꪉ ꪬꪽ,False
"giọng rắn danh,",ꪎꪸꪉ ꪬꪽ,True
tiếng kêu,ꪎꪸꪉ ꪭ꫁ꪮꪉ,False
tiếng dặn,ꪹꪘꪸꪒ ꪭ꫁ꪮꪉ,True
"tiếng gọi, tiếng kêu",ꪎꪸꪉ ꪵꪄꪀ,False
"tiếng sân, tiếng kêu",ꪎꪸꪉ ꪵꪄꪀ,True
"tiếng gọi, ủi kêu",ꪎꪸꪉ ꪵꪄꪀ,True
tiếng động,ꪎꪸꪉ ꪙꪽ,False
tỏa động,ꪎꪸꪉ ꪙꪽ,True
"tiếng vang, tiếng dội",ꪎꪸꪉ ꪔ꫁ꪮꪉ,False
"tiếng vang, tiếng căng,",ꪎꪸꪉ ꪔ꫁ꪮꪉ,True
bói quẻ,ꪎꪸ꪿ꪉ,False
"trong, trong xanh",ꪎꪸ꫁ꪉ,False
nòng trong xanh,ꪀꪱꪙ,True
"thanh, tỏ",ꪎꪸ꫁ꪉ,False
khỏe,ꪎꪸ꫁ꪉ,False
tinh,ꪎꪸ꫁ꪉ,False
thính,ꪎꪸ꫁ꪉ,False
"buông,",ꪎꪸ꫁ꪉ,True
trong sáng,ꪎꪸ꫁ꪉ ꪊꪰꪀ,False
mạnh giỏi,ꪎꪸ꫁ꪉ ꪻꪎ,False
nhả giỏi,ꪎꪸ꫁ꪉ ꪻꪎ,True
xếp,ꪎꪸꪚ,False
ních,ꪎꪸꪚ,False
xếp đống,ꪎꪸꪚ ꪀꪮꪉ,False
"mỉa, mát, rỉa",ꪎꪸꪒ,False
xiết cạnh,ꪎꪸꪒ ꪭꪷ,False
xiết cạnh,ꪎꪸꪒ ꪢꪳ꪿ꪀ,True
"rỉa rói, rỉa ráy",ꪎꪸꪒ ꪭꪷ,False
"dằng, rói, rỉa ráy",ꪎꪸꪒ ꪭꪷ,True
mỉa mai,ꪎꪸꪒ ꪎꪺꪥ,False
thiệt,ꪏꪸꪒ,False
biên,ꪏꪸꪒ,True
thiệt hại,ꪏꪸꪒ ꪭ꫁ꪱꪥ,False
thiệt thòi,ꪏꪸꪒ ꪼꪔ꫁,False
"nấu, cất",ꪎꪸꪫ,False
"nấu, tõm,",ꪎꪸꪫ,True
ấu niên,ꪎꪸꪫ ꪭꪸꪫ,False
ấu niên,ꪎꪸꪫ ꪒꪳ꪿ꪀ,True
kết nghĩa anh em,ꪎꪸ꪿ꪫ,False
bếp nước,ꪎꪲꪀ ꪙꪾ꫁,False
bếp nước,ꪎꪲꪀ ꪬ꪿ꪺꪙ,True
giặm,ꪏꪲꪣ,False
"ngăm,",ꪏꪲꪣ,True
"mắc sim, sơn đôn",ꪏꪲꪣ,False
"mắc sim, khử chuyển:",ꪏꪲꪣ,True
xâm xấp,ꪏꪲꪣ ꪏꪲꪀ,False
xâm xấp,ꪏꪲꪣ ꪏꪩ꪿ꪱꪉ,True
gọt,ꪎꪲꪙ,False
hồng quần,ꪎꪲꪙ ꪁꪺꪙ,False
trơn quần,ꪎꪲꪙ ꪁꪺꪙ,True
xẻo tai,ꪎꪲ꪿ꪙ ꪬꪴ,False
xẻo sanh,ꪎꪲ꪿ꪙ ꪔꪳꪀ,True
ngão tai,ꪁ꪿ꪱꪙ ꪬꪴ,True
"váy, xống",ꪎꪲ꫁ꪙ,False
"váy, hen",ꪎꪲ꫁ꪙ,True
"váy áo, quần áo",ꪎꪲ꫁ꪙ ꪹꪎ꫁,False
"diêm sinh, lưu huỳnh",ꪎꪲꪉ,False
diêm kiễng lưu huỳnh,ꪎꪲꪉ,True
sinh,ꪎꪲꪉ,False
kèo,ꪎꪲꪉ ꪤ꫁ꪺ,False
diêm sinh và diêm tiêu,ꪎꪲꪉ ꪬꪸꪣ,False
diêm sinh và dìa tiêu,ꪵꪫꪫ ꪬꪸꪣ,True
"bạn thân, bằng hữu",ꪎꪲ꪿ꪉ ꪁꪴ꪿,False
bạn xẹo bằng hữu,ꪎꪲ꪿ꪉ ꪁꪴ꪿,True
"bạn thân, gông hữu",ꪎꪲ꪿ꪉ ꪁꪴ꪿,True
gia sản,ꪎꪲ꪿ꪉ ꪄꪮꪉ,False
"gia chốt,",ꪎꪲ꪿ꪉ ꪀꪰꪀ,True
nhện,ꪎꪲ꪿ꪉ ꪎꪱꪫ,False
nhụi,ꪎꪲ꪿ꪉ ꪎꪱꪫ,True
xủng xoảng,ꪏꪲꪉ ꪏꪲꪉ,False
đổ xoảng,ꪏꪲꪉ ꪼꪛ,True
"mười, mươi",ꪎꪲꪚ,False
"mười, rực",ꪎꪲꪚ,True
"xịt, thụt",ꪎꪲꪒ,False
"xịt, gói,",ꪎꪲꪒ,True
thí,ꪎꪲꪒ,False
thí,ꪚꪸ꫁,True
xoẹt,ꪎꪲꪒ,False
xớt,ꪎꪲꪒ,False
suýt,ꪎꪲꪒ ꪵꪎꪫ,False
suýt,ꪎꪲꪒ ꪁ꪿ꪱꪥ,True
vun vút,ꪎꪲꪒ ꪎꪲꪒ,False
vun vút,ꪎꪲꪒ ꪚꪲ,True
phọt,ꪎꪲꪒ ꪎꪲꪒ,False
phọt,ꪝꪾ꪿ ꪎꪲꪒ,True
đục,ꪎꪲ꪿ꪫ,False
đục,ꪶꪕ꫁,True
đục,ꪎꪲ꪿ꪫ,False
lẽo,ꪎꪲ꫁ꪫ,False
tróc,ꪎꪲ꫁ꪫ,True
lẽo quá mất cân xứng,ꪎꪲ꫁ꪫ ꪎꪲꪒ,False
lẽo quá mất cân mét,ꪎꪲ꫁ꪫ ꪎꪲꪒ,True
lẽo quá mất nhấp xứng,ꪎꪲ꫁ꪫ ꪎꪲꪒ,True
mới,ꪎꪨꪱꪀ,False
lạ mắt,ꪎꪨꪱꪀ ꪹꪬꪸꪙ,False
"thường, mắt",ꪁꪩ꪿ꪽ ꪹꪬꪸꪙ,True
lạ miệng,ꪎꪨꪱꪀ ꪀꪲꪙ,False
lạ chỗ,ꪎꪨꪱꪀ ꪣꪱ,False
lạ chỗ,ꪎꪨꪱꪀ ꪡꪴ꫁ꪀ,True
lạ tai,ꪎꪨꪱꪀ ꪉꪲꪙ,False
mấy thuở,ꪎꪨꪱꪀ ꪶꪎꪨꪉ,False
mấy lức,ꪎꪨꪱꪀ ꪶꪎꪨꪉ,True
chà,ꪏꪩꪱꪣ,False
loảng xoảng,ꪏꪩ꪿ꪱꪉ ꪏꪩ꪿ꪱꪉ,False
"loảng chúc,",ꪏꪩ꪿ꪱꪉ ꪏꪩ꪿ꪱꪉ,True
lỏa tỏa,ꪏꪩꪱꪫ ꪫꪱꪫ,False
kiếp tỏa,ꪏꪩꪱꪫ ꪫꪱꪫ,True
ngoắt,ꪏꪩꪰꪀ,False
trề,ꪏꪩꪰꪀ,True
bậm,ꪏꪩꪰꪀ,True
lốc nhốc,ꪎꪨꪾ꪿ ꪏꪩ꪿ꪮꪙ,False
tè nhốc,ꪎꪨꪾ꪿ ꪏꪩ꪿ꪮꪙ,True
"dồn dập, dồn",ꪏꪩꪾ ꪝꪽ,False
"dồn dập, dồn",ꪻꪯ ꪝꪽ,True
"xoà dập, chửng,",ꪏꪩꪾ ꪹꪭꪷꪀ,True
lưng,ꪎꪨꪰꪉ,False
"thành,",ꪎꪨꪰꪉ,True
mu,ꪎꪨꪰꪉ,False
oằn lưng,ꪎꪨꪰꪉ ꪥꪮꪀ,False
xõng lưng,ꪎꪨꪰꪉ ꪏꪳ꪿,False
"lừa, lưng",ꪎꪨꪰꪉ ꪏꪳ꪿,True
thia lia,ꪵꪏꪩꪒ,False
sử lia,ꪵꪏꪩꪒ,True
"nhênh nhang, nhởn nhơ",ꪹꪎꪸꪨꪉ ꪹꪁꪸ꪿ꪉ ꪁ꪿ꪱꪉ,False
"nhênh nhang, nhởn dở",ꪹꪎꪸꪨꪉ ꪹꪁꪸ꪿ꪉ ꪵꪜ꫁ꪉ,True
ráo,ꪹꪎꪸꪨꪒ,False
ráo,ꪄꪲꪙ,True
tinh nghịch,ꪎꪨꪲ꪿ꪀ ꪀꪲ꪿ꪀ ꪀꪮꪀ,False
"tinh gạt,",ꪎꪨꪲ꪿ꪀ ꪀꪲ꪿ꪀ ꪶꪨꪉ,True
tinh lạ,ꪎꪨꪲ꪿ꪀ ꪀꪲ꪿ꪀ ꪀꪮꪀ,True
xóc,ꪏꪩꪲ꫁ꪀ,False
"phúc,",ꪏꪩꪲ꫁ꪀ,True
nhún người,ꪏꪩꪲ꫁ꪀ,False
tuồi,ꪏꪩꪲ꫁ꪀ,False
vụt,ꪎꪨꪲꪒ,False
nhị,ꪏꪩꪷ,False
"hùa, phụ họa",ꪏꪩꪮꪥ,False
"hùa, suối họa",ꪏꪩꪮꪥ,True
may mà,ꪏꪩꪮꪥ,False
may mà,ꪶꪋꪣ,True
thẳng tắp,ꪏꪩꪮꪥ ꪏꪩ꫁ꪮꪥ,False
thẳng tắp,ꪏꪩꪮꪥ ꪕꪽ,True
tong tỏng,ꪏꪩꪮꪀ ꪏꪩꪮꪀ,False
kín tỏng,ꪏꪩꪮꪀ ꪏꪩꪮꪀ,True
tồ tồ,ꪶꪏꪩꪀ ꪶꪏꪩꪀ,False
tồ tồ,ꪶꪏꪩꪀ ꪠꪱꪒ,True
rào rào,ꪶꪏꪩꪚ ꪶꪏꪩꪚ,False
nhập nhoạng,ꪏꪩꪴ꫁ꪣ ꪏꪩ꫁ꪱꪣ,False
bét đoá,ꪏꪩꪴ꫁ꪣ ꪏꪩ꫁ꪱꪣ,True
sẩm tối,ꪏꪩꪴꪚ ꪣꪳꪒ,False
sẩm tối,ꪉꪱꪒ ꪣꪳꪒ,True
tụt,ꪏꪩꪴꪒ,False
"toài, tuồi",ꪏꪩꪴꪒ,False
kiệm xin,ꪏꪩꪴꪒ,True
xúm,ꪎꪨꪳꪚ ꪹꪝꪱ꪿,False
sặc,ꪏꪣꪰꪀ,False
sặc sụa,ꪏꪣꪰꪀ ꪵꪏꪣꪉ,False
nháo nhào,ꪶꪏꪣ꫁ꪙ ꪶꪏꪣ꫁ꪙ,False
tán nhào,ꪶꪏꪣ꫁ꪙ ꪶꪏꪣ꫁ꪙ,True
nhộn nhịp,ꪶꪏꪣ꫁ꪙ ꪶꪏꪣ꫁ꪙ,False
nhộn sóc,ꪶꪏꪣ꫁ꪙ ꪶꪏꪣ꫁ꪙ,True
"vẻ, nhịp",ꪶꪏꪣ꫁ꪙ ꪶꪏꪣ꫁ꪙ,True
nao nao,ꪎꪢꪴ꪿ꪀ ꪎꪢꪴ꪿ꪙ,False
"tinh, nao",ꪎꪢꪴ꪿ꪀ ꪎꪢꪴ꪿ꪙ,True
nao nao,ꪎꪢꪴ꪿ꪀ ꪭꪸ꫁ꪫ,True
rung chuyển: snăn tễng hưỡn: rung chuyển cả nhà,ꪏꪙ꪿ꪽ,False
rung chuyển: giũa tễng hưỡn: rung chuyển cả nhà,ꪏꪙ꪿ꪽ,True
"rung chuyển: loại, tễng hưỡn: rung chuyển cả đùng,",ꪏꪙ꪿ꪽ,True
lộng óc,ꪏꪙ꪿ꪽ ꪵꪮꪀ,False
đỗ óc,ꪏꪙ꪿ꪽ ꪵꪮꪀ,True
ngọ,ꪏꪉ꫁ꪱ,False
ngai,ꪎꪈꪫꪱꪥ,False
"ngai vàng, ngai rồng",ꪎꪈꪫꪱꪥ ꪁꪾ,False
"ngai vàng, ngai hai,",ꪎꪈꪫꪱꪥ ꪁꪾ,True
ngai ngoảng ngai rồng,ꪎꪈꪫꪱꪥ ꪁꪾ,True
lộn nhộn,ꪶꪏꪉ꪿ꪣ ꪶꪏꪉ꪿ꪣ,False
lộn xướng,ꪶꪏꪉ꪿ꪣ ꪶꪏꪉ꪿ꪣ,True
"dữ tợn, hung tợn",ꪏꪉꪳ꫁ ꪏꪉꪰ꪿ꪉ,False
dữ lợn hung tợn,ꪹꪢꪸ꫁ꪙ ꪏꪉꪰ꪿ꪉ,True
xin,ꪎꪷ,False
cơn,ꪎꪷ,True
vái,ꪎꪷ,False
van lơn,ꪎꪷ ꪼꪚ꫁,False
mạn phép,ꪎꪷ ꪣꪱ,False
vái trời,ꪎꪷ ꪡ꫁ꪱ,False
xin lỗi,ꪎꪷ ꪠꪲꪒ,False
van xin,ꪎꪷ ꪫꪱꪙ,False
"danh, xin",ꪎꪷ ꪫꪱꪙ,True
xỏ,ꪎꪷ꫁,False
khép nép,ꪏꪷ꫁ ꪵꪏ꫁,False
khép hì,ꪏꪷ꫁ ꪵꪏ꫁,True
khép nép,ꪏꪷ꫁ ꪠꪽ,True
nheo nhóc,ꪏꪷ꫁ ꪵꪏ꫁,False
xoi,ꪎꪮꪥ,False
gợi,ꪎꪮꪥ,False
soi,ꪎꪮꪥ,False
khíu,ꪎꪮꪥ,False
mét,ꪎꪮꪥ,True
thọng,ꪎ꪿ꪺꪙ,True
gợi ý,ꪎꪮꪥ ꪁꪫꪱꪣ,False
soi đường,ꪎꪮꪥ ꪕꪱꪉ,False
nhoạng đường,ꪹꪜꪸꪉ ꪕꪱꪉ,True
rười rượi,ꪎ꪿ꪮꪥ ꪎ꪿ꪮꪥ,False
lói rượi,ꪎ꪿ꪮꪥ ꪎ꪿ꪮꪥ,True
xà tích,ꪎ꫁ꪮꪥ,False
dây chuyền,ꪎ꫁ꪮꪥ,False
thỏi,ꪎ꫁ꪮꪥ,False
lông vũ ở cổ,ꪏꪮꪥ,False
nhị,ꪏꪮꪥ,False
thái,ꪏꪮꪥ,False
nhau,ꪏꪮꪥ,True
nhị mượt,ꪏꪮꪥ ꪎꪲꪙ,False
diệp mượt,ꪏꪮꪥ ꪎꪲꪙ,True
cùi chỏ,ꪎꪮꪀ,False
lõng,ꪎꪮꪀ,False
dầu khuỷu tay,ꪎꪮꪀ ꪵꪨꪣ,False
đường sá,ꪎꪮꪀ ꪕꪱꪉ,False
tìm,ꪏꪮꪀ,False
chuốc,ꪏꪮꪀ ꪬꪱ,False
chuốc,ꪏꪮꪒ ꪬꪱ,True
tìm tòi,ꪏꪮꪀ ꪎ꪿ꪱꪫ,False
kiếm chác,ꪏꪮꪀ ꪵꪏꪀ,False
kiếm chác,ꪏꪮꪀ ꪔꪱꪣ,True
lần mò,ꪏꪮꪀ ꪵꪏꪀ,False
nhặt,ꪎ꫁ꪮꪣ,False
chuốt,ꪎ꫁ꪮꪣ,False
giặm,ꪎ꫁ꪮꪣ,False
chữa chạy,ꪎ꫁ꪮꪣ ꪵꪜꪉ,False
khuỷu húyt,ꪎ꫁ꪮꪣ ꪵꪜꪉ,True
ngồng non,ꪏꪮꪣ,False
ngồng non,ꪎꪨꪳꪚ,True
ngồng mấy,ꪏꪮꪣ,True
lủi thủi,ꪏꪮꪣ ꪏꪮꪀ,False
"gạo, bự,",ꪡꪴ ꪏꪮꪀ,True
lủi thủi,ꪏꪮꪣ ꪊꪸꪙ,True
thui thủi,ꪏꪮꪣ ꪏꪮꪀ,False
thui thủi,ꪹꪯꪷ꪿ ꪏꪮꪀ,True
giã kĩ,ꪏ꫁ꪮꪣ,False
bắt chước,ꪎꪮꪙ,False
"pha, nhại",ꪎꪮꪙ,False
"pha, nhại",ꪙꪷ,True
răn,ꪎꪮꪙ,False
"dềnh,",ꪎꪮꪙ,True
lố nhố,ꪎꪮꪙ ꪩꪮꪙ,False
dạy dỗ,ꪎꪮꪙ ꪼꪕ꫁,False
giong dỗ,ꪎꪮꪙ ꪼꪕ꫁,True
"cẳng, dỗ",ꪎꪮꪙ ꪼꪕ꫁,True
chột,ꪎ꪿ꪮꪙ,False
chột,ꪹꪅꪸꪀ,True
coi như,ꪎ꪿ꪮꪙ,False
đó,ꪎ꫁ꪮꪙ,False
xúc,ꪎ꫁ꪮꪙ,False
dồn,ꪎ꫁ꪮꪙ,False
lặt,ꪎ꫁ꪮꪙ,True
tập trung,ꪎ꫁ꪮꪙ ꪶꪭꪣ,False
ga trung,ꪎ꫁ꪮꪙ ꪋꪳ꫁,True
thu thập,ꪎ꫁ꪮꪙ ꪶꪭꪣ,False
đơm đó,ꪎ꫁ꪮꪙ ꪼꪏ,False
"đơm cài,",ꪎ꫁ꪮꪙ ꪼꪏ,True
vận hạn,ꪎ꫁ꪮꪙ ꪎꪴꪒ,False
lưa thưa,ꪏꪮꪙ ꪵꪏꪙ,False
lưa thưa,ꪏꪮꪙ ꪶꪡꪒ,True
"lèo tèo, lẻ tẻ",ꪏꪮꪙ ꪵꪏꪙ,False
"lèo tèo, lẻ cheng",ꪻꪐ ꪵꪏꪙ,True
son,ꪏ꪿ꪮꪙ,False
hiên,ꪏ꪿ꪮꪙ,True
xoè,ꪏ꪿ꪮꪙ,True
lồng,ꪏ꫁ꪮꪙ,False
đông đặc,ꪏ꫁ꪮꪙ,False
đàn,ꪏ꫁ꪮꪙ,False
"kết duyên, kết đôi",ꪏ꫁ꪮꪙ ꪁꪴ꪿,False
"hai, đôi",ꪎꪮꪉ,False
"đôi đứa, lứa đôi",ꪎꪮꪉ ꪵꪮ꪿ꪉ,False
"đôi đứa, lứa nhá",ꪎꪮꪉ ꪵꪮ꪿ꪉ,True
lưng chừng,ꪎꪮꪉ ꪀꪱꪉ,False
lưng chừng,ꪁꪺꪙ ꪀꪱꪉ,True
trì thằn,ꪎꪮꪉ ꪀꪱꪉ,True
"đứng giữa, trung lập",ꪎꪮꪉ ꪀꪱꪉ,False
nước đôi,ꪎꪮꪉ ꪀꪱꪉ,False
nước trơn,ꪎꪮꪉ ꪀꪱꪉ,True
dang dở,ꪎꪮꪉ ꪀꪱꪉ,False
hai lòng,ꪎꪮꪉ ꪻꪊ,False
hai rần,ꪎꪮꪉ ꪻꪊ,True
hai chấm,ꪎꪮꪉ ꪊꪾ꫁,False
hai tróng,ꪎꪮꪉ ꪊꪾ꫁,True
đôi bên,ꪎꪮꪉ ꪠ꪿ꪱꪥ,False
đôi bên,ꪢꪳ꪿ ꪠ꪿ꪱꪥ,True
tay đôi,ꪎꪮꪉ ꪔꪷ꪿ ꪎꪮꪉ,False
tay đôi,ꪔꪸꪣ ꪔꪷ꪿ ꪎꪮꪉ,True
đều,ꪎꪮꪉ ꪕꪷ꪿,False
đều,ꪎꪮꪉ ꪶꪀ꫁ꪣ,True
đều,ꪶꪘ꪿ꪙ ꪕꪷ꪿,True
tương đương,ꪎꪮꪉ ꪕꪷ꪿,False
xòa đương,ꪎꪮꪉ ꪕꪷ꪿,True
"đôi ba, và ba",ꪎꪮꪙ ꪎꪱꪣ,False
"đôi ba, đong ba",ꪎꪮꪙ ꪎꪱꪣ,True
tứ tuần,ꪎꪮꪉ ꪏꪱꪫ,False
nhòm,ꪎ꪿ꪮꪉ,False
"buông,",ꪎ꪿ꪮꪉ,True
"ghé mắt, nghé mắt",ꪎ꪿ꪮꪉ,False
mỏng manh,ꪎ꪿ꪮꪉ,False
lép,ꪎ꪿ꪮꪉ,False
mỏng dính,ꪎ꪿ꪮꪉ ꪭꪱꪙ ꪭꪱꪙ,False
mỏng khản,ꪎ꪿ꪮꪉ ꪭꪱꪙ ꪭꪱꪙ,True
thái dương,ꪎ꪿ꪮꪉ ꪡ꫁ꪱ,False
thái dương,ꪏꪱꪥ ꪡ꫁ꪱ,True
giỏ,ꪎ꫁ꪮꪉ,False
giết,ꪎ꫁ꪮꪉ,True
chúc tụng,ꪎ꫁ꪮꪉ ꪊꪴ꪿ꪀ,False
chúc tụng,ꪢꪲꪒ ꪨꪱꪙ,True
kính chúc,ꪎ꫁ꪮꪉ ꪊꪴ꪿ꪀ,False
kính chúc,ꪎ꫁ꪮꪉ ꪶꪗ꫁ꪉ,True
cung chúc,ꪎ꫁ꪮꪉ ꪑꪷ,False
cung nghĩa,ꪎ꫁ꪮꪉ ꪑꪷ,True
lễ nghi cúng bái,ꪎ꫁ꪮꪉ ꪹꪎꪸꪙ,False
lễ nghi cúng vữa,ꪎ꫁ꪮꪉ ꪹꪎꪸꪙ,True
"lễ giả, cúng bái",ꪎ꫁ꪮꪉ ꪹꪎꪸꪙ,True
hát chúc mừng nhân ngày giỗ tổ,ꪎ꫁ꪮꪉ ꪹꪎꪸꪙ,False
hát chúc khay nhân ngày giỗ tổ,ꪎ꫁ꪮꪉ ꪹꪎꪸꪙ,True
"lồ, giá",ꪏꪮꪉ,False
chẵn,ꪏꪮꪉ,False
chẵn lẻ,ꪏꪮꪉ ꪕꪱꪙ,False
dửng,ꪏ꫁ꪮꪉ,False
nhúc nhúc,ꪏ꫁ꪮꪉ,False
chột ba,ꪏ꫁ꪮꪉ,True
"xúm, túm",ꪏ꫁ꪮꪉ ꪘ꫁ꪱ,False
"xúm, tu",ꪏ꫁ꪮꪉ ꪘ꫁ꪱ,True
tua tủa,ꪏ꫁ꪮꪉ ꪶꪎꪨ꪿ꪀ,False
tua tủa,ꪵꪤꪒ ꪶꪎꪨ꪿ꪀ,True
lởm chởm,ꪏ꫁ꪮꪉ ꪶꪎꪨ꪿ꪀ,False
"tàn, lu",ꪎꪮꪚ,False
rụi,ꪎꪮꪚ,False
lỵ,ꪎꪮꪚ,True
vạc,ꪎꪮꪚ,False
rụi,ꪎꪮꪚ ꪹꪠꪱ꪿,False
rụi,ꪯꪰꪀ ꪹꪠꪱ꪿,True
lu mờ,ꪎꪮꪚ ꪹꪎꪱ꫁,False
eng mờ,ꪎꪮꪚ ꪕ꫁ꪱꪣ,True
tàn lụi,ꪎꪮꪚ ꪎ꫁ꪮꪥ,False
"ấm, lụi",ꪎꪮꪚ ꪎ꫁ꪮꪥ,True
tàn lụi,ꪎꪮꪚ ꪁ꪿ꪮꪥ,True
xỏ,ꪎꪮꪒ,False
nhẻ,ꪎꪮꪒ,True
"dốc lòng, dốc chí",ꪎꪮꪒ ꪻꪊ,False
"dốc lòng, sởi chí",ꪎꪮꪒ ꪻꪊ,True
"dốc giảu, dốc chí",ꪎꪮꪒ ꪅꪥ꪿ꪱꪉ,True
dốc sức,ꪎꪮꪒ ꪵꪭꪉ,False
"khiến nghển,",ꪎꪮꪒ ꪠꪮꪉ,True
âu yếm,ꪎꪮꪒ ꪹꪙ꫁,False
âu lúng,ꪎꪮꪒ ꪹꪙ꫁,True
tha,ꪎꪮꪒ ꪎꪱ,False
mọc,ꪎꪮꪒ ꪎꪱ,True
xà xẻo,ꪎꪮꪒ ꪵꪎ꫁,False
"liệng xuống, sà xuống",ꪎꪮꪒ ꪵꪎ꫁ꪫ,False
"liệng xuống, sà xuống",ꪁ꫁ꪺ ꪵꪎ꫁ꪫ,True
quơ,ꪎꪮꪒ ꪎ꫁ꪮꪥ,False
quơ,ꪵꪭꪉ ꪎ꫁ꪮꪥ,True
dốc túi,ꪎꪮꪒ ꪎ꫁ꪮꪥ,False
dốc túi,ꪼꪚ꪿ ꪎ꫁ꪮꪥ,True
mét,ꪏꪮꪒ,False
mây,ꪏꪮꪒ,True
thông,ꪏꪮꪒ,False
xúi,ꪏꪮꪒ,True
thảo luận,ꪶꪎ ꪛꪱꪙ,False
lẫn luận,ꪶꪎ ꪛꪱꪙ,True
"mạn đàm, đàm đạo",ꪶꪎ ꪶꪕ,False
"lìa, đàm, đàm đạo",ꪶꪎ ꪶꪕ,True
"kim đàm, tãi đạo",ꪶꪎ ꪶꪕ,True
hội kiến,ꪶꪎ ꪶꪕ,False
số,ꪶꪎ꪿,False
"sũng,",ꪶꪎ꪿,True
số,ꪶꪎ꪿,False
"số phận, vận mệnh",ꪶꪎ꪿ ꪚꪴꪙ,False
"số phận, vận mệnh",ꪤ꫁ꪱꪙ ꪶꪯ꫁,True
số nhân,ꪶꪎ꪿ ꪶꪁꪚ,False
"lận, nhân",ꪶꪎ꪿ ꪶꪁꪚ,True
thanh nhân,ꪶꪎ꪿ ꪶꪁꪚ,True
"số đỏ, tốt số",ꪶꪎ꪿ ꪒꪲ,False
"số đỏ, dạy số",ꪶꪎ꪿ ꪒꪲ,True
số sạn tốt số,ꪶꪎ꪿ ꪒꪲ,True
số đen,ꪶꪎ꪿ ꪭ꫁ꪱꪥ,False
số đen,ꪹꪕꪸ ꪭ꫁ꪱꪥ,True
manh đen,ꪶꪎ꪿ ꪭ꫁ꪱꪥ,True
số tốt,ꪶꪎ꪿ ꪻꪐ꪿,False
số tốt,ꪶꪎ꪿ ꪖꪾ꫁,True
số không,ꪶꪎ꪿ ꪹꪜꪱ꪿,False
xấu số,ꪶꪎ꪿ ꪮ꪿ꪺꪥ,False
biển số,ꪶꪎ꪿ ꪮ꪿ꪺꪥ,True
"số thừa, số dư",ꪶꪎ꪿ ꪹꪏ,False
sổ,ꪶꪎ꫁,False
gia phả,ꪶꪎ꫁ ꪠꪲ ꪹꪭꪙ,False
gia phả,ꪶꪎ꫁ ꪯꪴ꪿ꪙ ꪹꪭꪙ,True
gia phả,ꪶꪝ꫁ꪙ ꪠꪲ ꪹꪭꪙ,True
sổ sách,ꪶꪎ꫁ ꪎꪱꪙ,False
ào,ꪶꪏ꪿,False
"ào ào, ùm ùm",ꪶꪏ꪿ ꪶꪏ꪿,False
chập chững,ꪶꪏ꫁ꪀ ꪹꪏꪸ꫁ꪀ,False
đánh quay bè,ꪶꪏꪥ,False
đánh quay bè,ꪵꪚ꫁,True
tát,ꪶꪎꪀ,False
đổi chác,ꪶꪏꪀ,False
nhầy nhụa,ꪶꪏꪀ ꪹꪏꪸꪀ,False
"mày, nhụa",ꪶꪏꪀ ꪹꪏꪸꪀ,True
cơi,ꪶꪎꪣ,False
cơi,ꪁꪴ,True
vừa,ꪶꪎꪣ,False
xứng,ꪶꪎꪣ,False
giá phải chăng,ꪶꪎꪣ ꪁ꪿ꪱ,False
giá nhiêu chăng,ꪶꪎꪣ ꪁ꪿ꪱ,True
"bằng lòng, đồng ý",ꪶꪎꪣ ꪻꪊ,False
"bằng lòng, bận ý",ꪶꪎꪣ ꪻꪊ,True
hả long,ꪶꪎꪣ ꪻꪊ,False
hả long,ꪶꪎꪣ ꪀꪲ꪿ꪙ,True
xứng đáng,ꪶꪎꪣ ꪒ꪿ꪱꪉ,False
"xứng dũi,",ꪶꪎꪣ ꪒ꪿ꪱꪉ,True
xứng ù,ꪚ꫁ꪱꪥ ꪒ꪿ꪱꪉ,True
xứng đôi,ꪶꪎꪣ ꪘ꫁ꪱ,False
tương đối,ꪶꪎꪣ ꪝꪷ,False
tương xộn,ꪶꪎꪣ ꪝꪷ,True
tương đối,ꪶꪎꪣ ꪵꪜꪫ,True
vừa phải,ꪶꪎꪣ ꪝꪷ,False
vừa phải,ꪶꪎꪣ ꪄꪸꪙ,True
sờn phải,ꪶꪎꪣ ꪝꪷ,True
tàm tạm,ꪶꪎꪣ ꪝꪷ,False
tàm kài,ꪶꪎꪣ ꪝꪷ,True
x  sồm põ,ꪶꪎꪣ ꪹꪝꪷꪉ,False
x sồm põ,ꪶꪎꪣ ꪹꪝꪷꪉ,True
"sưng, sồm põ",ꪶꪎꪣ ꪹꪝꪷꪉ,True
bình thường,ꪶꪎꪣ ꪹꪝꪷꪉ,False
bình thường,ꪶꪎꪣ ꪶꪯꪥꪒ,True
vun đắp,ꪶꪎꪣ ꪵꪎ꪿ꪉ,False
dùi đắp,ꪶꪎꪣ ꪵꪎ꪿ꪉ,True
à chõm,ꪶꪎꪣ ꪵꪎ꪿ꪉ,True
sánh duyên,ꪶꪎꪣ ꪏ꫁ꪮꪙ,False
sung sướng,ꪶꪎꪣ ꪹꪎ꪿ꪉ,False
sung sướng,ꪶꪎꪣ ꪶꪭ꫁ꪙ,True
chua,ꪶꪎ꫁ꪣ,False
"dưa, dưa chua",ꪶꪎ꫁ꪣ,False
chua loè,ꪶꪎ꫁ꪣ ꪀꪰꪒ,False
"gảy, loè",ꪶꪎ꫁ꪣ ꪀꪰꪒ,True
dưa hành,ꪶꪎ꫁ꪣ ꪬꪮꪣ,False
dưa hành,ꪕꪳ꪿ꪉ ꪬꪮꪣ,True
dưa hành,ꪶꪎ꫁ꪣ ꪖꪳ꪿,True
chua lòm,ꪶꪎ꫁ꪣ ꪭꪳꪙ,False
chua loét,ꪶꪎ꫁ꪣ ꪹꪄꪸꪒ,False
chua loét,ꪶꪎ꫁ꪣ ꪤ꫁ꪮꪙ,True
chua loét,ꪶꪎ꫁ꪣ ꪶꪎꪚꪙ,True
vón vén,ꪶꪎ꫁ꪣ ꪶꪩꪣ,False
vón vén,ꪶꪎ꫁ꪣ ꪹꪠꪷ꫁ꪉ,True
xâu rẩm,ꪶꪎ꫁ꪣ ꪶꪩꪣ,True
dưa cải,ꪶꪎ꫁ꪣ ꪠꪰꪀ,False
dưa cải,ꪶꪎ꫁ꪣ ꪹꪎꪱ꫁,True
dưa thảnh,ꪶꪎ꫁ꪣ ꪠꪰꪀ,True
bồ kết,ꪶꪎ꫁ꪣ ꪜ꪿ꪮꪥ,False
"bồ nghạnh,",ꪼꪎ ꪎꪚꪴ,True
bồ kết,ꪶꪎ꫁ꪣ ꪝꪲꪒ,True
chua ngọt,ꪶꪎ꫁ꪣ ꪪꪱꪙ,False
chua ngọt,ꪶꪎ꫁ꪣ ꪅꪩ꪿ꪮꪉ,True
hằm ngọt,ꪶꪎ꫁ꪣ ꪪꪱꪙ,True
chua me,ꪶꪎ꫁ꪣ ꪵꪎꪉ ꪀꪱ,False
chua me,ꪶꪎ꫁ꪣ ꪜ꪿ꪮꪣ ꪀꪱ,True
chua me,ꪎꪲ꪿ꪀ ꪵꪭ꪿ ꪀꪱ,True
chua giôn giốt,ꪶꪎ꫁ꪣ ꪻꪎ,False
chua giôn giốt,ꪶꪎ꫁ꪣ ꪬꪴ꪿ꪀ,True
quả chua,ꪶꪎ꫁ꪣ ꪎꪸꪫ,False
"quả đen,",ꪶꪎ꫁ꪣ ꪎꪸꪫ,True
ròng ròng,ꪶꪏꪣ ꪶꪏꪣ,False
ròng ròng,ꪶꪏꪣ ꪮꪱꪙ,True
cải,ꪶꪎꪙ,False
"thích,",ꪶꪎꪙ,True
tết,ꪶꪎꪙ,False
"ôi,",ꪶꪎꪙ,True
xôn xao,ꪶꪎꪙ ꪎ꫁ꪱꪫ,False
xôn ꪹꪀ꫁ꪱ,ꪶꪎꪙ ꪎ꫁ꪱꪫ,True
xôn xao,ꪶꪎꪙ ꪬꪨꪴꪀ,True
nhốn nháo,ꪶꪎꪙ ꪎ꫁ꪱꪫ,False
nhốn nháo,ꪁꪾ ꪎ꫁ꪱꪫ,True
rạch nháo,ꪶꪎꪙ ꪎ꫁ꪱꪫ,True
thêu thùa,ꪶꪎꪙ ꪎꪸ꪿ꪫ,False
"thêu bầu,",ꪶꪎꪙ ꪎꪸ꪿ꪫ,True
nườm nượm,ꪶꪎꪙ ꪶꪎꪙ,False
ủi,ꪶꪎ꪿ꪙ,False
kẹc,ꪶꪎ꪿ꪙ,True
ủi,ꪡꪰꪒ,True
gót,ꪶꪎ꫁ꪙ,False
chân cối,ꪶꪎ꫁ꪙ ꪣꪮꪉ,False
chân lận,ꪶꪎ꫁ꪙ ꪣꪮꪉ,True
gót chân,ꪶꪎ꫁ꪙ ꪔꪲꪙ,False
nhá chân,ꪶꪎ꫁ꪙ ꪔꪲꪙ,True
đun,ꪶꪏꪙ,False
khệnh,ꪶꪏꪙ,True
"đấu, cự",ꪶꪏꪙ,False
"đấu, cự",ꪏꪱꪒ,True
tranh đấu,ꪶꪏꪙ ꪋꪲꪉ,False
đun bếp,ꪶꪏꪙ ꪼꪡ,False
đun bếp,ꪝ꪿ꪱꪙ ꪀꪸ꪿ꪫ,True
xông,ꪶꪎꪉ,False
"hối, hối hận",ꪶꪎꪉ,False
"hối, bó hận",ꪶꪎꪉ,True
"hối tiếc, nuối tiếc",ꪶꪎꪉ ꪬꪱ ꪨꪰꪉ,False
"nhỡ tiếc, nuối tiếc",ꪶꪎꪉ ꪬꪱ ꪨꪰꪉ,True
"đơm, tiếc, nuối tiếc",ꪶꪎꪉ ꪬꪱ ꪨꪰꪉ,True
lỗ chỗ,ꪶꪎꪉ ꪶꪩ꪿,False
đưa,ꪶꪎ꪿ꪉ,False
nỏi,ꪶꪎ꪿ꪉ,True
tiễn,ꪶꪎ꪿ꪉ,False
cự,ꪶꪎ꪿ꪉ,True
trả,ꪶꪎ꪿ꪉ,False
"lặng,",ꪶꪎ꪿ꪉ,True
gửi rể,ꪶꪎ꪿ꪉ ꪹꪄꪥ,False
dạng rể,ꪶꪎ꪿ꪉ ꪹꪄꪥ,True
đưa ma,ꪶꪎ꪿ꪉ ꪠꪲ,False
ngùn ngụt,ꪶꪎ꪿ꪉ ꪶꪎ꪿ꪉ,False
ngùn chén,ꪶꪎ꪿ꪉ ꪶꪎ꪿ꪉ,True
"tiễn đưa, tiễn chân",ꪶꪎ꪿ꪉ ꪏꪺꪙ,False
"tiễn chân, tiễn chân",ꪶꪎ꪿ꪉ ꪏꪺꪙ,True
tiễn đưa người thương,ꪶꪎ꪿ꪉ ꪹꪎꪉ,False
tiễn đưa người thương,ꪕꪳ꪿ꪀ ꪹꪎꪉ,True
tiễn đưa người thương,ꪨꪺꪉ ꪹꪎꪉ,True
sững,ꪶꪏꪉ,False
nhịn đói,ꪶꪏꪉ,False
phóc,ꪶꪏꪉ,False
mồm,ꪶꪎꪚ,False
mồm,ꪠꪲꪫ,True
mõm,ꪶꪎꪚ,False
mỏ,ꪶꪎꪚ,False
rẻo,ꪶꪎꪚ,False
rẻo,ꪄꪲ꫁ꪉ,True
dài mồm,ꪶꪎꪚ ꪭꪲ,False
"địu, ngách",ꪶꪎꪚ ꪭꪲ,True
dài mồm,ꪵꪫꪚ ꪭꪲ,True
miệng ăn,ꪶꪎꪚ ꪀꪲꪙ,False
bươu ăn,ꪶꪎꪚ ꪄꪸ꪿ꪙ,True
quai mồm,ꪶꪎꪚ ꪵꪨꪣ,False
quai mồm,ꪶꪎꪚ ꪏꪴ꫁ꪣ,True
hở miệng,ꪶꪎꪚ ꪵꪨꪣ,False
tẽn yêu,ꪶꪎꪚ ꪵꪨꪣ,True
mom sông,ꪶꪎꪚ ꪙꪾ꫁,False
"mồm mép, miệng lưỡi",ꪶꪎꪚ ꪜꪱꪀ,False
"mồm mép, miệng lưỡi",ꪚꪴꪒ ꪜꪱꪀ,True
"mồm giun, miệng dẹt",ꪶꪎꪚ ꪜꪱꪀ,True
mỏm núi,ꪶꪎꪚ ꪝꪴ,False
mỏm núi,ꪹꪋꪷꪚ ꪝꪴ,True
hớt môi,ꪶꪎꪚ ꪝꪳꪙ,False
bò môi,ꪶꪎꪚ ꪝꪳꪙ,True
"trề môi, vều môi",ꪶꪎꪚ ꪖꪰ꪿ꪉ,False
rũ,ꪶꪏꪚ,False
"đĩ,",ꪶꪏꪚ,True
giấc,ꪶꪏꪚ,True
tọp,ꪶꪏꪚ,False
"vụt, đét",ꪶꪎꪒ,False
"vụt, gợi",ꪶꪎꪒ,True
đen đét,ꪶꪎꪒ ꪶꪎꪒ,False
lộp độp,ꪶꪎꪒ ꪶꪎꪒ,False
húp,ꪶꪏꪒ,False
thờ,ꪹꪏꪷ,False
thờ trong dịp tết,ꪹꪏꪷ ꪊꪸꪉ,False
thờ trong cấy tết,ꪄꪳꪙ ꪠꪰꪒ,True
"quay, trong co, tết",ꪹꪏꪷ ꪊꪸꪉ,True
thợ,ꪹꪏꪷ꫁,False
thợ thuyền,ꪹꪏꪷ꫁ ꪋ꪿ꪱꪉ,False
thợ mộc,ꪹꪏꪷ꫁ ꪼꪣ꫁,False
thợ thìn,ꪹꪏꪷ꫁ ꪼꪣ꫁,True
thợ xẻ,ꪹꪏꪷ꫁ ꪜꪱꪒ,False
thợ xẻ,ꪹꪏꪷ꫁ ꪛꪩꪱꪒ,True
"giặc, địch",ꪹꪎꪷ꪿ꪀ,False
giặc cỏ,ꪹꪎꪷ꪿ꪀ ꪢꪱ ꪼꪙ,False
giặc ễnh,ꪵꪮꪚ ꪢꪱ ꪼꪙ,True
giặc giã,ꪹꪎꪷ꪿ꪀ ꪹꪎ,False
"giặc chọc,",ꪹꪎꪷ꪿ꪀ ꪹꪘ,True
chiến tranh,ꪹꪎꪷ꪿ꪀ ꪹꪎ,False
nhào,ꪹꪏꪷꪀ,False
rửa,ꪹꪏꪷꪀ,False
bà,ꪹꪏꪷꪀ,True
nấc,ꪹꪎꪷ-ꪹꪮꪷ꪿ꪀ,False
giặc cỏ,ꪹꪎꪷ꪿ꪀ ꪢꪱ ꪼꪙ,False
"giặc phượu,",ꪹꪎꪷ꪿ꪀ ꪢꪱ ꪼꪙ,True
"thấm, thẩm",ꪹꪎꪷ꪿ꪣ,False
kể vuông,ꪹꪎꪷ꪿ꪣ,True
thấm,ꪹꪎꪷ꪿ꪣ,False
"riêng,",ꪹꪎꪷ꪿ꪣ,True
rờ rẫm,ꪹꪏꪷ꪿ꪣ,False
khởi phát,ꪹꪎꪷꪙ,False
khởi sấu,ꪹꪎꪷꪙ,True
xưng,ꪹꪎꪷꪙ,False
"nhoét,",ꪹꪚꪱ꪿,True
khấp khểnh,ꪹꪏꪷꪙ,False
khấp khểnh,ꪹꪁꪷ꫁ꪙ,True
khấp khểnh,ꪁꪙꪱꪚ,True
xui,ꪹꪏꪷꪙ,False
sàng,ꪹꪎꪷꪉ,False
sàng,ꪹꪎꪷꪉ,False
vang,ꪹꪎꪷ꫁ꪉ,False
suốt,ꪹꪎꪷ꫁ꪉ,True
"đồ,",ꪭꪸꪒ,True
xu,ꪎꪴ,False
thu,ꪎꪴ,False
giật,ꪎꪴ,False
giật,ꪶꪔꪉ,True
đồng xu,ꪎꪴ ꪕꪮꪉ,False
đồng cốt,ꪎꪴ ꪕꪮꪉ,True
hại người,ꪎꪴ ꪶꪔ,False
cưới,ꪎꪴ꪿,False
thết,ꪎꪴ꪿,False
với,ꪎꪴ꪿,False
cùng,ꪎꪴ꪿,False
cài,ꪎꪴ꪿,True
qua gọi,ꪎꪴ꪿,False
nhận gọi,ꪎꪴ꪿,True
"tuân, tuân thủ",ꪎꪴ꪿,False
phục tùng,ꪎꪴ꪿ ꪤ꪿ꪮꪀ,False
cưới xin,ꪎꪴ꪿ ꪬꪱ,False
thiết đãi,ꪎꪴ꪿ ꪬꪱ,False
cúng hồn,ꪎꪴ꪿ ꪄꪺꪙ,False
"cúng lưu,hãm,",ꪎꪴ꪿ ꪄꪺꪙ,True
tuân lệnh,ꪎꪴ꪿ ꪹꪩꪸ꫁ꪉ,False
"vệt, lệnh",ꪎꪴ꪿ ꪎ꪿ꪮꪉ,True
tuân lệnh,ꪵꪤꪚ ꪏꪩꪲ꪿ꪫ,True
kết hôn,ꪎꪴ꪿ ꪠ꫁ꪱ,False
kết hôn,ꪎꪴ꪿ ꪹꪁ꪿ꪥ,True
tuân phép,ꪎꪴ꪿ ꪵꪠꪚ,False
"thăm, phép",ꪎꪴ꪿ ꪵꪠꪚ,True
dùng,ꪎꪴ꫁,False
hay,ꪎꪴ꫁,False
miệng,ꪎꪴ꫁,True
"chỉ,",ꪎꪴ꫁,True
dãi dầu,ꪎꪴ꫁,False
nàn dầu,ꪮꪲꪚ,True
sử dụng,ꪎꪴ꫁ ꪶꪤ꪿ꪉ,False
sử thủa,ꪎꪴ꫁ ꪶꪤ꪿ꪉ,True
ngắm dụng,ꪎꪴ꫁ ꪶꪤ꪿ꪉ,True
dan díu,ꪎꪴ꫁ ꪣꪰꪀ,False
"ịt vụt,",ꪎꪴ꫁ ꪩꪳ꫁ꪙ,True
"sát, díu",ꪎꪴ꫁ ꪣꪰꪀ,True
chung sống,ꪎꪴ꫁ ꪡꪴ꫁ꪀ,False
"ví dụ, thí dụ",ꪎꪴ꫁ ꪹꪏ꪿ꪉ,False
"ví dụ, thí dụ",ꪎꪴ꫁ ꪚꪰꪉ,True
"ví dụ, thí dụ",ꪎꪴ꫁ ꪘ꪿ꪮꪉ,True
ô,ꪏꪴ,False
dù,ꪏꪴ,False
bờm sờm,ꪏꪴ ꪛꪱꪚ,False
"bờm cỏ,",ꪏꪴ ꪛꪱꪚ,True
thua,ꪎꪺ,False
thua,ꪬꪸ꫁,True
chín,ꪎꪴ꪿ꪀ,False
chín dở,ꪎꪴ꪿ꪀ ꪬ꪿ꪱꪣ,False
chín cây,ꪎꪴ꪿ꪀ ꪩꪰꪀ,False
chín trọt,ꪎꪴ꪿ꪀ ꪩꪰꪀ,True
chín cây,ꪎꪴ꪿ꪀ ꪀꪨꪲ꪿ꪀ,True
xanh vỏ đỏ lòng,ꪎꪴ꪿ꪀ ꪩꪰꪀ,False
"chín nẫu, chín rữa",ꪎꪴ꪿ꪀ ꪹꪙꪱ꪿,False
"chín nẫu, rẹo rữa",ꪎꪴ꪿ꪀ ꪹꪙꪱ꪿,True
"chín nục, chín nhũn",ꪎꪴ꪿ꪀ ꪹꪜ꪿ꪥ,False
"chín nục, chín nhệu",ꪎꪴ꪿ꪀ ꪹꪜ꪿ꪥ,True
thoải mái,ꪎꪴ꪿ꪀ ꪎ꪿ꪱꪉ,False
thoải chừng,ꪎꪴ꪿ꪀ ꪎ꪿ꪱꪉ,True
nhiễm trùng,ꪎꪴ꪿ꪀ ꪎꪴ꫁,False
"xui xiểm, dun dủi",ꪎꪴ꪿ꪀ ꪎꪺꪙ,False
"xui xiểm, mụi dủi",ꪎꪴ꪿ꪀ ꪎꪺꪙ,True
"xui cục, dun dủi",ꪎꪴ꪿ꪀ ꪎꪺꪙ,True
"thọc, vục",ꪏꪴ꫁ꪀ,False
"thọc, đáo",ꪏꪴ꫁ꪀ,True
"vập, vằng",ꪏꪴ꫁ꪀ,False
"vập, cạnh",ꪏꪴ꫁ꪀ,True
sục,ꪏꪴ꫁ꪀ,False
sục,ꪶꪝꪙꪀ,True
"quàng, quàng xiên",ꪏꪴ꫁ꪀ ꪏꪴ꪿,False
dụi,ꪏꪴ꫁ꪀ ꪏꪴ꪿,False
vọng,ꪏꪴ꫁ꪀ ꪏꪴ꪿,True
chui rúc,ꪏꪴ꫁ꪀ ꪏꪴ꪿,False
"dúi, chúi",ꪏꪴ꫁ꪀ ꪏꪴꪙ,False
sộc,ꪏꪴ꫁ꪀ ꪏꪴꪙ,False
sộc,ꪏꪴ꫁ꪀ ꪕ꫁ꪱꪥ,True
"xui, đun, ủn, đẩy",ꪎꪴꪥ,False
xui,ꪎꪴ꪿ꪥ,False
xúi quẩy,ꪎꪴ꪿ꪥ ꪀ꫁ꪺꪥ,False
nhấp nháy,ꪎꪴ꪿ꪥ ꪎꪴ꪿ꪥ,False
thụi,ꪏꪴ꫁ꪥ,False
"khóm, bụi",ꪎꪴꪣ,False
"khóm, bụi",ꪹꪕꪱ꫁,True
đống,ꪎꪴꪣ,False
kép,ꪎꪴꪣ,False
chụm,ꪎꪴꪣ,False
"nung, hầm",ꪎꪴꪣ,False
um tùm,ꪎꪴꪣ ꪭꪴꪣ,False
um tùm,ꪵꪜꪘ꫁ꪫ ꪭꪴꪣ,True
nơm,ꪎꪴ꪿ꪣ,False
nơm,ꪝꪸꪉ,True
bồ,ꪎꪴ꪿ꪣ,False
chuỗi,ꪏꪴꪣ,False
hội,ꪏꪴꪣ,False
bạn bầu,ꪏꪴꪣ,False
mùa thụng,ꪏꪴꪣ,True
chúng ta,ꪏꪴꪣ ꪹꪭꪱ,False
chúng tôi,ꪏꪴꪣ ꪄ꫁ꪮꪥ,False
khui tôi,ꪏꪴꪣ ꪄ꫁ꪮꪥ,True
chúng cháu,ꪏꪴꪣ ꪨꪱꪙ,False
chúng noi,ꪏꪴꪣ ꪼꪜ,True
chúng con,ꪏꪴꪣ ꪩꪴꪀ,False
chúng em,ꪏꪴꪣ ꪙ꫁ꪮꪉ,False
chúng tớ,ꪏꪴꪣ ꪠꪴ,False
lờm xờm,ꪏꪴꪣ ꪹꪏꪷꪣ,False
"lờm thìa,",ꪶꪕꪀ ꪹꪏꪷꪣ,True
lờm trương,ꪶꪢ꫁ꪣ ꪹꪏꪷꪣ,True
thum,ꪏꪴ꫁ꪣ,False
lều cỏ,ꪏꪴ꫁ꪣ,False
"lều trút,",ꪏꪴ꫁ꪣ,True
lởm chởm,ꪏꪴ꫁ꪣ ꪎꪰꪉ,False
pha,ꪎꪴꪙ,False
chế,ꪎꪴꪙ,False
lừa,ꪎꪴꪙ,False
mê hoặc,ꪎꪴꪙ,False
mê nhặng,ꪉꪷ꪿,True
xui khiến,ꪎꪴꪙ ꪻꪊ,False
chế thuốc,ꪎꪴꪉ ꪤꪱ,False
chế thuốc,ꪎꪴꪉ ꪁꪴꪚ,True
"xế, kháu",ꪎꪴꪉ ꪣ꫁ꪮꪙ,True
dun,ꪏꪴꪙ,False
cao,ꪎꪴꪉ,False
hẹp,ꪎꪴꪉ,True
cao vút,ꪎꪴꪉ ꪶꪊꪨꪒ,False
cao vút,ꪣ꫁ꪱꪉ ꪶꪊꪨꪒ,True
cao lớn,ꪎꪴꪉ ꪥꪱꪫ,False
cao lớn,ꪶꪄ꪿ꪉ ꪥꪱꪫ,True
thoi,ꪎꪺꪥ,False
xiêu,ꪎꪺꪥ,False
rửa,ꪎ꪿ꪺꪥ,False
"cống, cống nạp",ꪎ꪿ꪺꪥ,False
"cống, bẻ nạp",ꪹꪛꪱ,True
rửa ảnh,ꪎ꪿ꪺꪥ ꪵꪮ꫁ꪉ,False
rửa dòng,ꪁꪰꪒ ꪵꪮ꫁ꪉ,True
rửa tội,ꪎ꪿ꪺꪥ ꪶꪕ꫁ꪥ,False
"rửa gượng,",ꪎ꪿ꪺꪥ ꪶꪕ꫁ꪥ,True
rửa ráy,ꪎ꪿ꪺꪥ ꪎꪲ,False
thuần phục,ꪎ꪿ꪺꪥ ꪎꪲꪙ,False
thuôn,ꪎ꫁ꪺꪥ,False
da,ꪎ꫁ꪺꪥ,True
ngủ gật,ꪏꪺꪥ ꪙꪮꪙ,False
gọi mèn,ꪏꪺꪥ ꪔ꪿ꪱꪙ,True
thuốc nổ,ꪎꪺꪀ,False
thuốc nổ,ꪼꪕ,True
súc,ꪏꪺꪀ,False
đao,ꪏꪺꪀ,False
cắm phập,ꪏꪺꪀ,False
cắm phập,ꪁꪩꪲ꪿ꪫ,True
khuê phòng,ꪎ꫁ꪺꪣ,False
vườn,ꪎꪺꪙ,False
vườn tược,ꪎꪺꪙ ꪹꪭꪀ,False
vườn cây ăn quả,ꪎꪺꪙ ꪢꪱꪀ,False
vườn cây ăn chín,ꪎꪺꪙ ꪢꪱꪀ,True
tự lực,ꪎ꪿ꪺꪙ,False
nhất quyết,ꪎ꪿ꪺꪙ,False
"tự chủ, độc lập",ꪎ꪿ꪺꪙ ꪹꪊꪱ꫁,False
"co chủ, độc giáp",ꪎ꪿ꪺꪙ ꪹꪊꪱ꫁,True
"tự chủ, độc kịp",ꪎ꪿ꪺꪙ ꪗ꪿ꪱꪙ,True
tự trị,ꪎ꪿ꪺꪙ ꪒꪱ,False
tự quyết,ꪎ꪿ꪺꪙ ꪵꪔ꪿ꪉ,False
tự sập,ꪎ꪿ꪺꪙ ꪵꪔ꪿ꪉ,True
lộn,ꪏꪺꪙ,False
giấu,ꪏ꪿ꪺꪙ,False
giấu,ꪊꪳꪉ,True
quần,ꪎ꫁ꪺꪉ,False
"quần đùi, quần sóc",ꪎ꫁ꪺꪉ ꪀ꫁ꪮꪣ,False
quần xát quần sóc,ꪵꪬ꪿ ꪀ꫁ꪮꪣ,True
quần dạ,ꪎ꫁ꪺꪉ ꪶꪄꪙ,False
"đùa, dạ",ꪎ꫁ꪺꪉ ꪶꪄꪙ,True
"quần ngó,",ꪎ꫁ꪺꪉ ꪶꪄꪙ,True
quần ta,ꪎ꫁ꪺꪉ ꪼꪕ,False
Hợi ta,ꪎ꫁ꪺꪉ ꪼꪕ,True
quần áo,ꪎ꫁ꪺꪉ ꪹꪎ꫁,False
"giô, gồ",ꪎꪺꪒ,False
"giô, giậm,",ꪼꪕ,True
lò gồ,ꪎꪺꪒ,True
trố,ꪎꪺꪒ,False
bươu,ꪎꪺꪒ,False
"ắp, ụ, đầy ắp",ꪎꪺꪒ,False
"ắp, ụ, phấn ắp",ꪎꪺꪒ,True
đầy phè,ꪎꪺꪒ ꪵꪠ꪿,False
trưa phè,ꪎꪺꪒ ꪵꪠ꪿,True
"đầy lùm, đầy tú ụ",ꪎꪺꪒ ꪜꪨꪴ꪿,False
đầy bom đầy tú ụ,ꪎꪺꪒ ꪜꪨꪴ꪿,True
"đầy lùm, đầy tú ụ",ꪎꪺꪒ ꪘꪸ,True
thụt,ꪎꪴꪚ,False
hút,ꪎꪴꪚ,False
sùi sụt,ꪏꪴꪚ ꪏꪴꪚ,False
cờ sụt,ꪏꪴꪚ ꪏꪴꪚ,True
cùng,ꪎꪴꪒ,False
tận,ꪎꪴꪒ,False
"beo,",ꪎꪴꪒ,True
"mãn, trót",ꪎꪴꪒ,False
vùng trót,ꪎꪴꪒ,True
"lụn,mạt",ꪎꪴꪒ,False
"tột đỉnh, tột",ꪎꪴꪒ,False
nhất,ꪎꪴꪒ,False
nhất,ꪶꪀꪥ,True
ngang,ꪎꪴꪒ,False
sà,ꪎꪴꪒ,True
"mãn đời, trọn đời",ꪎꪴꪒ ꪋ꪿ꪺ,False
"mãn đời, trọn đời",ꪎꪴꪒ ꪹꪨꪷꪀ,True
đủ chiều dài,ꪎꪴꪒ ꪤꪸꪒ,False
"đủ gạt, dài",ꪎꪴꪒ ꪤꪸꪒ,True
cạm chiều dài,ꪎꪴꪒ ꪤꪸꪒ,True
từ gốc đến ngọn,ꪎꪴꪒ ꪭꪺꪒ,False
"từ gốc đến muốn,",ꪎꪴꪒ ꪭꪺꪒ,True
tận cùng,ꪎꪴꪒ ꪭꪺꪒ,False
tia phập,ꪎꪴꪒ ꪭꪺꪒ,True
hết nước,ꪎꪴꪒ ꪩꪺꪉ,False
"hết xủi,",ꪎꪴꪒ ꪩꪺꪉ,True
"quá chừng, ghê",ꪎꪴꪒ ꪡ꫁ꪱ,False
quá nhược ghê,ꪎꪴꪒ ꪡ꫁ꪱ,True
"ngất trời, ngất",ꪎꪴꪒ ꪡ꫁ꪱ,False
"ngất nội, ngọn",ꪎꪴꪒ ꪡ꫁ꪱ,True
nhất hạng,ꪎꪴꪒ ꪡ꫁ꪱ,False
"nhất lễ,",ꪎꪴꪒ ꪡ꫁ꪱ,True
"bấm, hạng",ꪎꪴꪒ ꪡ꫁ꪱ,True
"phải biết, ra phết",ꪎꪴꪒ ꪡ꫁ꪱ,False
"phải biết, ra pin",ꪎꪴꪒ ꪡ꫁ꪱ,True
"phải biết, ra phết",ꪶꪀ꫁ꪙ ꪡ꫁ꪱ,True
cùng trời,ꪎꪴꪒ ꪡ꫁ꪱ,False
lói trời,ꪕ꫁ꪱꪫ ꪡ꫁ꪱ,True
"rút, trời",ꪎꪴꪒ ꪡ꫁ꪱ,True
tận cùng,ꪎꪴꪒ ꪠꪷ꪿,False
từ đầu chí cuối,ꪎꪴꪒ ꪜꪲꪒ,False
"từ lúa, chí cuối",ꪎꪴꪒ ꪋ꪿ꪱꪣ,True
cụn,ꪎꪴꪒ ꪜꪲꪒ,False
quá lời,ꪎꪴꪒ ꪁꪫꪱꪣ,False
quá gậm,ꪎꪴꪒ ꪁꪫꪱꪣ,True
tận cùng,ꪎꪴꪒ ꪕꪲ꪿,False
hết đất,ꪎꪴꪒ ꪕꪲ꪿,False
hết quát,ꪎꪴꪒ ꪕꪲ꪿,True
"tuyệt, tuyệt vời",ꪎꪴꪒ ꪕꪲ꪿,False
bờ bến,ꪎꪴꪒ ꪕꪴꪙ,False
sa sút,ꪎꪴꪒ ꪎ꫁ꪺꪥ,False
rỏi cấp,ꪎꪴꪒ ꪎ꫁ꪺꪥ,True
lụn bại,ꪎꪴꪒ ꪎ꫁ꪺꪥ,False
toán bại,ꪎꪴꪒ ꪎ꫁ꪺꪥ,True
lụn bại,ꪎꪴꪒ ꪹꪨꪷꪀ,True
thụt,ꪏꪴꪒ,False
nền,ꪏꪴꪒ,True
lụt,ꪏꪴꪒ,False
lụt,ꪁ꫁ꪱꪥ,True
sụt,ꪏꪴꪒ,False
xọc,ꪏꪴꪒ,False
chữ,ꪎꪳ,False
chữ,ꪜꪸ꪿ꪫ,True
thư,ꪎꪳ,False
thư nặc danh,ꪎꪳ ꪶꪨꪉ,False
bàu nặc chẹo,ꪛꪺꪙ ꪶꪨꪉ,True
thư nặc danh,ꪬꪮꪒ ꪶꪨꪉ,True
chữ,ꪎꪳ ꪵꪔ꫁ꪣ,False
bai,ꪎꪳ ꪵꪔ꫁ꪣ,True
"thư  từ, thư tín",ꪎꪳ ꪎꪱꪙ,False
"thư từ, thư tín",ꪎꪳ ꪡꪲ,True
"thư từ, ngoắt tín",ꪎꪳ ꪎꪱꪙ,True
chữ nghĩa,ꪎꪳ ꪎꪱꪙ,False
chữ nghĩa,ꪵꪜ꪿ꪣ ꪎꪱꪙ,True
tô nghĩa,ꪎꪳ ꪎꪱꪙ,True
"văn tự, chữ viết",ꪎꪳ ꪎꪱꪙ,False
"cái,  nái",ꪎꪳ꪿,False
"cái, rơi,",ꪋꪳꪀ,True
"cái, nái",ꪎꪳ꪿,True
"nài, nài nỉ, nằn nỉ, năn nỉ",ꪎꪳ꪿,False
"vòi, vòi vĩnh",ꪎꪳ꪿,False
"mai mối, mối lái",ꪎꪳ꪿ ꪩ꪿ꪱꪣ,False
mai ứ mối lái,ꪎꪳ꪿ ꪩ꪿ꪱꪣ,True
"mai mối, mối lái",ꪎꪳ꪿ ꪁꪴ꫁ꪣ,True
xử,ꪎꪳ꫁,False
xử,ꪕ꪿ꪮꪉ,True
xử án,ꪎꪳ꫁ ꪮ꪿ꪱꪙ,False
xử á,ꪎꪳ꫁ ꪮ꪿ꪱꪙ,True
sao,ꪏꪳ,False
"lẽ gì, lẽ nào",ꪏꪳ,False
"lẽ gì, lẽ bậy",ꪏꪳ,True
lẽ mổ lẽ tịch,ꪏꪳ,True
làm sao,ꪏꪳ ꪻꪒ,False
"làm ơ,",ꪏꪳ ꪻꪒ,True
thể nào,ꪏꪳ ꪻꪒ,False
thể nào,ꪏꪳ ꪔꪴ꪿ꪀ,True
thể phếch,ꪏꪳ ꪒꪾ꪿,True
thẳng,ꪏꪳ꪿,False
thẳng thắn,ꪏꪳ꪿,False
"ngay, ngay thẳng",ꪏꪳ꪿,False
"ngay, thưa thẳng",ꪏꪳ꪿,True
thẳng thừng,ꪏꪳ꪿ ꪊꪰꪀ,False
thẳng thừng,ꪹꪬꪷꪚ ꪊꪰꪀ,True
thẳng đuỗn,ꪏꪳ꪿ ꪹꪊꪸꪒ꪿ꪀ,False
thẳng đuỗn,ꪏꪳ꪿ ꪶꪒ,True
chuốt đuỗn,ꪏꪳ꪿ ꪹꪊꪸꪒ꪿ꪀ,True
"đứ đừ, đứ",ꪏꪳ꪿ ꪹꪊꪸꪒ꪿ꪀ,False
thẳng băng,ꪏꪳ꪿ ꪨꪲ꪿ꪫ ꪨꪲ꪿ꪫ,False
thẳng đều,ꪏꪳ꪿ ꪙꪸꪙ ꪙꪸꪙ,False
"ềnh, đều",ꪏꪳ꪿ ꪙꪸꪙ ꪙꪸꪙ,True
thẳng tắp,ꪏꪳ꪿ ꪠ꪿ꪽ,False
thẳng lỡ,ꪠꪰ꪿ꪉ ꪠ꪿ꪽ,True
"hổ, hùm, beo",ꪹꪎ,False
"ươn hùm, beo",ꪹꪎ,True
"hổ, hùm",ꪹꪎ ꪶꪋ꪿ꪉ,False
"hổ, hùm",ꪏꪷ꫁ ꪶꪋ꪿ꪉ,True
"báo, beo",ꪹꪎ ꪅꪴꪒ,False
"báo, beo",ꪹꪎ ꪹꪠꪱ꫁,True
"báo vằn, beo vằn",ꪹꪎ ꪩꪱꪥ ꪵꪋꪙ,False
"báo vằn, beo vằn",ꪹꪎ ꪩꪱꪥ ꪹꪚꪙ,True
báo vằn da mèo,ꪹꪎ ꪵꪣꪫ,False
báo nhỏ biết trèo cây,ꪹꪎ ꪶꪙ꫁ꪀ,False
nghèo nhỏ biết trèo cây,ꪹꪎ ꪎꪸ꫁ꪣ,True
mé nhỏ biết trèo cây,ꪹꪎ ꪶꪙ꫁ꪀ,True
"hùm beo, hổ báo",ꪹꪎ ꪎꪱꪉ,False
"hùm beo, hổ báo",ꪪꪲ ꪎꪱꪉ,True
"đệm, nệm",ꪹꪎ꪿,False
"đệm, nhoáng",ꪹꪖꪷꪨꪒ,True
chăn đệm,ꪹꪎ꪿ ꪡꪱ,False
áo,ꪹꪎ꫁,False
áo khoác,ꪹꪎ꫁ ꪚꪲꪉ,False
áo khoác,ꪹꪎ꫁ ꪒꪱꪫ,True
áo dài của nam,ꪹꪎ꫁ ꪋꪱꪥ,False
áo dài của ngự,ꪹꪎ꫁ ꪋꪱꪥ,True
"áo chọe, của nam",ꪹꪎ꫁ ꪋꪱꪥ,True
"áo cỏm, áo cóm",ꪹꪎ꫁ ꪀ꫁ꪮꪣ,False
"hôi cỏm, áo cóm",ꪹꪎ꫁ ꪀ꫁ꪮꪣ,True
áo sợi,ꪹꪎ꫁ ꪤꪳꪒ,False
áo sợi,ꪹꪎ꫁ ꪀꪔꪴ꪿ꪙ,True
"áo cấp,",ꪹꪎ꫁ ꪤꪳꪒ,True
áo dạ,ꪹꪎ꫁ ꪶꪄꪙ,False
áo lót,ꪹꪎ꫁ ꪨꪮꪒ,False
áo giời,ꪹꪎ꫁ ꪨꪮꪒ,True
áo đóng,ꪹꪎ꫁ ꪨꪮꪒ,True
áo trấn thủ,ꪹꪎ꫁ ꪵꪣ꫁ꪙ,False
áo trấn khênh,ꪹꪎ꫁ ꪵꪣ꫁ꪙ,True
áo bông,ꪹꪎ꫁ ꪹꪣꪸꪙ,False
áo bông,ꪹꪎ꫁ ꪨꪱꪀ,True
áo bông,ꪵꪀ꪿ꪙ ꪹꪣꪸꪙ,True
"vỏ gối, áo gối",ꪹꪎ꫁ ꪢꪮꪙ,False
vỏ quấy áo gối,ꪹꪎ꫁ ꪢꪮꪙ,True
"vỏ gối, áo gió",ꪹꪎ꫁ ꪢꪮꪙ,True
áo dài của nữ giới,ꪹꪎ꫁ ꪑꪲꪉ,False
áo dài tận nữ giới,ꪶꪙ꪿ꪥ ꪚ꪿ꪮꪙ,True
áo xống,ꪹꪎ꫁ ꪠ꫁ꪱ,False
áo xống,ꪶꪀꪔꪚ ꪠ꫁ꪱ,True
áo mưa,ꪹꪎ꫁ ꪶꪠꪙ,False
sô gai,ꪹꪎ꫁ ꪶꪕ꫁ꪀ,False
thừa,ꪹꪏ,False
thừa,ꪹꪋꪸ꫁ꪙ,True
"dôi, dư",ꪹꪏ,False
hỡn,ꪹꪏ,False
sống sót,ꪹꪏ ꪔꪱꪥ,False
sống khoác,ꪹꪏ ꪵꪫ꪿,True
"sống kiêm,",ꪹꪏ ꪔꪱꪥ,True
thừa mứa,ꪹꪏ ꪹꪔꪷꪨ꪿ꪙ,False
sức,ꪎꪳ꪿ꪀ,False
nức nở,ꪎꪳ-ꪮꪳ꪿ꪀ ꪎꪳ-ꪮꪳꪙ,False
kia,ꪏꪳꪙ,False
khen,ꪎꪳꪉ,False
khoe mẽ,ꪎꪳꪉ ꪣꪷ꪿,False
khoe mẽ,ꪎꪳꪉ ꪤꪷ꫁,True
ca tụng,ꪎꪳꪉ ꪐ꫁ꪱꪥ,False
ca tụng,ꪎꪳꪉ ꪹꪉꪷꪚ,True
"khen ngợi, ca ngợi",ꪎꪳꪉ ꪑ꫁ꪮꪉ,False
càu cạu,ꪎꪳꪉ ꪕꪳ꫁ꪉ,False
càu cạu,ꪎꪳꪉ ꪶꪣꪣ,True
tươi tắn,ꪹꪎꪥ ꪹꪭꪥ,False
chúm chím,ꪹꪏ꫁ꪥ ꪹꪏ꫁ꪥ,False
"cứt, chím",ꪹꪏ꫁ꪥ ꪹꪏ꫁ꪥ,True
rộ,ꪹꪎꪙ ꪹꪕꪙ,False
rộ,ꪹꪎꪙ ꪡꪳꪒ,True
rộ,ꪹꪎꪙ ꪡꪴꪀ,True
yêu thương,ꪹꪎꪉ,False
vui sướng,ꪹꪎꪉ,False
thương yêu,ꪹꪎꪉ ꪮꪸꪫ,False
thương tiếc,ꪹꪎꪉ ꪔꪸꪀ,False
đan tiếc,ꪹꪎꪉ ꪔꪸꪀ,True
thương bế,ꪁꪫꪱꪉ ꪔꪸꪀ,True
thương nhớ,ꪹꪎꪉ ꪔꪸꪀ,False
thương trễ,ꪹꪎꪉ ꪔꪸꪀ,True
sướng,ꪹꪎ꪿ꪉ,False
sướng tai,ꪹꪎ꪿ꪉ ꪬꪴ,False
sướng tai,ꪀꪒꪲꪒ ꪬꪴ,True
sướng thân,ꪹꪎ꪿ꪉ ꪣꪷ꪿,False
sướng mắt,ꪹꪎ꪿ꪉ ꪔꪱ,False
sướng tầng,ꪹꪎ꪿ꪉ ꪔꪱ,True
sướng mắt,ꪹꪎ꪿ꪉ ꪁ꪿ꪫꪱ,True
sướng miệng,ꪹꪎ꪿ꪉ ꪶꪎꪚ,False
nhuần miệng,ꪹꪎ꪿ꪉ ꪵꪊ꪿ꪙ,True
thưởng,ꪹꪎ꫁ꪉ,False
như,ꪹꪏꪉ,False
như thế nào,ꪹꪏꪉ ꪻꪒ,False
"như giẻ, nào",ꪹꪏꪉ ꪻꪒ,True
thanh thế nào,ꪹꪏꪉ ꪻꪒ,True
như thế,ꪹꪏꪉ ꪙ꫁ꪽ,False
"như vậy, vậy",ꪹꪏꪉ ꪙ꫁ꪽ,False
"gần vậy, vậy",ꪢꪲꪙ ꪙ꫁ꪽ,True
"như vậy, tới",ꪹꪏꪉ ꪙ꫁ꪽ,True
"tươi tỉnh, tỉnh như hoa",ꪹꪏꪒ ꪹꪏ꫁ꪥ,False
tươi óng tỉnh như hoa,ꪹꪏꪒ ꪹꪏ꫁ꪥ,True
yểu điệu,ꪹꪏꪒ ꪹꪏꪒ,False
yểu điệu,ꪹꪏꪒ ꪩ꪿ꪽ,True
nối,ꪎꪳꪚ,False
khám,ꪎꪳꪚ,True
tiếp,ꪎꪳꪚ,False
kế,ꪎꪳꪚ,False
kế,ꪯꪳ꫁ꪉ,True
kế,ꪶꪯꪚ,True
hít,ꪎꪳꪚ,False
"sầu,",ꪮ꫁ꪺꪥ,True
khịt,ꪎꪳꪚ,False
khịt,ꪐꪾ꫁,True
tập,ꪎꪳꪚ,True
"tiếp đến, kế đến",ꪎꪳꪚ ꪭꪮꪒ,False
"tiếp đến, váng, đến",ꪁꪷ ꪭꪮꪒ,True
noi gót,ꪎꪳꪚ ꪙꪾ,False
noi tè,ꪎꪳꪚ ꪙꪾ,True
noi ơn,ꪎꪳꪚ ꪙꪾ,True
"kế nghiệp, nối nghiệp",ꪎꪳꪚ ꪹꪉꪸ,False
nối tiếp,ꪎꪳꪚ ꪔꪱꪣ,False
nối tiếp,ꪶꪩ꫁ꪙ ꪔꪱꪣ,True
kế tục,ꪎꪳꪚ ꪔꪱꪣ,False
kế vị,ꪎꪳꪚ ꪹꪕꪸꪙ,False
kế vị,ꪯꪳ꪿ ꪹꪕꪸꪙ,True
chắp nối,ꪎꪳꪚ ꪔꪷ꪿,False
chắp nối,ꪉꪱꪚ ꪔꪷ꪿,True
chắp vá,ꪎꪳꪚ ꪔꪷ꪿,False
kế tiếp,ꪎꪳꪚ ꪔꪷ꪿,False
"nối dõi, nối dòng",ꪎꪳꪚ ꪎꪱꪥ,False
"nối dõi, nối lình,",ꪎꪳꪚ ꪎꪱꪥ,True
"nối dõi, nối nhổ",ꪎꪳꪚ ꪎꪱꪥ,True
kế thế,ꪎꪳꪚ ꪎꪱꪥ,False
mồi thế,ꪎꪳꪚ ꪎꪱꪥ,True
chắp nối,ꪎꪳꪚ ꪎ꫁ꪮꪙ,False
xù,ꪐꪱ,False
dựng,ꪐꪱ,False
tan,ꪐ꪿ꪱ,False
tan,ꪒ꫁ꪽ,True
thôi,ꪐ꪿ꪱ,False
đầy cữ,ꪐ꪿ꪱ ꪼꪡ,False
đầy cữ,ꪐ꪿ꪱ ꪠꪱꪀ,True
cỏ,ꪐ꫁ꪱ,False
"gianh, tranh",ꪐ꫁ꪱ,False
"gianh, tranh",ꪔꪲ꪿,True
"cỏ gianh, cỏ tranh",ꪐ꫁ꪱ ꪁꪱ,False
"cỏ gianh, cỏ tranh",ꪐ꫁ꪱ ꪜ꫁ꪱ,True
cỏ mần trầu,ꪐ꫁ꪱ ꪬꪴꪒ,False
"xẹp, mần trầu",ꪐ꫁ꪱ ꪬꪴꪒ,True
cot may,ꪐ꫁ꪱ ꪄꪫꪱꪀ,False
cot bóng,ꪐ꫁ꪱ ꪄꪫꪱꪀ,True
cỏ gấu,ꪐ꫁ꪱ ꪶꪄꪙ ꪢꪴ,False
thiệu díu,ꪐ꫁ꪱ ꪶꪄꪙ ꪢꪴ,True
cỏ lưỡi trâu,ꪐ꫁ꪱ ꪵꪝꪒ,False
cỏ gà,ꪐ꫁ꪱ ꪪꪱꪥ,False
cỏ lác,ꪐ꫁ꪱ ꪪꪰꪉ,False
"đừng, chớ",ꪑꪱ,False
chớ nên,ꪑꪱ ꪩꪮꪙ,False
phốc,ꪵꪑ꫁ꪀ,False
hạch,ꪵꪑ꫁ꪀ,True
"bổng, bỗng",ꪵꪑ꫁ꪀ,False
"bổng, phệt,",ꪵꪑ꫁ꪀ,True
tán dương,ꪐ꫁ꪱꪥ,False
vỡ,ꪑ꪿ꪱꪥ,False
xong,ꪑ꪿ꪱꪥ,True
rời,ꪑ꪿ꪱꪥ,False
rời,ꪵꪨ꪿ꪉ,True
chành bành,ꪑ꪿ꪱꪥ,False
bè bè,ꪑ꪿ꪱꪥ ꪹꪚꪸꪊꪀ,False
bẹp dúm,ꪑ꪿ꪱꪥ ꪹꪛꪸꪑ꫁,False
rời,ꪑ꪿ꪱꪥ ꪑꪺꪀ,False
bục,ꪑ꪿ꪱꪥ ꪹꪡꪸ꫁ꪉ,False
vương,ꪑ꪿ꪱꪥ ꪹꪡꪸ꫁ꪉ,True
"dời, di, chuyển di chuyển",ꪑ꫁ꪱꪥ,False
"dời, di, chuyển múp chuyển",ꪑ꫁ꪱꪥ,True
"dời, di, dí, di chuyển",ꪀꪲ꫁ꪣ,True
nẻ,ꪑꪱꪀ,False
sứt,ꪑꪱꪀ,False
rạn,ꪑꪱꪀ,False
rạn,ꪎꪱꪥ,True
chớp,ꪑꪱꪀ,False
tản,ꪑꪱꪀ,False
oan,ꪐꪱꪣ,False
"uổng, uổng phí",ꪐꪱꪣ,False
quen,ꪐ꫁ꪱꪣ,False
quen thói,ꪐ꫁ꪱꪣ,False
quen mui,ꪐ꫁ꪱꪣ ꪅꪷ꪿,False
quen hây,ꪐ꫁ꪱꪣ ꪅꪷ꪿,True
mê tít,ꪐ꫁ꪱꪣ ꪅꪷ꪿,False
ngọ tít,ꪐ꫁ꪱꪣ ꪅꪷ꪿,True
quen thói,ꪐ꫁ꪱꪣ ꪹꪅꪷꪥ,False
quen thói,ꪅ꫁ꪽ ꪹꪅꪷꪥ,True
quen thân,ꪐ꫁ꪱꪣ ꪣꪷ꪿,False
quen nết,ꪐ꫁ꪱꪣ ꪣꪷ꪿,False
"cha, nết",ꪐ꫁ꪱꪣ ꪣꪷ꪿,True
quen thụp,ꪐ꫁ꪱꪣ ꪣꪷ꪿,True
mùa,ꪑꪱꪣ,False
"thuở, thời",ꪑꪱꪣ,False
"mùa nóng, mùa nực",ꪑꪱꪣ ꪭ꫁ꪮꪙ,False
"mùa lăng, mùa nực",ꪑꪱꪣ ꪭ꫁ꪮꪙ,True
mùa lạnh,ꪑꪱꪣ ꪘꪱꪫ,False
mùa rờ,ꪶꪏꪥ ꪘꪱꪫ,True
lởm chởm,ꪑ꪿ꪱꪣ ꪑꪲ꪿ꪣ,False
"bừa bộn, tạp nham",ꪑ꪿ꪱꪣ ꪑꪺꪀ,False
"nham nhở, nham nham",ꪑ꪿ꪱꪣ ꪑꪺꪀ,False
"nham nhở, nham nham",ꪔꪎ꪿ꪮꪥ ꪑꪺꪀ,True
"nham nhở, nham nham",ꪑ꪿ꪱꪣ ꪠꪸꪙ,True
nhoe nhoét,ꪑ꪿ꪱꪣ ꪑꪺꪀ,False
"thô, sẩn",ꪐ꪿ꪱꪙ,False
"thô, vắng",ꪐ꪿ꪱꪙ,True
nhãn,ꪑ꫁ꪱꪙ,False
bơn,ꪑ꫁ꪱꪙ,True
"quại,",ꪑ꫁ꪱꪙ,True
"bù, xợp",ꪐꪱꪉ,False
nườm giăng,ꪐꪱꪉ,True
bước,ꪑ꪿ꪱꪉ,False
phơ,ꪑ꪿ꪱꪉ,True
bước,ꪹꪕꪸꪀ,True
rảo bước,ꪑ꪿ꪱꪉ ꪑ꫁ꪱꪥ,False
rảo bếnh,ꪑ꪿ꪱꪉ ꪑ꫁ꪱꪥ,True
đi chân,ꪑ꪿ꪱꪉ ꪕꪱꪉ,False
đi chân,ꪹꪭꪷꪥ ꪕꪱꪉ,True
túm,ꪵꪐꪉ,False
tre,ꪵꪐꪉ,True
ngượng ngùng,ꪵꪐ꪿ꪉ,False
"ngượng vít,",ꪵꪐ꪿ꪉ,True
hổ thẹn,ꪵꪐ꪿ꪉ ꪮꪱꪥ,False
hổ đến:,ꪵꪐ꪿ꪉ ꪔꪲ꪿,True
"áng, ước, áng chừng, ước chừng",ꪵꪑꪉ,False
"áng, ước, áng chừng, ước chừng",ꪵꪁꪩꪒ,True
chừng,ꪵꪑꪉ ꪅꪱꪫ,False
chừng,ꪤꪱꪒ ꪅꪱꪫ,True
chừng nào,ꪵꪑꪉ ꪅꪱꪫ,False
chộp,ꪐ꫁ꪱꪫ,False
khui,ꪀ꪿ꪮꪙ,True
đớp,ꪐ꫁ꪱꪫ,False
chộp vội,ꪐ꫁ꪱꪫ ꪊꪾꪚ,False
chộp bựa,ꪐ꫁ꪱꪫ ꪊꪾꪚ,True
chộp cồng,ꪐ꫁ꪱꪫ ꪊꪾꪚ,True
"nhao nhao, nhôn nhao",ꪑꪱꪫ ꪑꪱꪫ,False
nhao mũi nhôn nhao,ꪑꪱꪫ ꪑꪱꪫ,True
bã,ꪑ꫁ꪱꪫ,False
bã,ꪹꪔꪸꪉ,True
dai,ꪐꪱꪚ,False
nước đôi,ꪐꪱꪚ,False
xẻng đôi,ꪊꪨꪺꪀ,True
òng đôi,ꪐꪱꪚ,True
bầy nhầy,ꪐꪱꪚ ꪐ꫁ꪺꪉ,False
bầy nhầy,ꪄꪳ꫁ꪙ ꪐ꫁ꪺꪉ,True
bầy trẹo,ꪐꪱꪚ ꪐ꫁ꪺꪉ,True
lươm bươn,ꪐꪱꪚ ꪐ꫁ꪺꪉ,False
cùi,ꪑꪱꪚ ꪑꪮꪉ,False
cùi,ꪑꪱꪚ ꪼꪚ꪿,True
"bươm, bướp",ꪑꪱꪚ ꪑꪮꪉ,False
rằn bướp,ꪏꪲꪣ ꪑꪮꪉ,True
nhưng kiếm,ꪑꪱꪚ ꪑꪮꪉ,True
cứu nguy,ꪑꪱꪒ,False
cứu giẻ,ꪑꪱꪒ,True
dập,ꪑꪱꪒ,False
bụ,ꪹꪐꪱ꫁,False
bụ bẫm,ꪹꪐꪱ꫁ ꪐꪺꪀ,False
"bứt, tuột,",ꪹꪐꪱ꫁ ꪐꪺꪀ,True
sát sạt,ꪹꪑꪱ꫁,False
nán,ꪹꪑꪱ꫁,False
to,ꪻꪐ꪿,False
nghạnh,ꪻꪐ꪿,True
lớn,ꪻꪐ꪿,False
khôn lớn,ꪻꪐ꪿ ꪚꪱꪙ,False
xảo lớn,ꪻꪐ꪿ ꪚꪱꪙ,True
"to lớn, khổng lồ",ꪻꪐ꪿ ꪨꪺꪉ,False
to đã khổng lồ,ꪻꪐ꪿ ꪵꪜꪚ,True
"to lớn, ác lồ",ꪭꪳ꪿ꪉ ꪨꪺꪉ,True
lớn lao,ꪻꪐ꪿ ꪨꪺꪉ,False
khôn lớn,ꪻꪐ꪿ ꪢ꫁ꪱ,False
"ráy, lớn",ꪻꪐ꪿ ꪹꪖꪷꪨꪀ,True
khôn lớn,ꪻꪐ꪿ ꪵꪋ꫁ꪙ,True
"cáu, cáu kỉnh",ꪼꪐ,False
"cáu, cáu kỉnh",ꪔꪮꪙ,True
"cáu, cáu ấm,",ꪼꪐ,True
"gắt, gắt gỏng",ꪼꪐ,False
lũng gắt gỏng,ꪼꪐ,True
nổi giận,ꪼꪐ,False
sục giận,ꪼꪐ,True
cảu nhàu,ꪼꪐ ꪝꪳꪒ ꪝꪳꪒ,False
cảu nhàu,ꪎ꪿ꪱꪙ ꪝꪳꪒ ꪝꪳꪒ,True
gắt um,ꪼꪐ ꪔꪴꪣ ꪔꪴꪣ,False
gắt um,ꪶꪁꪩ꪿ꪙ ꪔꪴꪣ ꪔꪴꪣ,True
tãi,ꪼꪑ,False
bắt lẽ,ꪼꪑ ꪁꪫꪱꪣ,False
"mặt, lẽ",ꪼꪑ ꪁꪫꪱꪣ,True
"xê, xê xích",ꪼꪑ꫁,False
"xê, mại, chót,",ꪼꪑ꫁,True
thái nhỏ,ꪑꪰꪀ,False
thái nhỏ,ꪹꪎꪸ꫁ꪣ,True
dùng,ꪑꪰꪀ,False
vọt,ꪑꪰꪀ,True
thái vụn,ꪑꪰꪀ ꪑ꪿ꪮꪥ,False
thái lừng,ꪑꪰꪀ ꪑ꪿ꪮꪥ,True
thái vụn,ꪹꪝꪸ꫁ꪀ ꪑ꪿ꪮꪥ,True
tủn mủn,ꪑꪰꪀ ꪑ꪿ꪮꪥ,False
nhắm,ꪐꪾ꪿,False
nhẩm,ꪐꪾ꪿,True
nhắm rượu,ꪐꪾ꪿ ꪹꪨꪱ꫁,False
nhắm rượu,ꪑꪺꪙ ꪹꪨꪱ꫁,True
ấp úng,ꪐꪾ꪿ ꪐꪰꪉ,False
nhấm,ꪐꪾ꫁,False
nhằn,ꪐꪾ꫁,False
mum,ꪐꪾ꫁,False
lún phún,ꪐꪾ꫁ ꪵꪐꪀ,False
lún tấm,ꪐꪾ꫁ ꪵꪐꪀ,True
xồm xoàm,ꪐꪾ꫁ ꪐꪴ꪿ꪀ,False
thịt thà,ꪐꪾ꫁ ꪹꪐ꪿,False
giẫm,ꪑꪾ꪿,False
đi,ꪑꪾ꪿,False
đè đầu,ꪑꪾ꪿ ꪬꪺ,False
"tích, đầu",ꪑꪾ꪿ ꪬꪺ,True
đạp lúa,ꪑꪾ꪿ ꪹꪄꪱ꫁,False
đạp sắt,ꪹꪤ꫁ꪥ ꪹꪄꪱ꫁,True
tiếp cận,ꪑꪾ꫁,False
sửu cận,ꪑꪾ꫁,True
giẫm nát,ꪑꪾ꪿ ꪑꪷ꪿,False
giẫm lờm,ꪑꪾ꪿ ꪑꪷ꪿,True
bấm,ꪐꪽ,False
vấu,ꪐꪽ,True
chống,ꪐꪽ,False
"đâm hông, nhiếc",ꪐꪽ,False
"đâm hông, nhiếc",ꪶꪔ꪿ꪀ,True
chế nhạo,ꪐꪽ,False
nhận,ꪐ꫁ꪽ,False
giọi,ꪐ꫁ꪽ,True
bảo đảm,ꪐ꫁ꪽ ꪜꪱꪫ,False
đảm bảo,ꪐ꫁ꪽ ꪜꪱꪫ,False
"rầy, bọ rầy",ꪑ꪿ꪽ,False
vằng bọ rầy,ꪑ꪿ꪽ,True
răn đe,ꪑ꪿ꪽ,False
mờm đe,ꪑ꪿ꪽ,True
rầy nâu,ꪑ꪿ꪽ ꪼꪡ,False
ập nâu,ꪜꪱꪫ ꪼꪡ,True
"đè, nhấn",ꪑ꫁ꪽ,False
"đè, nhấn",ꪹꪭ꪿ꪉ,True
bậm,ꪑ꫁ꪽ,False
dấn,ꪑ꫁ꪽ,False
dấn,ꪶꪎ꪿ꪉ,True
"rít răng, bặm miệng",ꪑ꫁ꪽ ꪵꪄ꫁ꪫ,False
"rít răng, rói, miệng",ꪑ꫁ꪽ ꪵꪄ꫁ꪫ,True
còn,ꪑꪰꪉ,False
còn,ꪶꪄ꪿ꪀ,True
"vẫn, còn",ꪑꪰꪉ,False
ngần lườm,ꪑꪰꪉ,True
còn sống,ꪑꪰꪉ ꪶꪁꪙ,False
kiến sống,ꪑꪰꪉ ꪶꪁꪙ,True
"hãy còn, còn nữa",ꪑꪰꪉ ꪻꪢ꪿,False
"cống còn, còn xiết,",ꪑꪰꪉ ꪻꪢ꪿,True
bã hơi,ꪑꪰꪉ ꪖ꪿ꪮꪉ ꪻꪊ,False
bã hơi,ꪑꪰꪉ ꪉꪮꪒ ꪫꪲ꪿ꪉ,True
gừ,ꪑꪰ꪿ꪉ,False
"gầm gừ, gừ gừ",ꪑꪰ꪿ꪉ ꪑꪰ꪿ꪉ,False
"gầm gừ, gừ quyền",ꪑꪰ꪿ꪉ ꪑꪰ꪿ꪉ,True
"gầm gừ, vót tròng",ꪯꪴꪥ ꪑꪰ꪿ꪉ,True
bít,ꪐꪾꪚ,False
"xảm, trám",ꪐꪾꪚ,False
"súyt nữa, tí nữa",ꪐꪾꪚ ꪙ꫁ꪮꪥ ꪙꪳ꪿ꪉ,False
"bọc nữa, tí nữa",ꪐꪾꪚ ꪙ꫁ꪮꪥ ꪙꪳ꪿ꪉ,True
"xỏ, luồn",ꪵꪐ꪿,False
"những, luồn",ꪵꪐ꪿,True
đưa,ꪵꪐ꪿,False
đưa,ꪹꪚ꫁ꪣ,True
"chìa, thò",ꪵꪐ꪿,False
nưa thò,ꪵꪐ꪿,True
"cáo, cầy",ꪹꪐꪸꪙ,False
sục cầy,ꪹꪐꪸꪙ,True
cầy bông lau,ꪹꪐꪸꪙ ꪁꪴꪀ,False
cầy bạc má,ꪹꪐꪸꪙ ꪭꪱꪀ,False
cầy vòi,ꪹꪐꪸꪙ ꪄ꪿ꪱ,False
cầy hương,ꪹꪐꪸꪙ ꪣꪮꪉ,False
xối xả,ꪹꪐꪸ꫁ꪙ,False
dần,ꪑꪲ,False
bịch,ꪑꪲ,False
rào rào,ꪑꪲ ꪑꪰꪀ,False
đằng đẵng,ꪑꪲ ꪑ꫁ꪮꪥ,False
đằng khau,ꪑꪲ ꪑ꫁ꪮꪥ,True
đằng ặc,ꪑꪲ ꪑ꫁ꪮꪥ,True
dằng dặc,ꪑꪲ ꪑꪮꪙ,False
vò nát,ꪑꪲ ꪑ꪿ꪮꪉ,False
ngước nát,ꪑꪲ ꪑ꪿ꪮꪉ,True
hai,ꪑꪲ꪿,False
soi,ꪐꪸ꫁ꪣ,False
ngó,ꪐꪸ꫁ꪣ,False
dòm,ꪐꪸ꫁ꪣ,False
dòm,ꪚꪨꪴꪚ,True
nhét,ꪑꪸꪒ,False
lưỡi,ꪑꪸꪒ,True
"nhồi, dồi",ꪑꪸꪒ,False
"nhồi, dồi",ꪡꪴ꫁ꪉ,True
"nhồi, dồi",ꪶꪁꪙ,True
dúi,ꪑꪸꪒ,False
nhiễu,ꪐꪸ꫁ꪫ,False
rạn,ꪐꪲ꪿ꪉ,False
"nhe, nhăn",ꪐꪲ꪿ꪉ,False
"nhe, sẹo",ꪐꪲ꪿ꪉ,True
hé,ꪐꪲ꪿ꪉ,False
nõn,ꪐꪲ꪿ꪉ,True
hạt bụi,ꪐꪲ꪿ꪉ ꪹꪐ꫁,False
rác rưởi,ꪐꪲ꪿ꪉ ꪹꪐ꫁,False
gái,ꪑꪲꪉ,False
gắng,ꪑꪲꪉ,True
nữ,ꪑꪲꪉ,False
ngắm,ꪑꪲꪉ,False
ngắm,ꪹꪡꪸꪀ,True
nhằm,ꪑꪲꪉ,False
nhằm,ꪹꪢꪸ꫁ꪙ,True
"gái trai, nam nữ",ꪑꪲꪉ ꪋꪱꪥ,False
"gái trai, nam nữ",ꪑꪲꪉ ꪵꪠꪚ,True
ái nam ái nữ,ꪑꪲꪉ ꪋꪱꪥ,False
ái nam ái nữ,ꪑꪲꪉ ꪀ꫁ꪫꪱꪙ,True
dòng họ bên gái,ꪑꪲꪉ ꪎꪱꪫ,False
khâu,ꪑꪲꪚ,False
khâu đột,ꪑꪲꪚ ꪶꪒ꫁ꪙ ꪶꪬꪙ,False
"khâu khóc,",ꪑꪲꪚ ꪶꪒ꫁ꪙ ꪶꪬꪙ,True
khâu đung,ꪑꪲꪚ ꪶꪒ꫁ꪙ ꪶꪬꪙ,True
khâu túm,ꪑꪲꪚ ꪬꪴ꪿ꪣ,False
khâu túm,ꪶꪯꪩ ꪬꪴ꪿ꪣ,True
khâu vắt,ꪑꪲꪚ ꪜ꪿ꪱꪥ,False
khâu vắt,ꪑꪲꪚ ꪚ꫁ꪽ,True
xong vắt,ꪑꪲꪚ ꪜ꪿ꪱꪥ,True
"nhấc, nhắc, bê",ꪑꪷ,False
giơ,ꪑꪷ,False
giơ,ꪊꪨꪷ,True
giương,ꪑꪷ,False
nâng,ꪑꪷ,False
nâng,ꪵꪨ,True
dung,ꪏꪰꪀ,True
dâng,ꪑꪷ,False
"bận, lần",ꪑꪷ,False
"tâng, tâng bốc",ꪑꪷ ꪬꪱꪉ,False
xốc,ꪑꪷ ꪭꪳꪒ,False
xốc,ꪀꪴ꪿ꪀ ꪭꪳꪒ,True
bệ,ꪑꪷ ꪶꪑ꫁ꪀ,False
dàn mặt,ꪑꪷ꪿ ꪘ꫁ꪱ,False
"in, mặt",ꪑꪷ꪿ ꪘ꫁ꪱ,True
nát vụn,ꪑ꪿ꪮꪥ,False
nát vụn,ꪶꪙ꫁ꪀ,True
sướt mướt,ꪑ꫁ꪮꪥ ꪑ꫁ꪮꪥ,False
quết,ꪑꪮꪀ,False
quết,ꪛꪥꪰ꪿ꪉ,True
thụi,ꪑꪮꪀ,False
"xúi giục, xúi bẩy",ꪑꪮꪀ ꪑꪺꪙ,False
"phiếm giục, xúi bẩy",ꪑꪮꪀ ꪑꪺꪙ,True
lún phún,ꪐꪮꪣ ꪵꪐꪣ,False
vịn phún,ꪹꪫꪸ꫁ꪙ ꪵꪐꪣ,True
đám,ꪐ꪿ꪮꪣ,False
"lé,",ꪐ꪿ꪮꪣ,True
"đám con, đám nhỏ",ꪐ꪿ꪮꪣ ꪐꪮꪀ,False
"đám con, nhà, nhỏ",ꪐ꪿ꪮꪣ ꪐꪮꪀ,True
đám gióng đám tồ,ꪐ꪿ꪮꪣ ꪐꪮꪀ,True
nhuộm,ꪑ꫁ꪮꪣ,False
đằng đẵng,ꪑꪮꪙ ꪑꪮꪙ,False
nát,ꪑ꪿ꪮꪙ,False
rứt,ꪑ꪿ꪮꪙ,True
tướp,ꪑ꪿ꪮꪙ,False
"dôi,",ꪑ꪿ꪮꪙ,True
tả tơi,ꪑ꪿ꪮꪙ ꪑꪾ,False
tả tơi,ꪶꪨ꪿ꪣ ꪑꪾ,True
tơi bời,ꪑ꪿ꪮꪙ ꪑꪾ,False
"vù, ươn",ꪑ꪿ꪮꪙ ꪑꪾ,True
vụn,ꪑ꪿ꪮꪙ ꪵꪑ꪿ꪙ,False
"cùi, cơm",ꪑꪮꪉ,False
xơ,ꪑꪮꪉ,False
"chọn,",ꪑꪮꪉ,True
kính,ꪑ꫁ꪮꪉ,False
kính dân,ꪑ꫁ꪮꪉ ꪑꪷ,False
kính dân,ꪼꪔ ꪑꪷ,True
nâng đỡ,ꪑ꫁ꪮꪉ ꪑꪷ,False
ngót,ꪐꪮꪚ,False
lưỡng,ꪐꪮꪚ,True
nhụt chí,ꪑꪮꪚ ꪻꪊ,False
"nhụt sân,",ꪑꪮꪚ ꪻꪊ,True
"ngọn, đọt",ꪑꪮꪒ,False
"búp, nõn",ꪑꪮꪒ,False
"búp, nõn",ꪩꪾ꪿,True
hờ,ꪶꪑ꪿,False
nới,ꪶꪑ꪿,False
rão,ꪶꪑ꪿,False
rão,ꪁꪙ꪿ꪮꪉ,True
khấm khá,ꪶꪑ꪿ ꪚꪱꪉ,False
lỏng lẻo,ꪶꪑ꪿ ꪹꪑꪸ꪿,False
vấn lẻo,ꪩꪸ꪿ꪣ ꪹꪑꪸ꪿,True
loại,ꪶꪐ꪿ꪀ,False
động chạm đến,ꪶꪐ꪿ꪀ,False
động chạm đầm,ꪶꪐ꪿ꪀ,True
vểnh,ꪶꪑ꫁ꪀ,False
"nhún, lụy",ꪶꪑꪣ,False
"nhún, nghẹt",ꪶꪑꪣ,True
kính,ꪶꪑꪣ,False
bổ béo,ꪶꪐꪙ,False
bồi,ꪶꪐ꫁ꪙ,False
lấp,ꪶꪐ꫁ꪙ,False
"vẩu, vổ",ꪶꪐ꪿ꪉ,False
"vẩu, vổ",ꪩ꪿ꪺ,True
giơ,ꪶꪑꪉ,False
chĩa,ꪶꪑꪉ,False
xỉu,ꪶꪑꪚ,False
xỉu,ꪖꪰ꪿ꪉ,True
nhờ,ꪹꪑꪷ,False
lết,ꪹꪑꪷ,True
nhờ,ꪹꪑꪷ,False
nhờ ơn,ꪹꪑꪷ ꪹꪮꪷꪙ,False
nhờ ơn,ꪚꪴꪚ ꪹꪮꪷꪙ,True
lớ ơn,ꪹꪑꪷ ꪹꪮꪷꪙ,True
"lấn, xâm",ꪹꪑꪷ꪿ꪣ,False
chổi,ꪑꪴ,False
chổi lông gà,ꪑꪴ ꪶꪄꪙ ꪼꪀ꪿,False
chổi lông gà,ꪼꪫ ꪶꪄꪙ ꪼꪀ꪿,True
"chổi tre, chổi chà",ꪑꪴ ꪼꪣ꫁,False
"chổi tre, chổi soi,",ꪑꪴ ꪼꪣ꫁,True
"chổi tre, chổi đâu",ꪑꪴ ꪼꪣ꫁,True
chổi đót,ꪑꪴ ꪜꪰꪒ,False
chổi đót,ꪚꪮꪉ ꪜꪰꪒ,True
chổi lúa,ꪑꪴ ꪹꪡꪉ,False
bậy bạ,ꪐꪴ꪿ꪀ ꪐ꫁ꪺꪥ,False
xồm,ꪐꪴꪥ,False
xồm,ꪵꪜ,True
gí sát,ꪑꪴꪀ,False
thê sát,ꪑꪴꪀ,True
"tủm, mỉm, múm mím, mủm mỉm",ꪐꪴ꫁ꪣ,False
"tủm, mỉm, múm mím, mủm trơ",ꪐꪴ꫁ꪣ,True
chúm chím,ꪐꪴ꫁ꪣ ꪹꪐ꪿ꪥ,False
tủm tỉm,ꪐꪴ꫁ꪣ ꪹꪏ꫁ꪥ,False
tết tỉm,ꪐꪴ꫁ꪣ ꪹꪏ꫁ꪥ,True
nhuận,ꪑꪴꪙ,False
"rối, ríu",ꪐꪴ꫁ꪉ,False
loạn lạc,ꪐꪴ꫁ꪉ ꪚ꪿ꪱ,False
loạn trâm,ꪀꪲꪙ ꪚ꪿ꪱ,True
"loạn nhẵn,",ꪐꪴ꫁ꪉ ꪚ꪿ꪱ,True
"rối tung, rối bời",ꪐꪴ꫁ꪉ ꪐꪱꪫ,False
"rối tung, rối bời",ꪹꪁꪸꪩ꫁ ꪐꪱꪫ,True
rối ren,ꪐꪴ꫁ꪉ ꪐꪱꪫ,False
muỗi,ꪑꪴꪉ,False
muỗi,ꪨ꫁ꪮꪥ,True
"xui, xúi",ꪑꪺꪙ,False
"xui dại, xúi dại",ꪑꪺꪙ ꪋ꫁ꪱ,False
"bạch, dại, xúi dại",ꪑꪺꪙ ꪶꪔ,True
xui xiểm,ꪑꪺꪙ ꪻꪊ,False
xui khỏi,ꪑꪺꪙ ꪻꪊ,True
ngó,ꪐꪳ꫁,False
xót,ꪐꪳ꫁,True
đoái hoài,ꪐꪳ꫁,False
đoái hù,ꪹꪀꪷ꪿ꪣ,True
"dòm ngó, dòm dỏ",ꪐꪳ꫁ ꪤ꪿ꪮꪉ,False
dòm bưng dòm dỏ,ꪐꪳ꫁ ꪤ꪿ꪮꪉ,True
"dòm ngó, máu, bập",ꪐꪳ꫁ ꪤ꪿ꪮꪉ,True
thịt,ꪹꪐ꪿,False
nhút,ꪹꪐ꪿,True
thịt nạc,ꪹꪐ꪿ ꪊꪲꪉ,False
ngậm lóng,ꪒ꪿ꪺꪉ ꪊꪲꪉ,True
thịt luộc,ꪹꪐ꪿ ꪊꪳꪒ,False
thịt luộc,ꪹꪐ꪿ ꪒꪺ,True
thịt dọi,ꪹꪐ꪿ ꪠꪱꪀ,False
thịt dọi,ꪹꪐ꪿ ꪹꪐꪸ꫁ꪙ,True
cái,ꪹꪐ꫁,False
bã rượu,ꪹꪐ꫁ ꪹꪨꪱ꫁,False
từng nấc một,ꪑꪳ꫁ꪀ ꪑꪳ꫁ꪀ,False
nhùn nấc một,ꪑꪳ꫁ꪀ ꪑꪳ꫁ꪀ,True
dâng,ꪑꪳ꪿ꪉ,False
dâng,ꪵꪀ꪿,True
trào,ꪑꪳ꪿ꪉ,False
đắp điếm,ꪑꪳ꪿ꪉ ꪑꪺꪉ,False
đắp điếm,ꪎ꫁ꪺꪣ ꪑꪺꪉ,True
lả tả,ꪹꪑꪥ ꪹꪑꪥ,False
lả tả,ꪹꪑꪥ ꪹꪔ꫁ꪱ,True
"nén, tả",ꪜ꪿ꪮꪀ ꪹꪑꪥ,True
tới tấp,ꪹꪑꪥ ꪹꪑꪥ,False
hôi hám,ꪹꪐꪉ,False
"hương, đòng",ꪹꪐꪉ,True
địu,ꪒꪱ,False
địu,ꪭꪫꪱꪉ,True
địu,ꪮ꫁ꪱꪫ,True
sắp,ꪒꪱ,False
xếp,ꪒꪱ,False
"bày, dàn",ꪒꪱ,False
xem số mệnh,ꪒꪱ ꪵꪙꪙ,False
xem số mệnh,ꪹꪨꪱ ꪵꪙꪙ,True
chửi,ꪒ꪿ꪱ,False
xạc,ꪒ꪿ꪱ ꪊꪲ꫁ꪣ,False
mến,ꪒ꪿ꪱ ꪊꪲ꫁ꪣ,True
xạc,ꪻꪯ ꪊꪲ꫁ꪣ,True
chủi bới,ꪒ꪿ꪱ ꪓꪱꪉ,False
"chủi mắng, mắng mỏ",ꪒ꪿ꪱ ꪢꪱꪉ,False
"chủi mắng, mắng mỏ",ꪫꪱꪉ ꪢꪱꪉ,True
"chửi rủa, quở mắng",ꪒ꪿ꪱ ꪕꪷ,False
choạc,ꪒ꪿ꪱ ꪔ꪿ꪮꪥ,False
khoái,ꪒ꫁ꪱ,False
đã,ꪒ꫁ꪱ,False
lùn,ꪒ꫁ꪱ,True
dọc,ꪒ꫁ꪱ,True
đã đời,ꪒ꫁ꪱ ꪹꪒꪷꪥ,False
"tích, đời",ꪒ꫁ꪱ ꪹꪒꪷꪥ,True
"khoái chí, khoái trá",ꪒ꫁ꪱ ꪹꪎ꪿ꪉ,False
khoái sẽ khoái trá,ꪒ꫁ꪱ ꪹꪎ꪿ꪉ,True
"mướt chí, khoái trá",ꪒ꫁ꪱ ꪹꪎ꪿ꪉ,True
thoả thích,ꪒ꫁ꪱ ꪹꪎ꪿ꪉ,False
thoả ngầm,ꪒ꫁ꪱ ꪹꪎ꪿ꪉ,True
tơ,ꪒ꫁ꪱꪥ,False
lược,ꪒꪱꪣ,False
que,ꪒ꫁ꪱꪣ,False
que,ꪒ꫁ꪱꪣ,False
"độ, khoảng chừng",ꪒ꫁ꪱꪣ,False
"độ, khoảng đệm,",ꪒ꫁ꪱꪣ,True
"độ, dạy chừng",ꪹꪡꪙ,True
"đũa cả, đũa cái",ꪒ꫁ꪱꪣ ꪹꪄꪱ꫁,False
"đũa rán, đũa cái",ꪒ꫁ꪱꪣ ꪹꪄꪱ꫁,True
đá,ꪒ꪿ꪱꪙ,False
ở lì,ꪒ꪿ꪱꪙ,False
"giờ, lì",ꪒ꪿ꪱꪙ,True
ham mê cờ bạc,ꪒ꪿ꪱꪙ ꪵꪋꪙ,False
ham mê cờ nhện,ꪒ꪿ꪱꪙ ꪵꪋꪙ,True
bên,ꪒ꫁ꪱꪙ,False
"hàng, bề",ꪒ꫁ꪱꪙ,False
phạch bề,ꪒ꫁ꪱꪙ,True
"trang, bề",ꪒ꫁ꪱꪙ,True
thành chai,ꪒ꫁ꪱꪙ,False
thành lồ,ꪒ꫁ꪱꪙ,True
"đóng, kết",ꪒ꫁ꪱꪙ,False
"đóng, sái",ꪒ꫁ꪱꪙ,True
sạm,ꪒ꫁ꪱꪙ,False
sạm,ꪹꪁꪷ,True
"lì, lì lì",ꪒ꫁ꪱꪙ,False
"lì, lì ráo,",ꪒ꫁ꪱꪙ,True
"bết lại, kết chặt",ꪒ꫁ꪱꪙ ꪀꪰꪀ,False
"bết lại, kết bướm,",ꪒ꫁ꪱꪙ ꪀꪰꪀ,True
"trước, lại, kết bêu",ꪒ꫁ꪱꪙ ꪀꪰꪀ,True
đích thị,ꪒ꫁ꪱꪙ ꪓꪱ,False
đích thị,ꪒ꫁ꪱꪙ ꪤꪷ꪿,True
lơ mơ,ꪒ꫁ꪱꪙ ꪒꪲ꫁ꪙ,False
lơ bặp,ꪒ꫁ꪱꪙ ꪒꪲ꫁ꪙ,True
lơ chừng,ꪒ꫁ꪱꪙ ꪒꪲ꫁ꪙ,True
đàn,ꪓꪱꪙ,False
đàn,ꪝꪰꪉ,True
đàn,ꪓꪱꪙ,False
đạn,ꪓ꫁ꪱꪙ,False
đạn dược,ꪓ꫁ꪱꪙ ꪢ꫁ꪱ,False
đạn sắn,ꪓ꫁ꪱꪙ ꪢ꫁ꪱ,True
đạn lửa,ꪓ꫁ꪱꪙ ꪼꪡ,False
đạn lửa,ꪓ꫁ꪱꪙ ꪹꪘꪀ,True
sên lửa,ꪓ꫁ꪱꪙ ꪼꪡ,True
đạn ghém,ꪓ꫁ꪱꪙ ꪵꪗ꫁,False
"đang, đương",ꪒꪱꪉ,False
"đang, phải",ꪒꪱꪉ,True
đang khi,ꪒꪱꪉ ꪹꪋꪷ,False
"đang nồi,",ꪒꪱꪉ ꪹꪋꪷ,True
đang độ,ꪒꪱꪉ ꪄꪳ꫁ꪙ,False
đang độ,ꪒꪱꪉ ꪥꪮꪣ,True
đang trưởng thành,ꪒꪱꪉ ꪢ꫁ꪱ,False
đang khấn thia,ꪒꪱꪉ ꪢ꫁ꪱ,True
đang trưởng thành,ꪝꪴꪚ ꪢ꫁ꪱ,True
đang tuổi xuân,ꪒꪱꪉ ꪖ꪿ꪱꪫ,False
"sai, tuổi xuân",ꪒꪱꪉ ꪕꪴ꪿ꪙ,True
đang tuổi bặp,ꪒꪱꪉ ꪖ꪿ꪱꪫ,True
đang thì,ꪒꪱꪉ ꪏꪲ,False
dáng,ꪒ꪿ꪱꪉ,False
đáng yêu,ꪒ꪿ꪱꪉ ꪵꪯꪉ,False
đáng nuông,ꪒ꪿ꪱꪉ ꪵꪯꪉ,True
trượt phần,ꪒ꪿ꪱꪉ ꪵꪯꪉ,True
"như ý, như ý muốn",ꪒ꪿ꪱꪉ ꪻꪊ,False
như rèm như thầm sách,ꪥꪸꪙ ꪻꪊ,True
đáng đời,ꪒ꪿ꪱꪉ ꪋ꪿ꪺ,False
"lôm đốm trắng, khoang trắng",ꪒ꪿ꪱꪉ ꪒꪱꪫ,False
"cả, bần trắng, truớc trắng",ꪒ꪿ꪱꪉ ꪒꪱꪫ,True
bạch tạng,ꪒ꪿ꪱꪉ ꪒꪱꪫ,False
đáng lí,ꪒ꪿ꪱꪉ ꪨꪲ꪿,False
đáng mặt,ꪒ꪿ꪱꪉ ꪘ꫁ꪱ,False
"mơn, mặt",ꪒ꪿ꪱꪉ ꪘ꫁ꪱ,True
đáng số,ꪒ꪿ꪱꪉ ꪔꪱꪥ,False
đáng số,ꪒ꪿ꪱꪉ ꪀꪷ,True
vừa,ꪒ꫁ꪱꪉ ꪒꪲ,False
khảo,ꪵꪀ꫁ꪉ ꪒꪲ,True
vừa,ꪒ꫁ꪱꪉ ꪤ꪿ꪮꪉ,True
vừa vặn,ꪒ꫁ꪱꪉ ꪒꪲ,False
vừa gióng,ꪒ꫁ꪱꪉ ꪒꪲ,True
xâu vặn,ꪒ꫁ꪱꪉ ꪒꪲ,True
"nhàng nhàng, tầm thước",ꪒ꫁ꪱꪉ ꪒꪲ,False
"nhàng nhàng, tầm thước",ꪒ꫁ꪱꪉ ꪖꪷ꫁,True
"nhàng nhàng, tầm thước",ꪮꪲ ꪒꪲ,True
đỏ,ꪵꪒꪉ,False
đỏ,ꪠꪲꪉ,True
nâu,ꪵꪒꪉ ꪹꪚꪱ,False
phượng,ꪵꪒꪉ ꪹꪚꪱ,True
"đỏ thẫm, đỏ tía",ꪵꪒꪉ ꪀꪾ꪿,False
"đỏ chon chót, đỏ chót",ꪵꪒꪉ ꪊꪲꪒ ꪊꪲꪒ,False
"đỏ chon cấm, đỏ chót",ꪵꪒꪉ ꪊꪲꪒ ꪮꪮꪒ,True
đỏ ối,ꪵꪒꪉ ꪹꪊꪷ꪿ꪙ ꪹꪊꪷ꪿ꪙ,False
hếch ối,ꪵꪒꪉ ꪹꪊꪷ꪿ꪙ ꪹꪊꪷ꪿ꪙ,True
đỏ xức,ꪵꪒꪉ ꪹꪊꪷ꪿ꪙ ꪹꪊꪷ꪿ꪙ,True
đỏ thắm,ꪵꪒꪉ ꪹꪊꪷ꪿ꪙ ꪹꪊꪷ꪿ꪙ,False
"lưỡi, thắm",ꪵꪒꪉ ꪹꪊꪷ꪿ꪙ ꪹꪊꪷ꪿ꪙ,True
đỏ gay,ꪵꪒꪉ ꪋꪳꪀ ꪋꪳꪀ,False
đỏ gay,ꪵꪒꪉ ꪶꪢ꪿ꪀ ꪋꪳꪀ,True
đỏ rực,ꪵꪒꪉ ꪋꪳꪀ ꪋꪳꪀ,False
đỏ lòm,ꪵꪒꪉ ꪁꪩꪱꪒ,False
đỏ lòm,ꪵꪒꪉ ꪹꪨꪒ,True
"đỏ quý,",ꪵꪒꪉ ꪁꪩꪱꪒ,True
đỏ đòng đọc,ꪵꪒꪉ ꪁꪩꪱꪒ,False
"vực, đòng nham",ꪵꪒꪉ ꪁꪩꪱꪒ,True
đỏ đòng đọc,ꪛꪱꪙ ꪁꪩꪱꪒ,True
đỏ gay đỏ gắt,ꪵꪒꪉ ꪁꪩꪳꪒ,False
đỏ mờ đỏ gắt,ꪵꪒꪉ ꪁꪩꪳꪒ,True
"hồng, hồng đào",ꪵꪒꪉ ꪓꪱꪫ,False
"hồng đào, đỏ đắn",ꪵꪒꪉ ꪓꪱꪫ,False
đỏ gạch,ꪵꪒꪉ ꪵꪭ꪿ꪣ,False
đỏ gạch,ꪵꪒꪉ ꪏꪾ꫁,True
đo đỏ,ꪵꪒꪉ ꪵꪭꪙ,False
đỏ ửng,ꪵꪒꪉ ꪹꪭ꪿,False
đỏ hỏn,ꪵꪒꪉ ꪵꪁꪩꪒ,False
"đỏ thãi,",ꪵꪒꪉ ꪵꪁꪩꪒ,True
đỏ hoe,ꪵꪒꪉ ꪵꪁꪩꪒ,False
đỏ tươi,ꪵꪒꪉ ꪮꪮꪙ,False
đỏ lừa,ꪵꪒꪉ ꪮꪮꪙ,True
đỏ khối,ꪵꪒꪉ ꪮꪮꪙ,True
đỏ rực,ꪵꪒꪉ ꪜꪱꪚ ꪜꪱꪚ,False
đỏ rực,ꪹꪨꪷꪀ ꪜꪱꪚ ꪜꪱꪚ,True
đỏ ối,ꪵꪒꪉ ꪝꪲꪉ,False
in ối,ꪵꪒꪉ ꪝꪲꪉ,True
đỏ ối,ꪵꪒꪉ ꪝꪲꪉ,False
đỏ hoe,ꪵꪒꪉ ꪵꪎꪒ,False
đỏ nghệch,ꪵꪒꪉ ꪵꪎꪒ,True
sao,ꪒꪱꪫ,False
"sao sa, sao băng, sao đổi ngôi",ꪒꪱꪫ ꪚꪲꪙ,False
"sao sa, thăm, băng, sao đổi ngôi",ꪒꪱꪫ ꪚꪲꪙ,True
"sao sa, nghén rẻ sao líu quanh,",ꪒꪱꪫ ꪚꪲꪙ,True
sao mai,ꪒꪱꪫ ꪀ꫁ꪱ,False
mộ mai,ꪒꪱꪫ ꪀ꫁ꪱ,True
sao vàng,ꪒꪱꪫ ꪁꪾ,False
nhẹ vàng,ꪚꪷ꫁ ꪁꪾ,True
sao chổi,ꪒꪱꪫ ꪁꪺꪙ,False
sao hôm,ꪒꪱꪫ ꪒꪰꪀ ꪹꪣ꪿ꪉ,False
sao hôm,ꪒꪱꪫ ꪶꪩꪚ ꪹꪣ꪿ꪉ,True
sao tua rua,ꪒꪱꪫ ꪫꪲ,False
kiếm,ꪒꪱꪚ,False
nào,ꪻꪒ,False
nào,ꪏꪴ꫁ꪣ,True
thay,ꪻꪒ,True
dâu,ꪻꪒ,False
dâu,ꪵꪄꪉ,True
"thang, cầu thang",ꪼꪒ,False
ớ cầu thang,ꪼꪒ,True
"thang, cầu thang",ꪡꪴ꫁ꪉ,True
thang rời,ꪼꪒ ꪭꪸ꪿ꪫ,False
nõn rời,ꪼꪒ ꪭꪸ꪿ꪫ,True
thang hòm,ꪼꪒ ꪭꪮꪣ,False
thang quyển,ꪼꪒ ꪁꪫꪱꪣ,True
dược,ꪼꪒ꫁,False
dược,ꪋꪳ꪿,True
phải,ꪼꪒ꫁,False
"khoẻ, được",ꪼꪒ꫁,False
"lẽ, óc",ꪼꪒ꫁,True
lắm,ꪼꪒ꫁,False
có,ꪼꪒ꫁,False
"chướng,",ꪼꪒ꫁,True
trót,ꪼꪒ꫁,False
trót,ꪡꪽ,True
được gá,ꪼꪒ꫁ ꪁ꪿ꪱ,False
được gá,ꪡꪮꪙ ꪁ꪿ꪱ,True
được kêu,ꪼꪒ꫁ ꪁ꪿ꪱ,True
trót dại,ꪼꪒ꫁ ꪋ꫁ꪱ,False
trót dại,ꪡꪱ ꪋ꫁ꪱ,True
được lòng,ꪼꪒ꫁ ꪻꪊ,False
được mùa,ꪼꪒ꫁ ꪣꪺ,False
được mùa,ꪩꪱꪫ ꪣꪺ,True
được nước,ꪼꪒ꫁ ꪙꪾ꫁,False
được rơm,ꪼꪒ꫁ ꪙꪾ꫁,True
cọc,ꪒꪰꪀ,False
cột mốc,ꪒꪰꪀ,False
"ngài, mốc",ꪀꪴ,True
xa,ꪒꪰꪀ,False
cách,ꪒꪰꪀ,False
xa xôi,ꪒꪰꪀ ꪼꪀ,False
xa cách,ꪒꪰꪀ ꪬ꪿ꪱꪉ,False
xa quạc,ꪏꪩꪷ ꪬ꪿ꪱꪉ,True
"chớ, cách",ꪒꪰꪀ ꪬ꪿ꪱꪉ,True
"cột mường, cột nước",ꪒꪰꪀ ꪹꪣ꪿ꪉ,False
"tót, mường, ngắt nước",ꪒꪰꪀ ꪁꪴ꪿,True
cột cây số,ꪒꪰꪀ ꪕꪱꪉ,False
cột tọt bỏm,ꪒꪰꪀ ꪕꪱꪉ,True
đen,ꪒꪾ,False
hô,ꪒꪾ,True
ô,ꪒꪾ,False
nhèo,ꪒꪾ,True
mực,ꪒꪾ,False
mực,ꪻꪁ꪿,True
rót,ꪒꪾ,True
cấy,ꪒꪾ,False
"lặn, ngụp",ꪒꪾ,False
đen màu lông quạ,ꪒꪾ ꪀꪱ,False
đen sịt,ꪒꪾ ꪊꪲ꪿ꪀ,False
"đen giòn, da bánh mật",ꪒꪾ ꪹꪀ,False
"đen giòn, da ngả, lò,",ꪏꪩ꫁ꪮꪥ ꪒꪮꪒ,True
"đen giòn, da che mật",ꪒꪾ ꪹꪀ,True
độn thổ,ꪒꪾ ꪒꪲꪙ,False
đen lay láy,ꪒꪾ ꪅꪴ꫁ꪣ ꪅꪴ꫁ꪣ,False
mai mái,ꪒꪾ ꪀꪸ꫁ꪉ,False
đen bóng,ꪒꪾ ꪣꪽ,False
đen láy,ꪒꪾ ꪣꪽ,False
dong láy,ꪕꪲ ꪣꪽ,True
đen chôn,ꪒꪾ ꪣꪽ,True
đen chàm,ꪒꪾ ꪙꪲꪙ,False
đen thui,ꪒꪾ ꪜꪳ꫁ ꪜꪳ꫁,False
đen thui,ꪒꪾ ꪜꪮꪀ ꪜꪳ꫁,True
đen nhánh,ꪒꪾ ꪵꪎꪉ,False
đen bụ,ꪒꪾ ꪵꪎꪉ,True
"chuôi, cán",ꪒꪾ꪿,False
"tổ, tổ tông",ꪒꪾ꫁,False
"đốt, châm",ꪒ꫁ꪽ,False
"đốt, châm",ꪅ꪿ꪮꪉ,True
mũi,ꪒꪰꪉ,False
phóng,ꪒꪰꪉ,True
"nhóm, nhúm, đun",ꪒꪰꪉ,False
"nhóm, đôi lôi,",ꪒꪰꪉ,True
"lặt nhúm, đun",ꪒꪰꪉ,True
ngạt mũi,ꪒꪰꪉ ꪔꪽ,False
ngạt mũi,ꪩꪴ꫁ꪉ ꪔꪽ,True
đờ người,ꪒꪰ꫁ꪉ,False
đờ đẫn,ꪒꪰ꫁ꪉ ꪹꪒꪷ,False
đờ tẩm,ꪚ꪿ꪺꪙ ꪹꪒꪷ,True
lành đẫn,ꪒꪰ꫁ꪉ ꪹꪒꪷ,True
diệp cày,ꪒꪰ꫁ꪉ ꪼꪖ,False
chòi cày,ꪒꪰ꫁ꪉ ꪼꪖ,True
tiệt,ꪒꪾꪚ,False
"quay,",ꪒꪾꪚ,True
dập,ꪒꪾꪚ,False
"thè,",ꪒꪾꪚ,True
tàn,ꪒꪾꪚ,False
nhắm,ꪒꪾꪚ,False
nhắm,ꪎꪴꪣ,True
"thiếp, yên",ꪒꪾꪚ,False
"thiếp, yên",ꪯꪰꪀ,True
ngon giấc,ꪒꪾꪚ ꪒꪲ,False
lim dim,ꪒꪾꪚ ꪨꪴ꪿,False
lim phấp,ꪒꪾꪚ ꪨꪴ꪿,True
"hấp him, nhấp nháy",ꪒꪾꪚ ꪣꪳꪙ,False
hấp te tạnh nháy,ꪒꪾꪚ ꪣꪳꪙ,True
thiếp đi,ꪒꪾꪚ ꪜꪲ꫁ꪙ,False
lườm nguýt,ꪒꪾꪚ ꪔꪱ ꪋꪰꪉ,False
"lườm hắt,",ꪒꪾꪚ ꪔꪱ ꪋꪰꪉ,True
dóng,ꪓꪰꪒ,False
dóng,ꪊꪲ꪿,True
chẹn,ꪓꪰꪒ,False
"cân đong, cân kẹo",ꪓꪰꪒ ꪠꪮꪉ,False
"xí, đong, cân kẹo",ꪜ꫁ꪱꪥ ꪠꪮꪉ,True
nhộng,ꪵꪒ꫁,False
nhộng,ꪖꪱꪉ,True
"đen ngăm, ngăm ngăm đen",ꪵꪒ꫁,False
"thọt ngăm, tò ngăm đen",ꪊꪸ,True
xám,ꪵꪒ꫁,False
"láng,",ꪵꪒ꫁,True
thâm,ꪵꪒ꫁,False
chắm,ꪵꪒ꫁,True
đen đủi,ꪵꪒ꫁ ꪒꪾ,False
đen bổng,ꪵꪒ꫁ ꪒꪾ,True
đen  thui đen thủi,ꪵꪒ꫁ ꪣꪰꪉ ꪣꪰꪉ,False
đen thui đen thủi,ꪵꪒ꫁ ꪣꪰꪉ ꪵꪜ,True
"đống, vắng: đen thủi",ꪕꪳꪣ ꪣꪰꪉ ꪣꪰꪉ,True
xám ngắt,ꪵꪒ꫁ ꪜꪲꪒ,False
"xám lặng,",ꪵꪒ꫁ ꪜꪲꪒ,True
xám ngắt,ꪹꪁꪷꪀ ꪜꪲꪒ,True
xám xịt,ꪵꪒ꫁ ꪜꪲꪒ,False
xám xịt,ꪄꪴ꫁ꪙ ꪜꪲꪒ,True
đen nhẻm,ꪵꪒ꫁ ꪜꪲꪒ ꪝꪮꪒ,False
chĩa nhẻm,ꪵꪩꪉꪒ ꪎꪲꪒ ꪝꪮꪒ,True
sạm,ꪵꪒ꫁ ꪜꪲꪒ ꪝꪮꪒ,False
tiểi,ꪵꪒ꫁ ꪜꪲꪒ ꪝꪮꪒ,True
"nện, củng",ꪵꪒꪀ,False
đầm,ꪵꪒꪀ,False
mạng,ꪵꪒꪀ,True
dầm,ꪵꪒꪀ,False
kĩ,ꪵꪒꪀ,False
bâu,ꪵꪒꪀ,True
"biên giới, địa giới, bờ cõi, cương giới, biên cương, biên thùy",ꪵꪒꪙ ꪒꪲꪙ,False
"biên đứ địa giới, đắc, cõi, cương giới, biên cương, biên thùy",ꪵꪒꪙ ꪒꪲꪙ,True
thủy giới,ꪵꪒꪙ ꪙꪾ꫁,False
giáp giới,ꪵꪒꪙ ꪑꪷ꪿,False
giáp giới,ꪹꪀꪸꪫ ꪑꪷ꪿,True
đèn,ꪵꪓꪙ,False
xeo,ꪵꪓꪙ,True
đèn bão,ꪵꪓꪙ ꪶꪁꪉ,False
đèn cỡ,ꪵꪓꪙ ꪶꪁꪉ,True
đèn điện,ꪵꪓꪙ ꪒꪸ꫁ꪙ,False
"đèn thủng,",ꪵꪓꪙ ꪒꪸ꫁ꪙ,True
nhào điện,ꪵꪓꪙ ꪒꪸ꫁ꪙ,True
đèn đĩa dùng mỡ trâu,ꪵꪓꪙ ꪼꪄ,False
cưa đĩa dùng mỡ trâu,ꪵꪓꪙ ꪼꪄ,True
đèn đĩa dùng tháo trâu,ꪵꪓꪙ ꪼꪄ,True
đèn đĩa,ꪵꪓꪙ ꪠꪱꪉ,False
"đèn pin, đèn bấm",ꪵꪓꪙ ꪝꪲ꪿ꪙ,False
"đèn nhẽo đèn rời,",ꪚ꪿ꪮꪙ ꪝꪲ꪿ꪙ,True
đèn ló,ꪵꪓꪙ ꪔꪱ ꪁꪫꪱꪥ,False
đèn ló,ꪵꪓꪙ ꪔꪱ ꪣꪴꪀ,True
đèn hút thuốc phiện,ꪵꪓꪙ ꪹꪔꪱ꫁,False
đèn hút thuốc chăn,ꪵꪓꪙ ꪹꪙꪙ,True
đèn hút thuốc phiện,ꪪꪲꪒ ꪜꪸꪀ,True
"đèn soi, đèn săn",ꪵꪓꪙ ꪼꪔ꫁,False
"đèn soi, đèn săn",ꪥꪰ꪿ꪉ ꪼꪔ꫁,True
"đèn soi, sụa săn",ꪵꪓꪙ ꪼꪔ꫁,True
một ngày đường,ꪵꪒꪫ ꪣꪳ꫁,False
nửa ngày đường,ꪵꪒꪫ ꪉꪱꪥ,False
ỷ ngày đường,ꪵꪒꪫ ꪉꪱꪥ,True
nắng,ꪵꪒꪒ,False
"nồi,",ꪵꪒꪒ,True
nắng xiên khoai,ꪵꪒꪒ ꪀꪱꪉ ꪋ꫁ꪱꪥ,False
úm xiên khoai,ꪵꪒꪒ ꪀꪱꪉ ꪋ꫁ꪱꪥ,True
nắng quái,ꪵꪒꪒ ꪋꪮꪙ ꪄꪮꪙ,False
nắng quái,ꪵꪒꪒ ꪋꪮꪙ ꪋꪱ,True
nắng oi,ꪵꪒꪒ ꪭ꫁ꪮꪙ,False
"loại, oi",ꪵꪒꪒ ꪭ꫁ꪮꪙ,True
oi bức,ꪮꪴ꫁ꪥ,False
"bình minh, rạng dông",ꪵꪒꪒ ꪹꪭ꪿,False
"sặc minh, rạng dông",ꪵꪒꪒ ꪹꪭ꪿,True
"bình minh, rạng dông",ꪵꪒꪒ ꪀꪲ꪿,True
"hửng đông, hé nắng",ꪵꪒꪒ ꪹꪭ꪿,False
"hửng đông, hé khều",ꪵꪒꪒ ꪹꪭ꪿,True
"vách đông, hé sái",ꪵꪒꪒ ꪹꪭ꪿,True
nắng ráo,ꪵꪒꪒ ꪻꪄ꪿,False
nắng nhạt,ꪵꪒꪒ ꪩꪲꪉ,False
thốc nhạt,ꪵꪒꪒ ꪩꪲꪉ,True
nắng thun,ꪵꪒꪒ ꪩꪲꪉ,True
nắng vàng,ꪵꪒꪒ ꪹꪨꪉ,False
nắng vàng,ꪵꪒꪒ ꪤꪸ꪿ꪙ,True
miền vàng,ꪵꪒꪒ ꪹꪨꪉ,True
nắng ban mai,ꪵꪒꪒ ꪮꪮꪙ,False
dạk chàng mai,ꪵꪒꪒ ꪮꪮꪙ,True
"nắng dịu, nắng nhẹ",ꪵꪒꪒ ꪮ꪿ꪮꪙ,False
trẻ con,ꪹꪒꪸ꪿ꪀ ꪙ꫁ꪮꪥ,False
ếp,ꪹꪒꪸꪚ,False
"bấm, ngắt",ꪹꪒꪸꪒ,False
riết,ꪹꪒꪸꪒ,False
tốt,ꪒꪲ,False
tốt,ꪹꪏꪉ,True
đẹp,ꪒꪲ,False
sang,ꪒꪲ,False
đỏ,ꪒꪲ,False
tèo,ꪒꪲ,True
"lành, lành lặn",ꪒꪲ,False
yên,ꪒꪲ,False
"hẳn, thật",ꪒꪲ,False
"gìn, thật",ꪒꪲ,True
"khỏi, lành",ꪒꪲ,False
nô lành,ꪒꪲ,True
đẹp lòng,ꪒꪲ ꪻꪊ,False
tốt đẹp,ꪒꪲ ꪋ꪿ꪽ,False
tốt đẹp,ꪒꪲ ꪶꪊꪚ,True
tốt đẹp,ꪁ꪿ꪮꪙ ꪋ꪿ꪽ,True
cẩn thận,ꪒꪲ ꪋ꪿ꪽ,False
tử tế,ꪒꪲ ꪋ꪿ꪽ,False
nép tế,ꪒꪲ ꪋ꪿ꪽ,True
tử mưa,ꪒꪲ ꪋ꪿ꪽ,True
hẳn hoi,ꪒꪲ ꪋ꪿ꪽ,False
"châu, hoi",ꪬꪳ꪿ꪀ ꪋ꪿ꪽ,True
hay dở,ꪒꪲ ꪭ꫁ꪱꪥ,False
may sao,ꪒꪲ ꪨꪰꪀ,False
nổ sao,ꪒꪲ ꪨꪰꪀ,True
đẹp mặt,ꪒꪲ ꪘ꫁ꪱ,False
ễm mặt,ꪒꪲ ꪘ꫁ꪱ,True
đẹp mặt,ꪛꪱꪉ ꪘ꫁ꪱ,True
đẹp mắt,ꪒꪲ ꪔꪱ,False
đẹp mắt,ꪒꪲ ꪮꪎꪳꪀ,True
khỏi liền,ꪒꪲ ꪎꪲꪒ,False
khỏi liền,ꪔꪸꪀ ꪎꪲꪒ,True
khỏi vo,ꪒꪲ ꪎꪲꪒ,True
"đĩ, điếm",ꪒꪲ꫁,False
xút điếm,ꪒꪲ꫁,True
đĩ điếm,ꪒꪲ꫁ ꪩꪱꪒ,False
đĩ rạc,ꪒꪲ꫁ ꪹꪨꪱ꪿,False
đĩ rạc,ꪵꪄ꫁ꪫ ꪹꪨꪱ꪿,True
điểm,ꪒꪸ꫁ꪣ,False
"nhở,",ꪒꪸ꫁ꪣ,True
nhủ,ꪒꪸ꫁ꪣ,True
điện,ꪒꪸ꫁ꪙ,False
cân,ꪒꪸ꪿ꪉ,False
cân,ꪒꪸ꪿ꪉ,False
"trống,",ꪒꪸ꪿ꪉ,True
cân tiểi đi,ꪒꪸ꪿ꪉ ꪁꪾ ꪔꪰ꫁ꪉ,False
cân tiểi đi,ꪒꪸ꪿ꪉ ꪁꪾ ꪣꪴꪀ,True
mắc tiểi đi,ꪒꪸ꪿ꪉ ꪁꪾ ꪔꪰ꫁ꪉ,True
cân đĩa,ꪒꪸ꪿ꪉ ꪠꪱꪉ,False
nặc đĩa,ꪒꪸ꪿ꪉ ꪠꪱꪉ,True
néo,ꪒꪸ꫁ꪉ,False
"bác,",ꪒꪸ꫁ꪉ,True
thọt,ꪒꪸ꫁ꪉ,False
nhói,ꪒꪸꪒ,False
nhoi nhói,ꪒꪸꪒ ꪒꪸꪒ,False
một,ꪒꪸꪫ,False
mỗi một,ꪒꪸꪫ,False
điều,ꪒꪸꪫ,False
đất,ꪒꪲꪙ,False
đất,ꪶꪝꪥꪒ,True
một phần mười sào,ꪒꪲꪙ,False
miền,ꪒꪲꪙ,False
bần,ꪒꪲꪙ,True
vóc,ꪒꪲꪙ,True
"đất đỏ, đất sét",ꪒꪲꪙ ꪵꪒꪉ,False
"đất đỏ, Phật sét",ꪒꪲꪙ ꪵꪒꪉ,True
đất đen,ꪒꪲꪙ ꪒꪾ,False
đất đai,ꪒꪲꪙ ꪒꪮꪙ,False
đất bồi,ꪒꪲꪙ ꪬ꪿ꪱ,False
đất với,ꪒꪲꪙ ꪬ꪿ꪱ,True
đất hoang,ꪒꪲꪙ ꪹꪭ꫁,False
đất hoang,ꪎꪳꪚ ꪹꪭ꫁,True
"đất thiết,",ꪒꪲꪙ ꪹꪭ꫁,True
đất mượn,ꪒꪲꪙ ꪄꪲ꫁ ꪄꪺꪥ,False
lụt mượn,ꪒꪲꪙ ꪄꪲ꫁ ꪄꪺꪥ,True
đất nước,ꪒꪲꪙ ꪹꪣꪉ,False
"Ông, nước",ꪒꪲꪙ ꪹꪣꪉ,True
"miền ngược, mạn ngược",ꪒꪲꪙ ꪹꪘ,False
miền giếc nánh ngược,ꪒꪲꪙ ꪹꪘ,True
"miền ngược, mạn ngược",ꪒꪲꪙ ꪹꪨꪱ꪿,True
miền núi,ꪒꪲꪙ ꪝꪴ,False
miền xuôi,ꪒꪲꪙ ꪻꪔ꫁,False
sầm xuôi,ꪒꪲꪙ ꪻꪔ꫁,True
đất cát,ꪒꪲꪙ ꪏꪱꪥ,False
đóm,ꪒꪲ꪿ꪙ,False
đuốc,ꪒꪲ꪿ꪙ,False
giãy,ꪒꪲ꫁ꪙ,False
điên người,ꪒꪲꪙ ꪚ꫁ꪱ,False
"ngọ ngoạy, ngo ngoe",ꪒꪲ꫁ꪙ ꪁꪩ꪿ꪱꪫ ꪁꪩ꪿ꪱꪫ,False
"ngọ ngoạy, náu ngoe",ꪒꪲ꫁ꪙ ꪁꪩ꪿ꪱꪫ ꪁꪩ꪿ꪱꪫ,True
nhăm nhăm,ꪒꪲ꫁ꪙ ꪁ꫁ꪺꪀ ꪁ꫁ꪺꪀ,False
giãy liên tục,ꪒꪲ꫁ꪙ ꪹꪥꪱ꪿ ꪹꪥꪱ꪿,False
giãy liên tục,ꪹꪫꪷ꪿ꪙ ꪹꪥꪱ꪿ ꪹꪥꪱ꪿,True
giãy nảy,ꪒꪲ꫁ꪙ ꪒ꪿ꪽ,False
giãy nảy,ꪒꪲ꫁ꪙ ꪵꪕꪉ,True
giãy giụa,ꪒꪲ꫁ꪙ ꪒ꪿ꪺꪉ,False
giãy giụa,ꪒꪲ꫁ꪙ ꪢꪳꪙ,True
"quần quại, quằn quặn",ꪒꪲ꫁ꪙ ꪄꪺꪒ ꪄꪺꪒ,False
"quần quại, quằn quặn",ꪒꪲ꫁ꪙ ꪕꪴꪣ ꪄꪺꪒ,True
nhấp nhổm,ꪒꪲ꫁ꪙ ꪔꪳ꪿ꪉ ꪔꪳ꪿ꪉ,False
nhấp nhổm,ꪒꪲ꫁ꪙ ꪔꪳ꪿ꪉ ꪩ꫁ꪱ,True
ngải cứu,ꪒꪲ꪿ꪉ ꪒꪲ꫁,False
sống,ꪒꪲꪚ,False
tươi,ꪒꪲꪚ,False
xanh,ꪒꪲꪚ,False
đẫy,ꪒꪲꪚ,True
sống sít,ꪒꪲꪚ ꪵꪒꪉ,False
thươn sít,ꪒꪲꪚ ꪵꪒꪉ,True
nhảy,ꪒꪲꪒ,False
nảy,ꪒꪲꪒ,False
sần,ꪒꪲꪒ,True
bật,ꪒꪲꪒ,False
bật,ꪹꪄꪸꪚ,True
ôm chầm,ꪒꪲꪒ ꪊꪾꪚ,False
ôm búa,ꪭꪳ꪿ꪉ ꪊꪾꪚ,True
nhảy dây,ꪒꪲꪒ ꪹꪋꪀ,False
nhảy dây,ꪒꪲꪒ ꪵꪀ꪿ꪣ,True
búng,ꪒꪲꪒ ꪀ꪿ꪮꪀ,False
nhảy xổ,ꪒꪲꪒ ꪤꪱꪒ,False
nhảy xổ,ꪖꪳ꫁ ꪤꪱꪒ,True
nhảy xổ,ꪒꪲꪒ ꪵꪎꪀꪀ,True
nhảy phốc,ꪒꪲꪒ ꪶꪤ꪿ꪀ,False
sâm phốc,ꪒꪲꪒ ꪶꪤ꪿ꪀ,True
nhảy tổm,ꪒꪲꪒ ꪶꪤ꪿ꪀ,True
lượn lồ,ꪒꪲꪒ ꪒꪸꪉ,False
bần bật,ꪒꪲꪒ ꪒꪲꪒ,False
bần lịm,ꪒꪲꪒ ꪒꪲꪒ,True
chồm,ꪒꪲꪒ ꪶꪄꪤꪉ,False
khảu,ꪒꪲꪒ ꪶꪄꪤꪉ,True
nhảy tót,ꪒꪲꪒ ꪡꪰꪒ,False
nhảy tót,ꪒꪲꪒ ꪹꪋꪀ,True
"bắn, văng",ꪒꪲꪒ ꪹꪠꪷꪒ,False
"bắn, thốt",ꪒꪲꪒ ꪹꪠꪷꪒ,True
"bắn, văng",ꪻꪁ꪿ ꪹꪠꪷꪒ,True
nhảy tót,ꪒꪲꪒ ꪝꪳꪒ,False
chần tót,ꪒꪲꪒ ꪶꪎꪒ,True
nhảy nhót,ꪒꪲꪒ ꪵꪕꪫ,False
nhảy xồ,ꪒꪲꪒ ꪕꪳ꫁,False
sọ xồ,ꪒꪲꪒ ꪕꪳ꫁,True
đò,ꪓꪷ,False
đọc,ꪓ꫁ꪮꪀ,False
quàn,ꪒꪮꪥ,False
"liệm, khâm liệm",ꪒꪮꪥ,False
"liệm, quạt liệm",ꪒꪮꪥ,True
nỏ khâm liệm,ꪒꪮꪥ,True
sóng soài,ꪒꪮꪥ ꪒꪳ꪿ꪉ,False
sóng soài,ꪁ꫁ꪮꪙ ꪒꪳ꪿ꪉ,True
đi rửa,ꪒ꫁ꪮꪥ,False
đi rửa,ꪢ꪿ꪱꪥ,True
hảu ăn,ꪒ꫁ꪮꪥ ꪶꪎꪚ,False
nói luôn mồm,ꪒ꫁ꪮꪥ ꪶꪎꪚ,False
"nói luôn nách,",ꪒ꫁ꪮꪥ ꪶꪎꪚ,True
"đòi, triệu",ꪓꪮꪥ,False
kén,ꪒꪮꪀ,False
trương,ꪒꪮꪀ,True
"mục, ải",ꪒꪮꪀ,False
kia ải,ꪒꪮꪀ,True
dạp,ꪒꪮꪣ,False
luống,ꪒꪮꪙ,False
kham,ꪒꪮꪙ,True
lô,ꪒꪮꪙ,False
"khu, khoảnh gò",ꪒꪮꪙ,False
"khu, khoảnh gò",ꪁꪱꪚ,True
"khu, khoảnh sáng",ꪒꪮꪙ,True
bãi,ꪒꪮꪙ,False
núi,ꪒꪮꪙ,True
"đảo, cồn",ꪒꪮꪙ,False
nườm cồn,ꪒꪮꪙ,True
"cù lao, bơn",ꪒꪮꪙ ꪀꪱꪉ,False
cù lễ bơn,ꪒꪮꪙ ꪀꪱꪉ,True
cù ăng bơn,ꪒꪮꪙ ꪀꪱꪉ,True
mỏm dất,ꪒꪮꪙ ꪥ꪿ꪺ,False
mỏm dất,ꪔꪱꪀ ꪥ꪿ꪺ,True
"mũi đất, doi đất, rẻo",ꪒꪮꪙ ꪥ꪿ꪺ,False
"rực, đất, doi đổ, rẻo",ꪒꪮꪙ ꪥ꪿ꪺ,True
"mũi đất, doi quành rẻo",ꪒꪮꪙ ꪥ꪿ꪺ,True
mộ địa,ꪒꪮꪙ ꪵꪭ꪿ꪫ,False
nhẻm lớt,ꪒꪮꪙ ꪵꪭ꪿ꪫ,True
trắng,ꪒ꪿ꪮꪙ,False
trắng,kả,True
"trắng tinh, trắng bong",ꪒ꪿ꪮꪙ ꪊꪰꪀ,False
"trèo, tinh, cầy bong",ꪒ꪿ꪮꪙ ꪊꪰꪀ,True
"trắng tinh, trắng bong",ꪡꪴ꫁ ꪅꪩ꪿ꪮꪉ,True
trắng trẻo,ꪒ꪿ꪮꪙ ꪋ꫁ꪮꪥ,False
trắng dã,ꪒ꪿ꪮꪙ ꪶꪁꪩꪙ,False
trắng toát,ꪒ꪿ꪮꪙ ꪶꪭꪉ ꪶꪭꪉ,False
"vợ, toát",ꪒ꪿ꪮꪙ ꪶꪭꪉ ꪶꪭꪉ,True
"gối, toát",ꪒ꪿ꪮꪙ ꪓꪱꪫ ꪶꪭꪉ,True
trắng trong,ꪒ꪿ꪮꪙ ꪭꪴ꪿ꪉ,False
trắng trong,ꪒ꪿ꪮꪙ ꪜ꫁ꪱꪙ,True
"nhích, trong",ꪒ꪿ꪮꪙ ꪭꪴ꪿ꪉ,True
trắng nõn,ꪒ꪿ꪮꪙ ꪄꪱꪫ,False
"trắng ba,",ꪒ꪿ꪮꪙ ꪄꪱꪫ,True
trắng nõn,ꪵꪨ꪿ ꪄꪱꪫ,True
trắng ngà,ꪒ꪿ꪮꪙ ꪹꪄ꫁ꪉ,False
trắng ngà,ꪒ꪿ꪮꪙ ꪶꪠ꪿ꪀ,True
trắng hếu,ꪒ꪿ꪮꪙ ꪶꪨ꫁ꪥ ꪶꪨ꫁ꪥ,False
trắng hếu,ꪒ꪿ꪮꪙ ꪶꪨ꫁ꪥ ꪶꪣꪒ,True
trắng bông,ꪒ꪿ꪮꪙ ꪹꪨ꫁ꪙ,False
xà bông,ꪒ꪿ꪮꪙ ꪹꪨ꫁ꪙ,True
trắng ngồn ngộn,ꪒ꪿ꪮꪙ ꪶꪮꪨꪒ,False
trắng ngụ ngộn,ꪒ꪿ꪮꪙ ꪶꪮꪨꪒ,True
trắng bốp,ꪒ꪿ꪮꪙ ꪶꪮꪜꪚ,False
trắng khôn,ꪒ꪿ꪮꪙ ꪶꪮꪜꪚ,True
trắng lôm lốp,ꪒ꪿ꪮꪙ ꪶꪮꪜꪚ,False
"trắng khoang, cot",ꪒ꪿ꪮꪙ ꪶꪮꪜꪚ,True
rỗi lôm lốp,ꪒ꪿ꪮꪙ ꪶꪮꪜꪚ,True
trắng xoá,ꪒ꪿ꪮꪙ ꪜꪴ꪿ꪣ,False
"vốc phất,",ꪒ꪿ꪮꪙ ꪜꪴ꪿ꪣ,True
trắng xoá,ꪶꪥ ꪜꪴ꪿ꪣ,True
trắng trẻo,ꪻꪎ,False
trắng ngần,ꪻꪎ,False
trắng tẩm,ꪻꪎ,True
trắng tinh,ꪻꪎ,False
"chót, tinh",ꪻꪎ,True
trắng bệch,ꪒ꪿ꪮꪙ ꪵꪎꪀꪀ,False
trắng bệch,ꪒ꪿ꪮꪙ ꪵꪋꪙ,True
vỏ,ꪒꪮꪉ,False
vỏ chăn,ꪒꪮꪉ ꪡꪱ,False
vỏ chăn,ꪒꪮꪉ ꪨꪱꪚ,True
củ cẩm,ꪒ꪿ꪮꪉ,False
đông,ꪒ꪿ꪮꪉ,False
lùm,ꪕꪳ꪿ꪀ,True
đóng,ꪒ꪿ꪮꪉ,False
"đóng, chiếm dóng",ꪒ꪿ꪮꪉ,False
vọng,ꪒꪮꪒ,False
tạc,ꪒꪮꪒ,True
dộc,ꪶꪓ꫁ꪀ,False
ngã nước,ꪶꪓ꫁ꪀ ꪙꪾ꫁,False
ngã lánh,ꪶꪓ꫁ꪀ ꪙꪾ꫁,True
"tháo dạ, đi lỏng",ꪶꪓ꫁ꪀ ꪕ꫁ꪮꪉ,False
"tháo dạ, tháng, lỏng",ꪶꪓ꫁ꪀ ꪕ꫁ꪮꪉ,True
"kiệt, dạ, đi lỏng",ꪶꪓ꫁ꪀ ꪕ꫁ꪮꪉ,True
"đôi, cặp",ꪶꪒꪥ,False
chẵn,ꪶꪒꪥ,False
đôi lứa,ꪶꪒꪥ ꪎꪮꪉ,False
đôi lứa,ꪶꪒꪥ ꪤꪷ꪿,True
đối,ꪶꪒ꪿ꪥ,False
đối,ꪮꪮꪒ,True
đối xử,ꪶꪒ꪿ꪥ,False
lảnh xử,ꪶꪒ꪿ꪥ,True
ngửi,ꪶꪒꪣ,False
say,ꪶꪒꪙ,False
hờn,ꪶꪒꪙ,False
"đĩ,",ꪶꪒꪙ,True
"say sưa, mê mải: ép đồn: say sưa học; mê mải học",ꪶꪒꪙ,False
"say thói nhừ, mải: ép đồn: say sưa học; mê mải học",ꪶꪒꪙ,True
say quạch mê mải: ép cứ say sưa nhứa mê mải hít,ꪶꪒꪙ,True
quyết chí,ꪶꪒꪙ ꪻꪊ,False
kềnh càng,ꪶꪒꪙ ꪶꪒ,False
"sàn, càng",ꪶꪒꪙ ꪶꪒ,True
đấu,ꪶꪒ꪿ꪙ,False
lây,ꪖꪱꪥ,True
"phên,",ꪶꪒ꪿ꪙ,True
"cái, cây",ꪶꪒ꫁ꪙ,False
o cây,ꪶꪒ꫁ꪙ,True
"que, thanh",ꪶꪒ꫁ꪙ,False
dồn,ꪶꪓꪙ,False
rừng thưa,ꪶꪒꪉ,False
đông,ꪶꪒꪉ,False
đông,ꪶꪒꪉ,False
đông,ꪨꪷ꫁,True
khu rừng tế lễ,ꪶꪒꪉ ꪹꪎꪸꪙ,False
"trông, nhọt tế lễ",ꪶꪒꪉ ꪹꪎꪸꪙ,True
"khu thằng dúi, lễ",ꪶꪒꪉ ꪹꪎꪸꪙ,True
hói,ꪶꪒꪉ,False
hói,ꪅꪲ,True
mẹt,ꪶꪒ꫁ꪉ,False
đâm,ꪹꪒꪷꪣ,False
sấn,ꪹꪒꪷꪣ,False
sấn,ꪶꪒꪉ,True
lấc,ꪹꪒꪷꪣ,True
lao nhanh như chớp,ꪹꪒꪷꪣ ꪊꪨꪸ꪿ꪀ,False
"lao ôi, như chớp",ꪻꪁ꪿ ꪊꪨꪸ꪿ꪀ,True
lăn xả,ꪹꪒꪷꪣ ꪩꪴ꪿,False
lăn xả,ꪡꪴ꫁ꪉ ꪩꪴ꪿,True
đâm sầm,ꪹꪒꪷꪣ ꪔꪾ,False
sấn sổ,ꪹꪒꪷꪣ ꪏꪴꪒ,False
sấn sổ,ꪹꪒꪷꪣ ꪘ꫁ꪱꪫ,True
sấn hài,ꪹꪒꪷꪣ ꪏꪴꪒ,True
đơn,ꪹꪒꪷꪙ,False
đơn,ꪕꪮꪒ,True
"lé, lác",ꪹꪒꪷꪙ,False
"lé, lác",ꪵꪝ,True
cất cánh,ꪹꪒꪷꪙ ꪒꪴ꪿ꪉ,False
xa lìa,ꪹꪒꪷꪙ ꪼꪜ꪿,False
xa lìa,ꪔꪱꪙ ꪼꪜ꪿,True
đơn từ,ꪹꪒꪷꪙ ꪹꪕꪷ,False
tơ nổi,ꪫ꫁ꪮꪉ ꪹꪕꪷ,True
"trông, nom",ꪒꪴ,False
"xem, coi",ꪒꪴ,False
"xem, coi",ꪻꪢ꫁,True
"chọn ngày, xem ngày",ꪒꪴ ꪣꪳ꫁,False
"đáng, ngày, xem ngày",ꪒꪴ ꪣꪳ꫁,True
coi trọng,ꪒꪴ ꪒꪲ,False
coi trọng,ꪶꪅꪥ꪿ꪉ ꪒꪲ,True
"coi thường, xem thường, xem khinh",ꪒꪴ ꪉ꪿ꪱꪥ,False
"coi thường, xem thường, xem xoe",ꪒꪴ ꪝꪙꪱꪫ,True
"coi thường, xem thường, xem khinh",ꪹꪢꪒ ꪉ꪿ꪱꪥ,True
giấc,ꪒꪺ,False
đợt,ꪒꪺ,False
cơn,ꪒꪺ,False
giấc nồng,ꪒꪺ ꪶꪒꪙ,False
xương,ꪒꪴꪀ,False
mồ,ꪒꪴꪀ,True
dinh,ꪒꪴꪀ,False
"nháy,",ꪶꪋꪉ꫁ꪀ,True
xương quai sanh,ꪒꪴꪀ ꪚ꪿ꪱ,False
xương quai sanh,ꪒꪴꪀ ꪅꪰꪀ,True
muốn quai xọc,ꪒꪴꪀ ꪚ꪿ꪱ,True
xương hàm,ꪒꪴꪀ ꪁꪱꪉ,False
xương chủm:,ꪒꪴꪀ ꪁꪱꪉ,True
xương sụn,ꪒꪴꪀ ꪋꪮꪒ,False
đắp sụn,ꪒꪴꪀ ꪋꪮꪒ,True
xương ống nhỏ,ꪒꪴꪀ ꪁꪷ꪿,False
xương ống to,ꪒꪴꪀ ꪶꪁ꪿,False
"xương ống xương,",ꪒꪴꪀ ꪶꪁ꪿,True
xương tốp to,ꪒꪴꪀ ꪶꪁ꪿,True
"xương chậu, xương hông",ꪒꪴꪀ ꪶꪀꪥ,False
"xương chậu, lùa hông",ꪒꪴꪀ ꪶꪀꪥ,True
"xương chậu, tủm, hông",ꪒꪴꪀ ꪶꪀꪥ,True
xương xảu,ꪒꪴꪀ ꪒ꫁ꪱꪫ,False
phều xảu,ꪒꪴꪀ ꪒ꫁ꪱꪫ,True
đeo xảu,ꪒꪴꪀ ꫛ,True
xương sống,ꪒꪴꪀ ꪨꪰꪉ,False
xương máu,ꪒꪴꪀ ꪹꪩꪒ,False
xương sườn,ꪒꪴꪀ ꪒ꫁ꪱꪉ,False
thẳng,ꪒꪴ꪿ꪉ,False
dốc ngược,ꪒꪴ꪿ꪉ,False
dốc sum,ꪜꪴ,True
"cây bẩy, gậy bẩy",ꪒꪴ꫁ꪉ,False
"cây bẩy, mọng, bẩy",ꪒꪴ꫁ꪉ,True
"thẻ bẩy, găng ươn",ꪒꪴ꫁ꪉ,True
giật mình,ꪒꪴ꫁ꪉ,False
hãi mình,ꪒꪴ꫁ꪉ,True
xà beng,ꪒꪴ꫁ꪉ ꪹꪨꪸ꪿ꪀ,False
xà xà,ꪒꪴ꫁ꪉ ꪹꪨꪸ꪿ꪀ,True
giật bắn người,ꪒꪴ꫁ꪉ ꪎꪴꪒ,False
giật bắn côn,ꪒꪴ꫁ꪉ ꪎꪴꪒ,True
giật yểu người,ꪒꪴ꫁ꪉ ꪎꪴꪒ,True
"chột dạ, chột lòng",ꪒꪴ꫁ꪉ ꪎꪴꪒ,False
"mủng dạ, chột lòng",ꪒꪴ꫁ꪉ ꪎꪴꪒ,True
"chột dạ, rộm lòng",ꪒꪴ꫁ꪉ ꪎꪴꪒ,True
tới,ꪒ꪿ꪺꪙ,False
tới,ꪵꪚꪀ,True
lui tới,ꪒ꪿ꪺꪙ ꪹꪔꪱ꫁,False
"chạy trốn, bỏ trốn",ꪒ꪿ꪺꪙ ꪵꪕꪫ,False
"chạy trốn, bỏ xương",ꪮꪢꪮꪀ ꪵꪕꪫ,True
cụt,ꪒ꫁ꪺꪙ,False
sâu măng,ꪒ꫁ꪺꪉ ꪘꪷ꪿,False
sâu măng,ꪨꪴ꫁ꪣ ꪘꪷ꪿,True
sâu măng,ꪅꪴꪥ ꪘꪷ꪿,True
sâu chít,ꪒ꫁ꪺꪉ ꪵꪄꪣ,False
sâu thưởng,ꪒ꫁ꪺꪉ ꪵꪄꪣ,True
cựa,ꪹꪒ,False
sung,ꪹꪒ꪿,False
sung,ꪚꪲꪚ,True
ngái,ꪹꪒ꪿ ꪜ꪿ꪮꪉ,False
ngái,ꪢ꫁ꪺꪙ ꪜ꪿ꪮꪉ,True
khuya,ꪒꪳ꪿ꪀ,False
đức,ꪒꪳ꪿ꪀ,False
"khuya khoắt, đêm khuya",ꪒꪳ꪿ꪀ ꪒꪳ꪿ꪙ,False
"khuya khoắt, đêm óng",ꪒꪳ꪿ꪀ ꪒꪳ꪿ꪙ,True
ngâm,ꪒꪳꪉ,False
"len,",ꪒꪳꪉ,True
mòng,ꪹꪒꪀ,False
bẩy,ꪹꪒ꪿ꪉ,False
giao,ꪹꪒ꪿ꪉ,True
bẩy,ꪁ꪿ꪮꪙ,True
bập bềnh,ꪹꪒ꪿ꪉ,False
chần bềnh,ꪹꪒ꪿ꪉ,True
mắt,ꪔꪱ,False
"mắt, mấu",ꪔꪱ,False
sẹo,ꪔꪱ,False
trà,ꪔꪱ,True
giải quyết,ꪔꪱ,False
bàn luận,ꪔꪱ ꪛꪱꪙ,False
"mắt dại, mắt đờ",ꪔꪱ ꪁ꫁ꪱꪉ,False
"tuồi dại, mắt đờ",ꪔꪱ ꪁ꫁ꪱꪉ,True
lác mắt,ꪔꪱ ꪁ꫁ꪱꪉ,False
"mọn, xúi",ꪔꪱ ꪁ꫁ꪱꪉ,True
nghếch mắt,ꪔꪱ ꪁ꫁ꪱꪉ,False
"nghếch dẫn,",ꪔꪱ ꪁ꫁ꪱꪉ,True
tuy mắt,ꪔꪱ ꪁ꫁ꪱꪉ,True
háy mắt,ꪔꪱ ꪤꪱꪚ,False
háy mắt,ꪔꪱ ꪵꪖ,True
diện tích,ꪔꪱ ꪒꪲꪙ,False
diện tích,ꪔꪱ ꪶꪄꪤꪚ,True
sáng mắt,ꪔꪱ ꪭꪴ꪿ꪉ,False
sáng quýt,ꪔꪱ ꪭꪴ꪿ꪉ,True
trơ mắt,ꪔꪱ ꪭꪴ꪿ꪉ,False
"lượn, mắt",ꪔꪱ ꪭꪴ꪿ꪉ,True
trơ tổm,ꪔꪱ ꪩꪲ꫁,True
mắt trắng dã,ꪔꪱ ꪄꪱꪫ,False
"mắt trắng đỡ,",ꪔꪱ ꪄꪱꪫ,True
trợn trừng,ꪔꪱ ꪄꪾ,False
"ảo, trừng",ꪔꪱ ꪄꪾ,True
gườm,ꪔꪱ ꪵꪄꪫ,False
mắt cáo,ꪔꪱ ꪵꪨꪫ,False
mắt cáo,ꪬꪰꪒ ꪵꪨꪫ,True
phên mắt cáo,ꪔꪱ ꪵꪨꪫ,False
rối mắt cáo,ꪔꪱ ꪵꪨꪫ,True
mắt dấp dính,ꪔꪱ ꪨꪴ꪿,False
mắt quãng dính,ꪔꪱ ꪨꪴ꪿,True
lời lãi,ꪔꪱ ꪢ꫁ꪱ,False
lời lãi,ꪔꪱ ꪁꪲ,True
lời lãi,ꪮꪲ꪿ꪣ ꪢ꫁ꪱ,True
mắt lưới,ꪔꪱ ꪣꪮꪉ,False
chân ruộng,ꪔꪱ ꪙꪱ,False
"chân chơi,",ꪔꪱ ꪙꪱ,True
tiền mặt,ꪔꪱ ꪹꪉꪷꪙ,False
"số lẻ, số dư",ꪔꪱ ꪜꪱꪥ,False
mắt lờ đờ,ꪔꪱ ꪜꪸꪀ,False
mắt lờ khoẻ,ꪔꪱ ꪜꪸꪀ,True
mắt sáng quắc,ꪔꪱ ꪜꪮꪀ,False
mù,ꪔꪱ ꪵꪔꪀ,False
"ong mật, ong ruồi",ꪔꪱ ꪔꪸ꪿ꪙ,False
"ong mật, ong kiềng",ꪔꪱ ꪔꪸ꪿ꪙ,True
"ong mật, dáng ruồi",ꪔꪱ ꪔꪸ꪿ꪙ,True
"dù, dầu, cho dù",ꪔꪱ ꪫ꪿ꪱ,False
"dù, dầu, khoeo, dù",ꪶꪋꪣ ꪫ꪿ꪱ,True
mặt trời,ꪔꪱ ꪹꪫꪸꪙ,False
mặt trời,ꪢꪸ꪿ꪉ ꪹꪫꪸꪙ,True
thế nào,ꪔꪱ ꪏꪳ,False
xái nào,ꪔꪱ ꪏꪳ,True
té,ꪔ꫁ꪱ,False
"mát,",ꪵꪙꪀ,True
coi,ꪔ꫁ꪱ,False
qui,ꪔ꫁ꪱ,False
vãi,ꪶꪝꪉ,True
tính,ꪔ꫁ꪱ,False
"đắp,",ꪵꪕꪫ,True
đánh,ꪔ꫁ꪱ,False
đánh,ꪣꪱ,True
"coi như, cho là",ꪔ꫁ꪱ ꪋꪳ꪿,False
"khối, điều vảy là",ꪒꪲ ꪋꪳ꪿,True
coi giờn táp là,ꪔ꫁ꪱ ꪋꪳ꪿,True
úm,ꪔ꫁ꪱ ꪩ꫁ꪱꪣ,False
bôi,ꪕꪱ,False
chọn,ꪕꪱ,True
quét,ꪕꪱ,False
đánh,ꪕꪱ,False
đùn,ꪕꪱ,True
gian phi,ꪕꪱ ꪊꪱꪙ,False
bôi qua,ꪕꪱ ꪕꪲ,False
bôi qua,ꪊꪰꪒ ꪕꪲ,True
"bến, bến nước",ꪕ꪿ꪱ,False
kèm sam nước,ꪕ꪿ꪱ,True
bến nước nguồn,ꪕ꪿ꪱ ꪚꪷ꪿,False
"sướng mạ, chân mạ",ꪕ꪿ꪱ ꪀ꫁ꪱ,False
chặng nghỉ chân,ꪕ꪿ꪱ ꪵꪩꪉ,False
nhuần nghỉ chân,ꪕ꪿ꪱ ꪵꪩꪉ,True
chặng nghỉ chân,ꪵꪓꪙ ꪵꪩꪉ,True
bến nước có bắc máng,ꪕ꪿ꪱ ꪩꪲꪙ,False
"thiếc, nước có bắc máng",ꪕ꪿ꪱ ꪩꪲꪙ,True
bến sông,ꪕ꪿ꪱ ꪨꪺꪉ,False
bến húc,ꪕ꪿ꪱ ꪨꪺꪉ,True
"bờ bến, bến bờ",ꪕ꪿ꪱ ꪠꪰ꪿ꪉ,False
tạ,ꪕ꫁ꪱ,False
tạ,ꪹꪯꪸꪫ,True
chết,ꪔꪱꪥ,False
khô,ꪔꪱꪥ,False
khô,ꪶꪤꪒ,True
"thỉu,",ꪔꪱꪥ,True
quái ác,ꪔꪱꪥ ꪮ꪿ꪱꪀ,False
nên ác,ꪔꪱꪥ ꪮ꪿ꪱꪀ,True
chết thảm thương,ꪔꪱꪥ ꪚꪱꪚ,False
chết thảm thương,ꪔꪱꪥ ꪯꪴꪥ,True
chết đứ đừ,ꪔꪱꪥ ꪛꪾꪚ,False
chết đứ đừ,ꪔꪱꪥ ꪹꪘꪷ꪿ꪣ,True
chết cóng,ꪔꪱꪥ ꪀꪒ꫁ꪱꪉ,False
chết so,ꪔꪱꪥ ꪀꪒ꫁ꪱꪉ,True
chết cứng,ꪔꪱꪥ ꪀꪒ꫁ꪱꪉ,False
"chết non, mất sớm",ꪔꪱꪥ ꪹꪋꪱ꫁,False
"chết non, xeo lụk",ꪔꪱꪥ ꪹꪋꪱ꫁,True
"chết non, chước sớm",ꪔꪱꪥ ꪹꪋꪱ꫁,True
chết cả đống,ꪔꪱꪥ ꪀꪮꪉ,False
chết điếng,ꪔꪱꪥ ꪁꪳꪙ,False
các điếng,ꪔꪱꪥ ꪁꪳꪙ,True
huếch điếng,ꪔꪱꪥ ꪹꪥꪷ꪿,True
chết giả,ꪔꪱꪥ ꪁꪳꪙ,False
chết đói,ꪔꪱꪥ ꪤꪱꪀ,False
"lẫn, đói",ꪁꪾ꫁ ꪤꪱꪀ,True
thèm khát,ꪔꪱꪥ ꪤꪱꪀ,False
"thèm nhiên,",ꪔꪱꪥ ꪤꪱꪀ,True
chết ngất,ꪔꪱꪥ ꪒꪰ꫁ꪉ,False
"chồng, ngất",ꪔꪱꪥ ꪣꪲ꫁ꪙ,True
chết tiệt,ꪔꪱꪥ ꪒꪾꪚ,False
ốm đòn,ꪔꪱꪥ ꪒꪲ,False
chết dịch,ꪔꪱꪥ ꪭ꪿ꪱ,False
cóc khô,ꪔꪱꪥ ꪭ꪿ꪱ,False
quái,ꪔꪱꪥ ꪭ꪿ꪱ,False
"chết sống, sống chết",ꪔꪱꪥ ꪵꪭꪉ,False
"chết sống, sống chết",ꪒꪳ꪿ꪙ ꪵꪭꪉ,True
"chết sống, sống chết",ꪀꪺꪥ ꪵꪭꪉ,True
chết mệt,ꪔꪱꪥ ꪬꪮꪒ,False
đừng mệt,ꪔꪱꪥ ꪬꪮꪒ,True
tị,ꪔꪱꪥ ꪹꪬꪷꪉ,False
chết cả nút,ꪔꪱꪥ ꪄ꫁ꪺꪣ,False
đến chết mất,ꪔꪱꪥ ꪩ꫁ꪱ,False
"kẽ, chết mất",ꪔꪱꪥ ꪩ꫁ꪱ,True
chết rồi,ꪔꪱꪥ ꪵꪩ꫁ꪫ,False
"chết thật, chết chửa",ꪔꪱꪥ ꪨꪷ,False
chết mắc chết chửa,ꪔꪱꪥ ꪨꪷ,True
"chết thật, chết chửa",ꪩꪴꪚ ꪨꪷ,True
chết uổng,ꪔꪱꪥ ꪐꪱꪣ,False
sống còn,ꪔꪱꪥ ꪑꪰꪉ,False
chết oan,ꪔꪱꪥ ꪮꪫꪱꪙ,False
chết rể,ꪔꪱꪥ ꪮꪫꪱꪙ,True
chết đở,ꪔꪱꪥ ꪮ꪿ꪮꪙ,False
ngõa đở,ꪔꪱꪥ ꪹꪛꪸꪑ꫁,True
"chết tợn,",ꪘꪲ꫁ꪉ ꪮ꪿ꪮꪙ,True
chết vì chửa đẻ,ꪔꪱꪥ ꪝꪱꪥ,False
chết vì ngẩm đẻ,ꪔꪱꪥ ꪝꪱꪥ,True
chết vì chửa vại,ꪔꪱꪥ ꪼꪄ,True
chết như rạ,ꪔꪱꪥ ꪜ꫁ꪱꪙ,False
chết như hoắc,ꪔꪱꪥ ꪜ꫁ꪱꪙ,True
chết sạch,ꪔꪱꪥ ꪵꪠ꫁ꪫ,False
chết sạch,ꪔꪱꪥ ꪯ꫁ꪱꪫ,True
chết uổng,ꪔꪱꪥ ꪡꪮꪥ,False
"chết ốm, chết bệnh",ꪔꪱꪥ ꪜ꪿ꪺꪥ,False
"chết đứng, sững sờ",ꪔꪱꪥ ꪔꪰ꫁ꪉ,False
chết cứng,ꪔꪱꪥ ꪖ꪿ꪮꪉ,False
"muối, cứng",ꪔꪱꪥ ꪖ꪿ꪮꪉ,True
"chết vứt,",ꪔꪱꪥ ꪖ꪿ꪮꪉ,True
chết nửa người,ꪔꪱꪥ ꪖ꪿ꪮꪉ ꪁꪲꪉ,False
chết mê,ꪔꪱꪥ ꪕꪸꪒ,False
thành mê,ꪔꪱꪥ ꪕꪸꪒ,True
tị nạnh,ꪔꪱꪥ ꪎꪸꪀ,False
tị nạnh,ꪹꪘꪷ꪿ꪣ ꪎꪸꪀ,True
nhảm nạnh,ꪔꪱꪥ ꪎꪸꪀ,True
chết vì phẫn uất,ꪔꪱꪥ ꪎꪸꪒ,False
chết hói phẫn uất,ꪔꪱꪥ ꪎꪸꪒ,True
chết tảng phẫn uất,ꪔꪱꪥ ꪎꪸꪒ,True
mạn,ꪕ꫁ꪱꪥ,False
mạn thuyền,ꪕ꫁ꪱꪥ ꪹꪭ,False
mạn xúm,ꪕ꫁ꪱꪥ ꪹꪭ,True
phơi,ꪔꪱꪀ,False
"gắt,",ꪔꪱꪀ,True
sườn sượt,ꪔꪱꪀ ꪀ꫁ꪱꪣ,False
rục sượt,ꪔꪱꪀ ꪀ꫁ꪱꪣ,True
dãi thẻ,ꪔꪱꪀ ꪵꪄ,False
"dãi víu,",ꪜꪴ꫁ꪣ ꪵꪄ,True
quay tít,ꪔꪱꪀ ꪵꪉ꪿ꪉ ꪵꪉ꪿ꪉ,False
quay đợ,ꪔꪱꪀ ꪵꪉ꪿ꪉ ꪵꪉ꪿ꪉ,True
vắt,ꪕꪱꪀ,False
đo,ꪕꪱꪀ,False
"nghiêng,",ꪕꪱꪀ,True
đo,ꪭꪸ꫁ꪫ,True
"tìm cách, kiếm cách",ꪕꪱꪀ,False
"tìm cách, kiếm lắm",ꪕꪱꪀ,True
đo đạc,ꪕꪱꪀ ꪢꪱꪥ,False
đo đạc,ꪊꪰꪒ ꪢꪱꪥ,True
đo đạc,ꪕꪱꪀ ꪋꪲꪚ,True
sắp đặt,ꪕꪱꪀ ꪜꪴꪙ,False
sắp đặt,ꪕꪱꪀ ꪮꪷ꫁,True
kiếm cớ,ꪕꪱꪀ ꪫꪸꪀ,False
"tra, gắn",ꪔꪱꪣ,False
"tra, nghẹn",ꪔꪱꪣ,True
nối,ꪔꪱꪣ,False
đun,ꪔꪱꪣ,False
mặc lòng,ꪔꪱꪣ ꪻꪊ,False
dẻo lòng,ꪔꪱꪣ ꪻꪊ,True
tùy ý,ꪔꪱꪣ ꪻꪊ,False
tùy ý,ꪎꪸꪣ ꪋꪸꪉ,True
tùy sịch,ꪔꪱꪣ ꪻꪊ,True
động tóc,ꪔꪱꪣ ꪋ꫁ꪮꪉ,False
ước vọng,ꪔꪱꪣ ꪒꪲ,False
ước vọng,ꪹꪫꪷꪉ ꪒꪲ,True
nối đuôi,ꪔꪱꪣ ꪬꪱꪉ,False
nối đuôi,ꪔꪱꪣ ꪹꪡꪉ,True
theo lệ,ꪔꪱꪣ ꪭꪲꪒ,False
theo ngòi,ꪔꪱꪣ ꪭꪲꪒ,True
"theo lề thói, theo tục",ꪔꪱꪣ ꪅꪮꪉ,False
"Bủa lề thói, theo tục",ꪔꪱꪣ ꪅꪮꪉ,True
mửa mật,ꪔꪱꪣ ꪔꪱꪥ,False
mửa mật,ꪑꪸꪒ ꪔꪱꪥ,True
đến cùng,ꪔꪱꪣ ꪔꪱꪥ,False
đến cùng,ꪔꪱꪣ ꪩꪸꪚ,True
độn vải,ꪔꪱꪣ ꪔ꫁ꪮꪥ,False
độn hì,ꪔꪱꪣ ꪔ꫁ꪮꪥ,True
lục tục,ꪔꪱꪣ ꪎꪱꪥ,False
tỉnh bơ,ꪔꪱꪣ ꪏꪾ ꪚꪱꪥ,False
nẹp,ꪕꪱꪣ,False
niệm,ꪕꪱꪣ,False
tàm tạm,ꪕ꫁ꪱꪣ ꪶꪕ꫁ꪉ,False
tàm tạm,ꪹꪯꪸ꫁ꪫ ꪶꪕ꫁ꪉ,True
tạm,ꪕ꫁ꪱꪣ,False
thốt nốt,ꪔꪱꪙ,False
"mẩn, nốt",ꪔꪱꪙ,True
thốt nốt,ꪑ꫁ꪱꪙ,True
hái,ꪔꪱꪙ,False
đoành,ꪔ꪿ꪱꪙ,False
ầm,ꪔ꪿ꪱꪙ,False
ầm,ꪁꪲꪚ,True
chan chát,ꪔ꪿ꪱꪙ ꪔ꪿ꪱꪙ,False
đì đẹt,ꪔ꪿ꪱꪙ ꪔꪲ꪿ꪙ,False
gọt,ꪔ꫁ꪱꪙ,False
vạt cỏ,ꪔ꫁ꪱꪙ,False
"trò chuyện, tâm tình",ꪔ꫁ꪱꪙ,False
cứ,ꪔ꫁ꪱꪙ ꪠ꫁ꪱꪙ,False
"khi,",ꪔ꫁ꪱꪙ ꪠ꫁ꪱꪙ,True
bên lẻ,ꪕꪱꪙ,False
bàn tán,ꪕꪱꪙ,False
chê bãi,ꪕꪱꪙ ꪹꪊꪸ,False
chê cười,ꪕꪱꪙ ꪬꪺ,False
chê cười,ꪮꪨꪮꪒ ꪬꪺ,True
chế nhạo,ꪕꪱꪙ ꪐꪽ,False
người,ꪕ꪿ꪱꪙ,False
chịt,ꪁꪩꪰꪉ,True
"ngài, vị",ꪕ꪿ꪱꪙ,False
thay,ꪔꪱꪉ,False
niêu,ꪔꪱꪉ,True
đậy,ꪔꪱꪉ,False
tang,ꪔꪱꪉ,False
tang,ꪹꪔꪸꪉ,True
"loại, cỡ",ꪔꪱꪉ,False
"loại, cỡ",ꪊꪲꪀ,True
"loại, cỡ",ꪋ꫁ꪱꪀ,True
thay mặt,ꪔꪱꪉ ꪘ꫁ꪱ,False
thay rủn,ꪔꪱꪉ ꪮ꪿ꪽ,True
trừ bữa,ꪔꪱꪉ ꪹꪝ꫁,False
trừ hoãng,ꪔꪱꪉ ꪹꪝ꫁,True
thay chân,ꪔꪱꪉ ꪔꪲꪙ,False
thay chân,ꪩꪱꪣ ꪁꪺꪉ,True
cửa sổ,ꪔ꪿ꪱꪉ,False
thồ,ꪔ꪿ꪱꪉ,False
thồ,ꪎꪸ꪿ꪉ,True
"cầm, cầm cố",ꪔ꪿ꪱꪉ,False
"cầm, cầm then",ꪔ꪿ꪱꪉ,True
trưa muôi cố,ꪔ꪿ꪱꪉ,True
bán đợ,ꪔ꪿ꪱꪉ,False
khác,ꪔ꪿ꪱꪉ,False
cắc,ꪔ꪿ꪱꪉ,True
nhóc,ꪔ꪿ꪱꪉ,True
chịu non,ꪔ꪿ꪱꪉ,False
"chịu trơ,",ꪔ꪿ꪱꪉ,True
nơi xa xăm,ꪔ꪿ꪱꪉ ꪋ꫁ꪽ,False
ngửa,ꪔ꪿ꪱꪉ ꪬꪱꪥ,False
"chổng kềnh, bổ chửng",ꪔ꪿ꪱꪉ ꪬꪱꪥ,False
"tiệt, du bổ chửng",ꪔ꪿ꪱꪉ ꪬꪱꪥ,True
ngoẹo,ꪔ꪿ꪱꪉ ꪈꪱꪀ,False
cửa kính,ꪔ꪿ꪱꪉ ꪵꪫ꪿ꪙ,False
"nhám, kính",ꪔ꪿ꪱꪉ ꪵꪫ꪿ꪙ,True
bấc,ꪔ꫁ꪱꪉ,False
lõi sốp,ꪔ꫁ꪱꪉ,False
phao,ꪔ꫁ꪱꪉ,False
"đường, lối",ꪕꪱꪉ,False
"đường, lối",ꪶꪯꪚ,True
đỉa lối,ꪕꪱꪉ,True
"bên, phía, đằng",ꪕꪱꪉ,False
ngon vớ đằng,ꪕꪱꪉ,True
chỗ,ꪕꪱꪉ,False
chỗ,ꪏ꪿ꪺꪙ,True
vấn đề,ꪕꪱꪉ,False
vấn đề,ꪶꪒꪉ,True
mát đề,ꪕꪱꪉ,True
"đường biển, đường bể",ꪕꪱꪉ ꪹꪚꪸ꫁,False
"đường biển, gạo bể",ꪕꪱꪉ ꪹꪚꪸ꫁,True
đường bộ,ꪕꪱꪉ ꪶꪚ꪿ꪀ,False
sàn phía cuối nhà,ꪕꪱꪉ ꪋꪱꪙ,False
đường vòng,ꪕꪱꪉ ꪶꪁ꫁ꪉ,False
"ngã ba, ngã tư",ꪕꪱꪉ ꪶꪁꪚ,False
"ngã ba, nguôi dầm",ꪮꪴ꫁ꪣ ꪶꪁꪚ,True
đường hội tụ,ꪕꪱꪉ ꪶꪁꪚ,False
đường trường,ꪕꪱꪉ ꪥꪱꪫ,False
đường trường,ꪹꪣꪸꪒ ꪥꪱꪫ,True
đường đất,ꪕꪱꪉ ꪒꪲꪙ,False
đường đất,ꪕꪱꪉ ꪖꪾ꫁,True
về sau,ꪕꪱꪉ ꪭꪲ,False
về kèo,ꪕꪱꪉ ꪜꪮꪥ,True
về sau,ꪕꪱꪉ ꪜ꫁ꪱꪫ,True
đường hẻm,ꪕꪱꪉ ꪭꪮꪣ,False
x  mang lũng tà,ꪕꪱꪉ ꪩꪴꪉ ꪔꪱ,False
nườm mang lũng tà,ꪢꪱꪥ ꪩꪴꪉ ꪔꪱ,True
x mang lũng na,ꪕꪱꪉ ꪩꪴꪉ ꪔꪱ,True
"đường cái, đường cái quan",ꪕꪱꪉ ꪨꪺꪉ,False
"đường cái, đường cái quắc",ꪕꪱꪉ ꪨꪺꪉ,True
"ngừng cái, đường cái quan",ꪕꪱꪉ ꪨꪺꪉ,True
đường sông,ꪕꪱꪉ ꪙꪾ꫁,False
đường lộn,ꪕꪱꪉ ꪙꪾ꫁,True
đường chạnh,ꪥ꪿ꪽ ꪙꪾ꫁,True
đường mòn,ꪕꪱꪉ ꪙ꫁ꪮꪥ,False
đường mòn,ꪕꪱꪉ ꪮꪲꪙ,True
nghện mòn,ꪕꪱꪉ ꪙ꫁ꪮꪥ,True
"đường đi, lối đi",ꪕꪱꪉ ꪼꪜ,False
"đường đi, lối đi",ꪕꪱꪉ ꪘ꪿ꪮꪣ,True
"đường đi, khản cửa,",ꪕꪱꪉ ꪼꪜ,True
đường ngôi,ꪕꪱꪉ ꪹꪡ꪿ꪥ ꪶꪠꪣ,False
đường quệt,ꪕꪱꪉ ꪹꪡ꪿ꪥ ꪶꪠꪣ,True
đường ngôi,ꪜꪮꪚ ꪹꪡ꪿ꪥ ꪭ꪿ꪺꪣ,True
"đường dốc, đường núi",ꪕꪱꪉ ꪝꪴ,False
đường tiễn đường núi,ꪕꪱꪉ ꪝꪴ,True
sàn phía đầu nhà,ꪕꪱꪉ ꪀ꫁ꪫꪱꪙ,False
sàn xiên đầu nhà,ꪻꪉ꪿ ꪀ꫁ꪫꪱꪙ,True
sàn đáu đầu nhà,ꪕꪱꪉ ꪀ꫁ꪫꪱꪙ,True
đường qua lại,ꪕꪱꪉ ꪵꪕꪫ,False
"đường đườn, xuê",ꪕꪱꪉ ꪵꪕꪫ,True
đường bộ,ꪕꪱꪉ ꪔꪲꪙ,False
cà bộ,ꪕꪱꪉ ꪔꪲꪙ,True
đường thẳng,ꪕꪱꪉ ꪏꪳ꪿,False
bên cạnh,ꪕꪱꪉ ꪎ꫁ꪱꪉ,False
đường quốc lộ,ꪕꪱꪉ ꪵꪎ,False
đường thẳng,ꪕꪱꪉ ꪏꪳ꪿,False
khe,ꪕ꫁ꪱꪉ,False
khe,ꪵꪀꪒ,True
dưa,ꪵꪔꪉ,False
dưa bở,ꪵꪔꪉ ꪩꪱꪥ,False
vả bở,ꪊꪱꪚ ꪩꪱꪥ,True
dưa hấu,ꪵꪔꪉ ꪙꪾ꫁,False
dưa gang,ꪵꪔꪉ ꪀꪫꪱ,False
giáng gang,ꪵꪔꪉ ꪀꪫꪱ,True
dưa gang,ꪵꪔꪉ ꪋꪮꪙ,True
dưa chuột,ꪵꪔꪉ ꪏꪰ꫁ꪉ,False
chỉ,ꪵꪔ꪿ꪉ,False
"chuyên việc, chuyên môn",ꪵꪔ꪿ꪉ,False
"chuyên việc, thao môn",ꪵꪔ꪿ꪉ,True
sửa soạn,ꪵꪔ꪿ꪉ,False
lập,ꪵꪔ꪿ꪉ,False
"thình,",ꪵꪔ꪿ꪉ,True
dựng,ꪵꪔ꪿ꪉ,False
thành lập,ꪵꪔ꪿ꪉ ꪒꪱ,False
tổ chức,ꪵꪔ꪿ꪉ ꪜꪴꪙ,False
"tổ đành,",ꪝꪮꪒ ꪜꪴꪙ,True
trừng chức,ꪵꪔ꪿ꪉ ꪜꪴꪙ,True
kiến hiết,ꪵꪔ꪿ꪉ ꪕꪾ,False
xây dựng,ꪵꪔ꪿ꪉ ꪹꪏꪱ,False
nuôi,ꪵꪔ꫁ꪉ,False
mâm,ꪵꪔ꫁ꪉ,True
nuôi dưỡng,ꪵꪔ꫁ꪉ ꪒꪴ,False
nuôi tất,ꪵꪔ꫁ꪉ ꪒꪴ,True
săn sóc,ꪵꪔ꫁ꪉ ꪒꪴ,False
săn sóc,ꪭꪴꪙ ꪒꪴ,True
săn sóc,ꪹꪄꪱ ꪒꪴ,True
chăn nuôi,ꪵꪔ꫁ꪉ ꪩꪸ꫁ꪉ,False
chăn nuôi,ꪹꪨꪱ꫁ ꪩꪸ꫁ꪉ,True
bết nuôi,ꪵꪔ꫁ꪉ ꪩꪸ꫁ꪉ,True
chọc,ꪵꪕꪉ,False
thăm,ꪵꪕꪉ,True
"đâm, xiên",ꪵꪕꪉ,False
"đâm, quơ,",ꪵꪕꪉ,True
bắt non,ꪵꪕꪉ ꪕ꫁ꪮꪉ,False
bắt khứa,ꪵꪕꪉ ꪕ꫁ꪮꪉ,True
bắt hận,ꪵꪕꪉ ꪕ꫁ꪮꪉ,True
cá,ꪵꪕ꪿ꪉ,False
đoạ,ꪵꪕ꫁ꪉ,False
cù,ꪵꪕ꫁ꪉ,True
mập,ꪵꪕ꫁ꪉ,True
gồi,ꪔꪱꪫ,False
"gióng,",ꪔꪱꪫ,True
phát,ꪔꪱꪫ,False
ván,ꪔꪱꪫ,False
thôi,ꪔꪱꪫ,False
"lần, bận",ꪔꪱꪫ,False
trở,ꪔ꪿ꪱꪫ,False
sum,ꪔ꪿ꪱꪫ,True
quay,ꪔ꪿ꪱꪫ,False
lộn lại,ꪔ꪿ꪱꪫ ꪡꪰꪒ,False
lộn tựa,ꪔ꪿ꪱꪫ ꪡꪰꪒ,True
chầu,ꪔ꫁ꪱꪫ,False
quách,ꪔ꫁ꪱꪫ,True
vo,ꪕꪱꪫ,False
đãi,ꪕꪱꪫ,False
đãi,ꪤꪰꪉ,True
tạo,ꪕ꫁ꪱꪫ,False
tạo bản,ꪕ꫁ꪱꪫ ꪚ꫁ꪱꪙ,False
"cậu ấm, công tử",ꪕ꫁ꪱꪫ ꪚ꪿ꪱꪫ,False
"cậu ấm, giục tử",ꪕ꫁ꪱꪫ ꪚ꪿ꪱꪫ,True
"tạo phìa, phìa tạo",ꪕ꫁ꪱꪫ ꪡꪸ,False
"tạo phìa, đoàn tạo",ꪕ꫁ꪱꪫ ꪡꪸ,True
"quan lại, quan nha",ꪕ꫁ꪱꪫ ꪀꪫꪱꪙ,False
"đừng, lại, quan nha",ꪕ꫁ꪱꪫ ꪀꪫꪱꪙ,True
đẽo,ꪔꪱꪚ,False
ốp,ꪔꪱꪚ,False
phất,ꪔꪱꪚ,False
phất,ꪖꪮꪒ,True
"xọp, đét",ꪔꪱꪚ ꪥ꫁ꪱꪉ,False
lồng ngực,ꪔꪱꪚ ꪹꪮꪷ꪿ꪀ,False
sàn gác,ꪕꪱꪚ,False
tan gác,ꪕꪱꪚ,True
"mạ, gác",ꪕꪱꪚ,True
"sạp, mớn",ꪕꪱꪚ,False
vũng mớn,ꪕꪱꪚ,True
đạp,ꪕꪱꪚ,False
hẵm,ꪕꪱꪚ,True
"tạp, ẩu",ꪕꪱꪚ,False
"tạp, kỉnh",ꪕꪱꪚ,True
giày xéo,ꪕꪱꪚ ꪹꪕꪸ,False
giày cộp,ꪕꪱꪚ ꪹꪕꪸ,True
táp nham,ꪕꪱꪚ ꪶꪕ,False
giát,ꪔꪱꪒ,False
thác,ꪔꪱꪒ,False
"phương,",ꪔꪱꪒ,True
nan quạt,ꪔꪱꪒ ꪫꪲ,False
toang,ꪕꪱꪒ,False
rùa,ꪹꪔꪱ꪿,False
úm,ꪹꪔꪱ꪿,True
nhâm,ꪹꪔꪱ꪿,False
"đụng, đánh đụng",ꪹꪔꪱ꪿,False
bầu,ꪹꪔꪱ꫁,False
bầu,ꪀꪲ꫁ꪣ,True
bầu,ꪹꪔꪱ꫁,False
"cố,",ꪨꪾ꫁,True
về,ꪹꪔꪱ꫁,False
bầu nậm,ꪹꪔꪱ꫁ ꪹꪄꪱ꫁,False
"lưới, biêng",ꪹꪔꪱ꫁ ꪹꪄꪱ꫁,True
bầu sao,ꪹꪔꪱ꫁ ꪝꪴ꪿ꪉ,False
"đầm cuộc,",ꪹꪔꪱ꫁ ꪝꪴ꪿ꪉ,True
rong,ꪹꪕꪱ,False
"chuồng, tàu",ꪹꪕꪱ,False
"chuồng, tàu",ꪊꪰꪒ,True
tàu,ꪹꪕꪱ,False
"lẻn,",ꪹꪕꪱ,True
rong rêu,ꪹꪕꪱ ꪼꪁ,False
tro,ꪹꪕꪱ꪿,False
tro nóng,ꪹꪕꪱ꪿ ꪹꪨꪒ,False
"tro mấu,",ꪀꪸ꪿ꪫ ꪹꪨꪒ,True
cầm cập,ꪹꪕꪱ꪿ ꪹꪕꪱ꪿,False
cầm cập,ꪶꪏꪝꪀ ꪹꪕꪱ꪿,True
đề,ꪹꪕꪱ꫁,False
đề,ꪭꪮꪣ,True
chôn,ꪹꪕꪱ꫁,True
gậy,ꪹꪕꪱ꫁,False
gậy,ꪵꪏ꫁,True
chống,ꪹꪕꪱ꫁,False
giạt,ꪹꪕꪱ꫁,True
tận,ꪹꪕꪱ꫁,False
đến,ꪹꪕꪱ꫁,False
chống nạnh,ꪹꪕꪱ꫁ ꪵꪮꪫ,False
chống tháp,ꪹꪕꪱ꫁ ꪵꪮꪫ,True
chống tay,ꪹꪕꪱ꫁ ꪵꪄꪙ,False
chống tay,ꪹꪊꪸꪨ꫁ꪙ ꪵꪄꪙ,True
khùynh tay,ꪹꪕꪱ꫁ ꪵꪄꪙ,False
khùynh nghện,ꪹꪕꪱ꫁ ꪵꪄꪙ,True
chống đũa,ꪹꪕꪱ꫁ ꪖꪴ꪿,False
chống đũa,ꪹꪕꪱ꫁ ꪝꪽ,True
mề,ꪹꪔ,False
yết,ꪹꪔ,True
dưới,ꪻꪔ꫁,False
dưới,ꪨꪳꪀ,True
xuôi,ꪻꪔ꫁,False
xuôi,ꪋꪰ꪿ꪉ,True
đây đó,ꪻꪔ꫁ ꪹꪘ,False
"tớ, đó",ꪻꪔ꫁ ꪹꪘ,True
trên dưới,ꪻꪔ꫁ ꪹꪕꪸꪉ,False
tây,ꪼꪔ,False
do,ꪼꪔ,True
lần theo,ꪼꪔ꪿,False
"qua, đi trên",ꪼꪔ꪿,False
bò,ꪼꪔ꪿,False
đe,ꪼꪔ꪿,True
leo,ꪼꪔ꪿,False
leo dây,ꪼꪔ꪿ ꪹꪋꪀ,False
độn dây,ꪼꪔ꪿ ꪹꪋꪀ,True
lưng tròng,ꪼꪔ꪿ ꪭꪲꪣ,False
rưỡi tròng,ꪼꪔ꪿ ꪭꪲꪣ,True
tẩy,ꪼꪔ꫁,False
khổ,ꪼꪔ꫁,True
tẩy,ꪼꪔ꫁,False
thắp,ꪼꪔ꫁,False
châm,ꪼꪔ꫁,False
cóng,ꪼꪔ꫁,True
soi,ꪼꪔ꫁,False
người,ꪼꪕ,False
bao,ꪼꪕ꪿,False
"măng,",ꪼꪕ꪿,True
múi,ꪼꪕ꪿,False
múi,ꪼꪁ꫁,True
lằn,ꪼꪕ꪿,False
lằn,ꪚ꫁ꪱꪣ,True
"bao tải, bao bì",ꪼꪕ꪿ ꪣ꫁ꪱ ꪜꪴ꫁,False
"mong, nẫu bao bì",ꪼꪕ꪿ ꪣ꫁ꪱ ꪜꪴ꫁,True
múc,ꪔꪰꪀ,False
múc,ꪏꪩꪮꪀ,True
xúc,ꪔꪰꪀ,False
xòm,ꪔꪰꪀ,True
"đơm, xới",ꪔꪰꪀ,False
phép tắc,ꪔꪰꪀ ꪵꪠꪚ,False
"phép mô,",ꪔꪰꪀ ꪵꪠꪚ,True
chào,ꪕꪰꪀ,False
chào hỏi,ꪕꪰꪀ ꪋꪱꪫ,False
"tèo, hỏi",ꪕꪰꪀ ꪋꪱꪫ,True
chắt mót,ꪕꪰꪀ ꪼꪕ꫁,False
chắt mót,ꪹꪭꪙ ꪼꪕ꫁,True
căn cơ,ꪕꪰꪀ ꪼꪕ꫁,False
hỏi han,ꪕꪰꪀ ꪕ꫁ꪺꪉ,False
giã,ꪔꪾ,False
sợ,ꪔꪾ,True
đâm,ꪔꪾ,False
"kệ, để mặc",ꪔꪾ ꪵꪔ꪿,False
"kệ, để mặc",ꪔꪾ ꪵꪁ꫁ꪙ,True
mặc xác,ꪔꪾ ꪵꪔ꪿ ꪜꪴ꪿,False
mặc phả,ꪔꪾ ꪵꪔ꪿ ꪜꪴ꪿,True
thấp,ꪔꪾ꪿,False
thấp,ꪹꪁꪚ,True
dệt,ꪔꪾ꪿,False
nong đôi,ꪔꪾ꪿ ꪒꪱꪫ,False
nong đôi,ꪔꪾ꪿ ꪣ꪿ꪱ,True
rập,ꪔꪾ꪿ ꪭꪮꪣ,False
dệt vải,ꪔꪾ꪿ ꪬꪴꪀ,False
dệt vải,ꪋ꫁ꪱ ꪼꪩ,True
dệt vải,ꪵꪕꪉ ꪬꪴꪀ,True
nong một,ꪔꪾ꪿ ꪕꪱꪙ,False
gài một,ꪔꪾ꪿ ꪕꪱꪙ,True
chủng chẳng,ꪔꪾ꪿ ꪕꪱꪙ,False
vạm vỡ,ꪔꪾ꪿ ꪕꪾ,False
vạm vỡ,ꪘ꫁ꪮꪉ ꪕꪾ,True
béo lẳn,ꪕꪾ,False
béo vồ,ꪕꪾ,True
"mập, bậm",ꪕꪾ,False
"mập, dở",ꪕꪾ,True
bền lòng,ꪕꪾ ꪻꪊ,False
làm dáng,ꪕꪾ ꪹꪘꪸꪒ,False
làm mông,ꪕꪾ ꪹꪘꪸꪒ,True
mẫm,ꪕꪾ ꪮꪮꪒ ꪕꪮꪒ,False
nghi,ꪕꪾ ꪵꪆꪬ꫁ ꪕꪮꪒ,True
mẫm mạp,ꪕꪾ ꪶꪕꪀ,False
ừ mạp,ꪕꪾ ꪡꪴ꫁ꪥ,True
mập mạp,ꪕꪾ ꪕꪴꪒ,False
nguyện mạp,ꪕꪾ ꪕꪴꪒ,True
mập rung,ꪕꪾ ꪕꪴꪒ,True
đặc,ꪔꪽ,False
"bịt, bít, vít",ꪔꪽ,False
"la bít, vít",ꪔꪽ,True
chẹn,ꪔꪽ,False
chẹn,ꪭꪾꪚ,True
ngạt,ꪔꪽ,False
tắc,ꪔꪽ,False
nghiệt,ꪔꪽ,False
mách,ꪔꪽ,True
dốt,ꪔꪽ,False
xẵng,ꪔꪽ,False
nến,ꪔꪽ,True
bít miệng,ꪔꪽ ꪜꪱꪀ,False
tắc tị,ꪔꪱꪙ ꪠꪲ꪿ꪫ,False
bịt bùng,ꪔꪽ ꪜꪲ꪿ꪀ,False
"lẩm, bùng",ꪔꪽ ꪜꪲ꪿ꪀ,True
đen sịt,ꪔꪽ ꪜꪲ꪿ꪀ,False
"đen dạng,",ꪔꪽ ꪜꪲ꪿ꪀ,True
dốt đặc,ꪔꪽ ꪜꪲ꪿ꪀ,False
"tịt, tịt mít",ꪔꪽ ꪜꪲ꪿ꪀ,False
truyền tịt mít,ꪔꪽ ꪜꪲ꪿ꪀ,True
bít mồm,ꪔꪽ ꪶꪎꪚ,False
bít mồm,ꪉ꫁ꪱꪫ ꪶꪎꪚ,True
chẵn,ꪕꪽ,False
tròn,ꪕꪽ,False
báo tử,ꪕꪽ,False
báo tử,ꪹꪅꪷꪙ꫁ꪀ,True
đi chủ bài,ꪕꪽ,False
nơi,ꪕꪽ,False
khẳn,ꪕꪽ,True
nhựa đánh bẫy chim,ꪔꪰꪉ,False
loãng cườm bẫy chim,ꪔꪰꪉ,True
bỏ bẩm bẫy chim,ꪔꪰꪉ,True
ghế,ꪔꪰ꪿ꪉ,False
"đòn ghế, đòn ngồi",ꪔꪰ꪿ꪉ ꪚ꫁ꪮꪣ,False
"đòn ghế, đòn ngồi",ꪹꪨꪸ꪿ꪀ ꪚ꫁ꪮꪣ,True
"đòn ghế, đòn ngồi",ꪔꪰ꪿ꪉ ꪵꪣ꫁ꪀ,True
ghế băng,ꪔꪰ꪿ꪉ ꪀ꪿ꪱ,False
ghế băng,ꪁ꫁ꪱꪉ ꪤꪴ꪿,True
ghế bành,ꪔꪰ꪿ꪉ ꪹꪁ꪿ꪥ,False
ghế dài,ꪔꪰ꪿ꪉ ꪭꪲ,False
"ghế tựa, ghế dựa",ꪔꪰ꪿ꪉ ꪮꪲꪉ,False
bàn ghế,ꪔꪰ꪿ꪉ ꪝꪱꪙ,False
dựng,ꪔꪰ꫁ꪉ,False
nọ,ꪔꪰ꫁ꪉ,True
đứng,ꪔꪰ꫁ꪉ,False
vổng,ꪔꪰ꫁ꪉ,False
bắc,ꪔꪰ꫁ꪉ,False
xây,ꪔꪰ꫁ꪉ,False
luồng,ꪔꪰ꫁ꪉ,True
tẳng cảu,ꪔꪰ꫁ꪉ ꪹꪀꪱ꫁,False
tẳng cảu,ꪔꪰ꫁ꪉ ꪔꪰꪉ,True
dựng đứng,ꪔꪰ꫁ꪉ ꪶꪊꪨꪒ,False
"gây dựng, thiết lập",ꪔꪰ꫁ꪉ ꪀꪷ꪿,False
"gây dựng, thiết lập",ꪔꪰ꫁ꪉ ꪨ꫁ꪮꪥ,True
"gây nhớ, thiết lập",ꪔꪰ꫁ꪉ ꪀꪷ꪿,True
ngẩng cổ,ꪔꪰ꫁ꪉ ꪁꪷ,False
như phỗng,ꪔꪰ꫁ꪉ ꪁꪷ,False
như phỗng,ꪔꪷ ꪁꪷ,True
bắt đầu,ꪔꪰ꫁ꪉ ꪶꪀ꪿ꪀ,False
bắt đầu,ꪔꪰ꫁ꪉ ꪚ꫁ꪱꪥ,True
khởi xướng,ꪔꪰ꫁ꪉ ꪶꪀ꪿ꪀ,False
"khởi nện,",ꪔꪰ꫁ꪉ ꪶꪀ꪿ꪀ,True
chổng mông,ꪔꪰ꫁ꪉ ꪶꪀ꫁ꪙ,False
chổng râu,ꪔꪰ꫁ꪉ ꪶꪀ꫁ꪙ,True
dựng vó,ꪔꪰ꫁ꪉ ꪵꪤ꫁,False
dựng vó,ꪔꪰ꫁ꪉ ꪎꪱꪀ,True
dỏng tai,ꪔꪰ꫁ꪉ ꪬꪴ,False
xây dựng,ꪔꪰ꫁ꪉ ꪵꪔ꪿ꪉ,False
xây dựng,ꪭꪮꪀ ꪵꪔ꪿ꪉ,True
dây,ꪕꪰꪉ,False
giằng,ꪕꪰꪉ,False
gò,ꪕꪰꪉ,False
tiên,ꪕꪰꪉ,True
nhay,ꪕꪰꪉ,False
"dằng, chăng",ꪕꪰꪉ,False
sừ: chăng,ꪕꪰꪉ,True
"dằng, xẹo",ꪕꪰꪉ,True
đâm,ꪕꪰ꪿ꪉ,False
đâm,ꪠꪱꪒ,True
"nện, đầm",ꪕꪰ꪿ꪉ,False
thúc,ꪕꪰ꪿ꪉ,False
"tăng bu, múa sạp",ꪕꪰ꪿ꪉ ꪚꪴ,False
"tăng bu, múa bê",ꪕꪰ꪿ꪉ ꪚꪴ,True
khịt mũi,ꪕꪰ꪿ꪉ ꪒꪰꪉ,False
khịt mũi,ꪹꪕꪷ꪿ꪣ ꪒꪰꪉ,True
lằn mũi,ꪕꪰ꪿ꪉ ꪒꪰꪉ,True
gan,ꪔꪾꪚ,False
đan,ꪔꪾꪚ,True
"cật, quả tối",ꪔꪾꪚ ꪩꪳꪣ,False
"to gan, lớn gan",ꪔꪾꪚ ꪻꪐ꪿,False
"nhóm, gan, lớn gan",ꪔꪾꪚ ꪅꪱꪥ,True
"to gan, lớn gan",ꪔꪾꪚ ꪎꪰꪀ,True
lo sốt vó,ꪔꪾꪚ ꪶꪬꪒ,False
lo sốt vó,ꪵꪩ꫁ ꪶꪬꪒ,True
lo sốt vó,ꪔꪾꪚ ꪭꪰ꪿ꪉ,True
đánh,ꪕꪾꪚ,False
đánh điện,ꪕꪾꪚ ꪒꪸ꫁ꪙ,False
khai điện,ꪕꪾꪚ ꪵꪯꪭꪀ,True
"đánh nấu,",ꪕꪾꪚ ꪒꪸ꫁ꪙ,True
đánh kim loại không nung,ꪕꪾꪚ ꪒꪲꪚ,False
đánh kim loại beng nung,ꪕꪾꪚ ꪒꪲꪚ,True
o ép,ꪕꪾꪚ ꪒꪲꪚ,False
o lom,ꪢꪰꪉ ꪒꪲꪚ,True
đánh đổ,ꪕꪾꪚ ꪄ꫁ꪺꪣ,False
đánh đổ,ꪕꪾꪚ ꪹꪚꪸ꪿ꪉ,True
dạng đổ,ꪕꪾꪚ ꪄ꫁ꪺꪣ,True
đánh máy,ꪕꪾꪚ ꪼꪢ꪿,False
đánh đập,ꪕꪾꪚ ꪔꪲ,False
đánh sảy,ꪕꪾꪚ ꪔꪲ,True
đánh giặc,ꪕꪾꪚ ꪹꪎꪷ꪿ꪀ,False
"đánh trắc,",ꪕꪾꪚ ꪹꪎꪷ꪿ꪀ,True
đánh kán,ꪕꪾꪚ ꪹꪎꪷ꪿ꪀ,True
tắt,ꪔꪰꪒ,False
lường,ꪔꪰꪒ,True
"chặt, đốn",ꪔꪰꪒ,False
trăng đốn,ꪔꪰꪒ,True
"chặt, ngậy",ꪔꪰꪒ,True
cắt,ꪔꪰꪒ,False
"vòi,",ꪔꪰꪒ,True
"khỏi, cất",ꪔꪰꪒ,False
mỏng cất,ꪔꪰꪒ,True
"khỏi, ngoéo",ꪭꪫꪱꪉ,True
"tắt hơi, tắt nghỉ",ꪔꪰꪒ ꪻꪊ,False
cắt đường,ꪔꪰꪒ ꪕꪱꪉ,False
cắt đường,ꪔꪰꪒ ꪊꪲꪒ,True
cắt đứt,ꪔꪰꪒ ꪕꪱꪉ,False
xắn,ꪔꪰꪒ ꪔ꪿ꪮꪙ,False
xắn,ꪢ꫁ꪺ ꪔ꪿ꪮꪙ,True
đặt,ꪕꪰꪒ,False
xếp đặt,ꪕꪰꪒ ꪜꪴꪙ,False
xếp rí,ꪕꪰꪒ ꪖ꪿ꪮꪙ,True
tràn,ꪵꪔꪒꪀ,False
từ,ꪵꪔ꪿,False
mồ,ꪵꪔ꪿,True
hồi,ꪵꪔ꪿,False
hồi trước,ꪵꪔ꪿ ꪀ꪿ꪮꪙ,False
"hồi nãy, ban nãy",ꪵꪔ꪿ ꪀꪲ꫁,False
"hồi nãy, ban nãy",ꪵꪔ꪿ ꪹꪔꪸꪣ,True
thật,ꪵꪕ꫁,False
thì,ꪵꪕ꫁,False
mua,ꪵꪔꪀ,False
vướng,ꪵꪔꪀ,True
vỡ,ꪵꪔꪀ,False
nổ,ꪵꪔꪀ,False
phang,ꪵꪬꪚ,True
tan,ꪵꪔꪀ,False
nứt,ꪵꪔꪀ,False
nẻ,ꪵꪔꪀ,False
vợ,ꪵꪔꪀ,True
nở,ꪵꪔꪀ,False
mạch,ꪵꪔꪀ,True
nút nẻ,ꪵꪔꪀ ꪄꪱꪚ,False
"rịch, giếc",ꪵꪔꪀ ꪄꪱꪚ,True
chạy loạn,ꪵꪔꪀ ꪹꪣꪉ,False
sởn loạn,ꪵꪔꪀ ꪹꪣꪉ,True
nở,ꪵꪔꪀ ꪜꪷ꫁,False
tan tác,ꪵꪔꪀ ꪵꪔꪙ,False
sứt mẻ,ꪵꪔꪀ ꪔꪴ꪿ꪣ,False
chiến tranh loạn lạc,ꪵꪔꪀ ꪹꪎꪷ꪿ꪀ,False
viết,ꪵꪔ꫁ꪣ,False
sáp,ꪶꪨꪒ,True
vẽ,ꪵꪔ꫁ꪣ,False
hơi,ꪵꪔ꫁ꪣ,True
chạm,ꪵꪔ꫁ꪣ,False
quả đen,ꪵꪔꪙ,False
ong nghệ,ꪵꪔꪙ,False
"ong thiết,",ꪵꪔꪙ,True
san,ꪵꪔ꪿ꪙ,False
bạt,ꪵꪔ꪿ꪙ,False
vớt,ꪵꪕꪙ,False
"đá, leo",ꪵꪕꪙ,False
xoãi leo,ꪵꪕꪙ,True
miếng đất cao và bằng,ꪵꪕ꪿ꪙ,False
khoảnh  đất bằng trên cao,ꪵꪕ꪿ꪙ ꪶꪝ꫁ꪙ,False
khoảnh đất bằng vụng cuộc,ꪵꪕ꪿ꪙ ꪶꪝ꫁ꪙ,True
khoảnh đất bằng chuyển cao,ꪵꪕ꪿ꪙ ꪶꪝ꫁ꪙ,True
khoảnh đất bằng trên núi,ꪵꪕ꪿ꪙ ꪝꪴ,False
"khoảnh đất quyết, trên ời",ꪵꪚꪒ ꪝꪴ,True
hàng,ꪵꪕꪫ,False
thừng,ꪵꪕꪫ,True
đạch,ꪵꪕꪫ,True
dùng,ꪵꪕꪫ,False
hắc,ꪵꪕꪫ,True
trốn,ꪵꪕꪫ,False
bon,ꪵꪕꪫ,False
"tị,",ꪹꪐꪱ꫁,True
trốn tránh,ꪵꪕꪫ ꪝ꪿ꪱꪥ,False
trốn ỏi,ꪵꪕꪫ ꪝ꪿ꪱꪥ,True
trốn trúng,ꪵꪕꪫ ꪝ꪿ꪱꪥ,True
riệt,ꪵꪕ꪿ꪫ,False
riệt,ꪵꪅꪚ,True
vòng quay theo đường riệt,ꪵꪕ꪿ꪫ,False
vòng quay theo tốt riệt,ꪵꪕ꪿ꪫ,True
chảy xiết,ꪵꪕ꪿ꪫ,False
tép diu,ꪵꪔꪚ ꪵꪥ꪿ꪉ,False
tép diu,ꪅꪴꪙ ꪵꪥ꪿ꪉ,True
lòng diu,ꪵꪔꪚ ꪵꪥ꪿ꪉ,True
chạm,ꪵꪕꪒ,False
"mến,",ꪵꪕꪒ,True
chạm,ꪩ꪿ꪺꪉ,True
đụng,ꪵꪕꪒ,False
đụng,ꪀ꪿ꪫꪱꪙ,True
an ninh,ꪵꪕꪒ ꪕꪸ꪿ꪉ,False
an ninh,ꪵꪕꪒ ꪁꪕꪮꪀ,True
lặng như tờ,ꪵꪕꪒ ꪏꪩ꪿ꪮꪣ,False
tế,ꪹꪔꪸ꪿,False
tế,ꪊꪳ꫁ꪙ,True
"cuốn vó, tế",ꪹꪔꪸ꪿,False
"cuốn vó, tế",ꪶꪀꪉ,True
thế thần sông,ꪹꪔꪸ꪿ ꪕ꪿ꪱ,False
thế hoắm sông,ꪹꪔꪸ꪿ ꪕ꪿ꪱ,True
tế lễ,ꪹꪔꪸ꪿ ꪹꪏꪷ,False
lục lọi,ꪹꪕꪸ,False
vã lọi,ꪹꪕꪸ,True
thần linh,ꪹꪕꪸ ꪚꪒꪱ,False
"đùn, đẩy",ꪹꪔꪸ꪿ꪀ,False
đút,ꪹꪔꪸ꪿ꪀ,False
lử,ꪹꪔꪸ꪿ꪀ,True
"thuồn, nhồi",ꪹꪔꪸ꪿ꪀ,False
nạng,ꪹꪔꪸ꪿ꪀ,False
túa,ꪹꪔꪸ꪿ꪀ,False
đổ xô,ꪹꪔꪸ꪿ꪀ,False
đùn dẩy,ꪹꪔꪸ꪿ꪀ ꪔꪾ,False
"lừa, dẩy",ꪹꪔꪸ꪿ꪀ ꪔꪾ,True
nhồi nhét,ꪹꪔꪸ꪿ꪀ ꪔꪾ,False
đầy,ꪹꪔꪸꪣ,False
"thương,",ꪹꪔꪸꪣ,True
trọn,ꪹꪔꪸꪣ,False
đầy tràn,ꪹꪔꪸꪣ ꪵꪋꪣ,False
"đầy hên,",ꪹꪔꪸꪣ ꪵꪋꪣ,True
ngập đầu,ꪹꪔꪸꪣ ꪬꪺ,False
nhan nhản,ꪹꪔꪸꪣ ꪩ꫁ꪱ,False
đầy ắp,ꪹꪔꪸꪣ ꪝ꫁ꪮꪀ,False
khấn ắp,ꪹꪔꪸꪣ ꪝ꫁ꪮꪀ,True
"đầy ối, đầy ói",ꪹꪔꪸꪣ ꪝꪮꪚ,False
"đầy ối, đầy ói",ꪹꪚꪷꪒ ꪝꪮꪚ,True
đầy ắp,ꪹꪔꪸꪣ ꪎꪸꪚ,False
đầy ngon,ꪹꪔꪸꪣ ꪉꪸ꫁,True
đầy tú hụ,ꪹꪔꪸꪣ ꪎꪺꪒ,False
"ngắn, ngắn ngủi, vắn",ꪹꪔꪸ꫁ꪙ,False
"ngắn, đốp ngủi, vắn",ꪊꪱꪫ,True
"ngắn, ngắn ngủi, nghét",ꪹꪔꪸ꫁ꪙ,True
ngắn hủn,ꪹꪔꪸ꫁ꪙ ꪄꪨꪲꪒ ꪮꪲꪒ,False
mạch hủn,ꪹꪔꪸ꫁ꪙ ꪄꪨꪲꪒ ꪮꪲꪒ,True
đá lọt,ꪹꪔꪸ꫁ꪙ ꪄꪨꪲꪒ ꪮꪲꪒ,True
ngắn ngủn,ꪹꪔꪸ꫁ꪙ ꪄꪨꪷ꫁ ꪚꪷ꫁,False
ngôi,ꪹꪕꪸꪙ,False
đè,ꪹꪔꪸꪉ,False
chồng chất,ꪹꪔꪸꪉ ꪀꪮꪉ,False
chồng hả,ꪹꪔꪸꪉ ꪀꪮꪉ,True
đả,ꪹꪔꪸ꫁ꪉ,False
trên,ꪹꪕꪸꪉ,False
thượng,ꪹꪕꪸꪉ,False
cả,ꪹꪕꪸꪉ,False
"vả,",ꪹꪕꪸꪉ,True
toàn,ꪹꪕꪸꪉ,False
"chảy,",ꪹꪕꪸꪉ,True
suốt,ꪹꪕꪸꪉ,False
vừa,ꪹꪕꪸꪉ,False
lẫn,ꪹꪕꪸꪉ,False
"tất cả, hết thảy, tất thảy",ꪹꪕꪸꪉ ꪀ꪿ꪱ,False
"tất cả, hết thảy, giàn thảy",ꪹꪕꪸꪉ ꪀ꪿ꪱ,True
"tất cả, dửng thảy, toáng, thảy",ꪄꪸꪙ ꪶꪚ,True
cả thảy,ꪹꪕꪸꪉ ꪀ꪿ꪱ,False
"giặc, thảy",ꪹꪕꪸꪉ ꪀ꪿ꪱ,True
buổi chiều,ꪹꪕꪸꪉ ꪁꪾ꪿,False
buổi huy,ꪹꪕꪸꪉ ꪁꪾ꪿,True
suốt đời,ꪹꪕꪸꪉ ꪋ꪿ꪺ,False
"suốt tàn,",ꪹꪕꪸꪉ ꪣꪰ꫁ꪉ,True
buổi tối,ꪹꪕꪸꪉ ꪁꪳꪙ,False
buổi tối,ꪨꪸꪚ ꪁꪳꪙ,True
quanh năm,ꪹꪕꪸꪉ ꪜꪲ,False
quanh năm,ꪩꪮꪒ ꪜꪲ,True
ban ngày,ꪹꪕꪸꪉ ꪹꪫꪸꪙ,False
đẩy ngày,ꪹꪕꪸꪉ ꪹꪫꪸꪙ,True
buổi trưa,ꪹꪕꪸꪉ ꪹꪫꪸꪙ,False
xình xịch,ꪹꪕꪸꪒ ꪹꪕꪸꪒ,False
rề rà,ꪹꪕꪸꪒ ꪹꪕꪸꪒ,False
"chụm, rà",ꪹꪕꪸꪒ ꪹꪕꪸꪒ,True
rề thác,ꪹꪕꪸꪒ ꪅꪰꪀ,True
thủng thẳng,ꪹꪕꪸꪒ ꪹꪕꪸꪒ,False
dung đức,ꪎꪰꪀ ꪹꪕꪸꪒ,True
moi quần,ꪹꪔꪸ꪿ꪫ ꪎ꫁ꪺꪉ,False
tẩn,ꪔꪲ,False
"run,",ꪔꪲ,True
đập,ꪔꪲ,False
"lách, luồn",ꪔꪲ꪿,False
vỡ,ꪔꪲ꪿,False
thiêu,ꪔꪲ꪿,True
bỉnh,ꪔꪲ꪿,True
vỡ hoang,ꪔꪲ꪿ ꪹꪭ꫁,False
khai phá,ꪔꪲ꪿ ꪖꪱꪉ,False
chê,ꪔꪲ꫁,False
chê bai,ꪔꪲ꫁ ꪕꪱꪙ,False
chê bai,ꪏꪲ꫁ꪫ ꪜꪲ꪿,True
chốn,ꪕꪲ꪿,False
chốn,ꪏꪴꪒ,True
kèm nhèm,ꪔꪸ,False
"một mạch, một lèo",ꪔꪲ꪿ꪀ ꪔꪲ꪿ꪀ,False
"ru mạch, một lèo",ꪔꪲ꪿ꪀ ꪔꪲ꪿ꪀ,True
"một mạch, một giăm",ꪕꪅꪮꪀ ꪔꪲ꪿ꪀ,True
tiệc,ꪕꪸ꫁ꪀ,False
tiếc,ꪔꪸꪀ,False
tiếc,ꪢꪮꪚ,True
"đổi,",ꪔꪸꪀ,True
yêu thương,ꪔꪸꪀ ꪵꪝꪉ,False
yêu sáp,ꪔꪸꪀ ꪵꪝꪉ,True
tiêm,ꪔꪸꪣ,False
"cằm,",ꪹꪫꪷꪉ,True
kè kè,ꪕꪸꪣ,False
sống bên,ꪕꪸꪣ ꪵꪠꪉ,False
cõng bên,ꪀꪳ꪿ ꪵꪠꪉ,True
tiên,ꪔꪸꪙ,False
"tiên nữ, tiên nga",ꪔꪸꪙ ꪩꪺꪉ,False
"tiên ráo, tiên nga",ꪔꪸꪙ ꪩꪺꪉ,True
đùng đùng,ꪔꪸ꪿ꪙ ꪔꪸ꪿ꪙ,False
nến sáp ong,ꪕꪸꪙ,False
nến thắp trong mâm cúng,ꪕꪸꪙ ꪵꪙꪙ,False
nến miếng trong mâm cúng,ꪀ꪿ꪮꪀ ꪵꪙꪙ,True
nến thắp trong bàn thờ,ꪕꪸꪙ ꪔꪱꪉ,False
"bấn, thắp trong trục lủi,",ꪕꪸꪙ ꪔꪱꪉ,True
nến thắp trong bàn queo,ꪕꪸꪙ ꪔꪱꪉ,True
chuyện trò,ꪕꪸ꫁ꪙ ꪶꪕ,False
viếng,ꪔꪸ꪿ꪉ,False
tiếng thế,ꪔꪸ꪿ꪉ ꪹꪋꪸ꫁ꪙ,False
tiếng tăm,ꪔꪸ꪿ꪉ ꪅꪱꪫ,False
tiếng đồn,ꪔꪸ꪿ꪉ ꪅꪱꪫ,False
tiếng đồn,ꪹꪮ꫁ꪣ ꪅꪱꪫ,True
"nức tiếng, lừng danh",ꪔꪸ꪿ꪉ ꪕꪷ꪿,False
nức ngơi lừng danh,ꪔꪸ꪿ꪉ ꪕꪷ꪿,True
"púc tiếng, bảy danh",ꪔꪸ꪿ꪉ ꪕꪷ꪿,True
lặng,ꪕꪸ꪿ꪉ,False
luống tuổi,ꪕꪸ꪿ꪉ ꪶꪁꪙ,False
canh khuya,ꪕꪸ꪿ꪉ ꪁꪳꪙ,False
các khuya,ꪕꪸ꪿ꪉ ꪁꪳꪙ,True
yên ổn,ꪕꪸ꪿ꪉ ꪮꪸꪙ,False
yên hiểm,ꪹꪠꪸ꫁ ꪮꪸꪙ,True
tiếp,ꪔꪸꪚ,False
tiếp,ꪏꪩꪮꪀ,True
chân,ꪔꪲꪙ,False
còng,ꪔꪲꪙ,False
chân chài,ꪔꪲꪙ ꪵꪬ,False
"thọt nôi,",ꪔꪲꪙ ꪵꪬ,True
"chân không, chân đất",ꪔꪲꪙ ꪩ꫁ꪱ,False
"chân không, chân ngủi,",ꪔꪲꪙ ꪩ꫁ꪱ,True
chân trần,ꪔꪲꪙ ꪹꪜꪥ,False
chân khỏng,ꪔꪲꪙ ꪹꪜꪥ,True
chân chạy,ꪔꪲꪙ ꪵꪩ꪿ꪙ,False
chân huyện,ꪔꪲꪙ ꪵꪩ꪿ꪙ,True
"chân tay, tay chân",ꪔꪲꪙ ꪣꪳ,False
chân lết cảu chân,ꪔꪲꪙ ꪣꪳ,True
chân vịt,ꪔꪲꪙ ꪹꪜꪸꪒ,False
chân núi,ꪔꪲꪙ ꪶꪔ꪿ꪀ,False
"chân nâng, bàn đạp",ꪔꪲꪙ ꪹꪔꪷꪉ,False
"chân nâng, bàn đạp",ꪔꪲꪙ ꪕꪰꪉ,True
chân phếch nghìn đạp,ꪔꪲꪙ ꪹꪔꪷꪉ,True
tay sai,ꪔꪲꪙ ꪎꪱꪥ,False
tay thẩn,ꪔꪲꪙ ꪶꪊꪉ,True
dái tai,ꪔꪲꪙ ꪬꪴ,False
tin tưởng,ꪕꪲ꪿ꪙ ꪹꪋ꪿,False
tin tưởng,ꪊꪨꪸ꪿ꪀ ꪹꪋ꪿,True
cũng,ꪔꪲꪉ,False
tính,ꪔꪲ꪿ꪉ,False
"dụm,",ꪔꪲ꪿ꪉ,True
tính nhân,ꪔꪲ꪿ꪉ ꪶꪁꪚ,False
nấng nhân,ꪔꪲ꪿ꪉ ꪶꪁꪚ,True
lối nhân,ꪔꪲ꪿ꪉ ꪶꪁꪚ,True
tính cộng,ꪔꪲ꪿ꪉ ꪶꪭꪣ,False
tính xì,ꪔꪲ꪿ꪉ ꪶꪭꪣ,True
ửng hồng,ꪔꪲ꪿ꪉ ꪄꪲ꪿ꪉ,False
ửng dở,ꪔꪲ꪿ꪉ ꪄꪲ꪿ꪉ,True
tính chia,ꪔꪲ꪿ꪉ ꪜꪽ,False
"túp, đao",ꪯꪰꪀ ꪜꪽ,True
tính oan,ꪔꪲ꪿ꪉ ꪜꪽ,True
đàn bầu,ꪔꪲ꪿ꪉ ꪹꪔꪱ꫁,False
đàn vòi,ꪔꪲ꪿ꪉ ꪹꪔꪱ꫁,True
tính chi li,ꪔꪲ꪿ꪉ ꪖꪲ꪿,False
cốt chi li,ꪹꪩ꪿ꪥ ꪖꪲ꪿,True
tính toán,ꪔꪲ꪿ꪉ ꪎ꪿ꪮꪙ,False
phướn toán,ꪔꪲ꪿ꪉ ꪎ꪿ꪮꪙ,True
tính trừ,ꪔꪲ꪿ꪉ ꪏꪴ꫁,False
tỉnh,ꪔꪲ꫁ꪉ,False
"tỉnh thành, tỉnh lị",ꪔꪲ꫁ꪉ ꪣꪱꪒ,False
"kĩ thành, thầu lị",ꪔꪲ꫁ꪉ ꪣꪱꪒ,True
"tỉnh thành, tỉnh lị",ꪵꪉꪚ ꪣꪱꪒ,True
báng,ꪕꪲꪉ,False
trình,ꪕꪲꪉ,False
trình,ꪨ꫁ꪱ,True
trằn,ꪕꪲ꪿ꪉ,False
cười,ꪕꪲ꪿ꪉ,True
lăn,ꪕꪲ꪿ꪉ,False
rẫy,ꪕꪲ꪿ꪉ,False
điếc,ꪔꪲꪚ,False
híp,ꪔꪲꪚ,False
thót,ꪔꪲꪚ,False
vạng,ꪔꪲꪚ,True
túm,ꪔꪲꪚ,False
túm,ꪶꪬ꫁ꪙ,True
díp,ꪔꪲꪚ,False
húp híp,ꪔꪲꪚ ꪔꪽ,False
mù tịt,ꪔꪲꪚ ꪔꪽ,False
díu,ꪔꪲꪒ,False
eng,ꪔꪲꪒ,True
mó,ꪔꪲꪒ,False
"bấm, bấm chí",ꪔꪲꪒ,False
"bấm, bấm lưỡi,",ꪔꪲꪒ,True
"bĩnh, bấm lãnh",ꪔꪲꪒ,True
châm,ꪔꪲꪒ,False
nhạy,ꪔꪲꪒ ꪶꪡꪚ,False
mó máy,ꪔꪲꪒ ꪔ꪿ꪮꪥ,False
riết,ꪔꪲꪒ ꪔ꪿ꪮꪥ,False
rĩ,ꪔꪲꪒ ꪔ꪿ꪮꪥ,True
nhắc nhở,ꪔꪲꪒ ꪹꪔꪷꪙ,False
"tạp, nhở",ꪔꪲꪒ ꪹꪔꪷꪙ,True
cật,ꪔꪲꪫ,False
"thành nghạnh, lành ngạnh, ngành ngạnh",ꪔꪲ꫁ꪫ,False
"treo, xách",ꪔꪲ꫁ꪫ,False
"treo, đang",ꪣꪲ,True
"cỡn, xách",ꪔꪲ꫁ꪫ,True
lật bật,ꪔꪨ꫁ꪮꪥ ꪔꪨ꫁ꪮꪥ,False
tê dại,ꪕꪣꪳ꪿ꪙ ꪕꪣꪳ,False
tê thon,ꪕꪣꪳ꪿ꪙ ꪶꪄ꪿ꪙ,True
lù lù,ꪔꪈ꫁ꪮꪉ,False
lù tác,ꪔꪈ꫁ꪮꪉ,True
tí tẹo,ꪕꪙꪲꪙ,False
đầu mông đít,ꪔꪘꪴ꪿ꪙ ꪶꪀ꫁ꪙ,False
cùi mông đít,ꪔꪘꪴ꪿ꪙ ꪶꪀ꫁ꪙ,True
"rôm, kiếm đít",ꪵꪙꪒ ꪶꪀ꫁ꪙ,True
hứng,ꪔꪷ,False
đoản,ꪔꪷ,False
"ong bò vẽ, ong vẽ",ꪔꪷ꪿,False
"chọi, địch",ꪔꪷ꪿,False
mớ địch,ꪔꪷ꪿,True
đánh,ꪔꪷ꪿,False
"đóng, lắp",ꪔꪷ꪿,False
"đóng, tấm,",ꪔꪷ꪿,True
"đấu, ghép",ꪔꪷ꪿,False
cừu ghép,ꪹꪄꪸꪒ,True
"giáp, xáp",ꪔꪷ꪿,False
"kề, liền",ꪔꪷ꪿,False
rườn liền,ꪔꪷ꪿,True
đánh bạc,ꪔꪷ꪿ ꪵꪋꪙ,False
đánh cờ,ꪔꪷ꪿ ꪹꪁꪷ,False
"bổ, cờ",ꪔꪷ꪿ ꪹꪁꪷ,True
"tha hồ, mặc sức",ꪔꪷ꪿ ꪵꪭꪉ,False
"chơi hồ, mặc sức",ꪔꪷ꪿ ꪵꪭꪉ,True
"chạc hồ, mặc sức",ꪔꪷ꪿ ꪵꪭꪉ,True
ong lỗ,ꪔꪷ꪿ ꪄꪴꪣ,False
trò chơi quả bàm bàm,ꪔꪷ꪿ ꪵꪩ꫁,False
trò chơi quả bàm gân,ꪔꪷ꪿ ꪵꪩ꫁,True
ong bầu,ꪔꪷ꪿ ꪢ꪿ꪮꪙ,False
mìn bầu,ꪔꪷ꪿ ꪢ꪿ꪮꪙ,True
"đối mặt, đối diện",ꪔꪷ꪿ ꪘ꫁ꪱ,False
"đối mặt, đối diện",ꪔꪷ꪿ ꪶꪊ꪿ꪙ,True
"bất chợt, bắt gặp",ꪔꪷ꪿ ꪑꪷ꪿,False
"bất chợt, bắt trực",ꪔꪷ꪿ ꪑꪷ꪿,True
đánh bài cảu,ꪔꪷ꪿ ꪡ꫁ꪱꪥ,False
đánh bài nhỏ,ꪔꪷ꪿ ꪡ꫁ꪱꪥ,True
"đánh bài chậu,",ꪔꪷ꪿ ꪶꪭ꫁ꪙ,True
đánh bài,ꪔꪷ꪿ ꪵꪡ,False
cong bài,ꪔꪷ꪿ ꪵꪡ,True
giằng co,ꪔꪷ꪿ ꪔꪾ,False
ngang giá,ꪔꪷ꪿ ꪔꪾ,False
mang,ꪔꪷ꪿ ꪔꪾ,False
cạn tàu ráo máng,ꪔꪷ꪿ ꪕꪰꪒ,False
cạn tàu ráo giẻ,ꪔꪷ꪿ ꪕꪰꪒ,True
đẩy gậy,ꪔꪷ꪿ ꪹꪔꪸ꪿ꪀ,False
"đẩy soi,",ꪔꪷ꪿ ꪚꪒꪱ,True
đấu tranh; chiến đấu,ꪔꪷ꪿ ꪶꪏꪙ,False
đánh đáo,ꪔꪷ꪿ ꪎꪴ,False
đánh đáo,ꪔꪷ꪿ ꪹꪩꪀ,True
húc,ꪕꪷ,False
"dựng,",ꪕꪷ,True
kiếm,ꪕꪷ,False
"hạt,",ꪕꪷ,True
"xâm lăng, xâm chiếm",ꪕꪷ ꪹꪣꪉ,False
"xâm lăng, xâm chiếm",ꪼꪚ ꪹꪣꪉ,True
xâm chập xâm chiếm,ꪕꪷ ꪹꪣꪉ,True
cống,ꪕꪷ꪿,False
chỉ,ꪕꪷ꪿,False
"ngần, bằng",ꪕꪷ꪿,False
món bằng,ꪕꪷ꪿,True
từng,ꪕꪷ꪿,False
"bằng, đều",ꪕꪷ꪿,False
"ngang, cân",ꪕꪷ꪿,False
bằng nào,ꪕꪷ꪿ ꪻꪒ,False
"bao nhiêu, mấy",ꪕꪷ꪿ ꪻꪒ,False
"bao ràng, mấy",ꪕꪷ꪿ ꪻꪒ,True
ngần nào,ꪕꪷ꪿ ꪻꪒ,False
nhường ấy,ꪕꪷ꪿ ꪙ꫁ꪽ,False
bấy nhiêu,ꪕꪷ꪿ ꪙ꫁ꪽ,False
"bây nhiêu, từng này",ꪕꪷ꪿ ꪙꪲ꫁,False
"bây nhiêu, từng tốt",ꪕꪷ꪿ ꪙꪲ꫁,True
toe toe,ꪕꪷ꪿ ꪵꪕ꪿,False
phốc,ꪔ꪿ꪮꪀ,False
phốc,ꪣꪲ꪿ꪉ,True
"nghiến, quách",ꪔ꪿ꪮꪀ,False
gõ,ꪔ꪿ꪮꪥ,False
"gảy, đánh",ꪔ꪿ꪮꪥ,False
tù tội,ꪔ꪿ꪮꪥ ꪕꪴ,False
tù tội,ꪔ꪿ꪮꪥ ꪹꪫꪸꪀ,True
cầm hơi,ꪕꪮꪥ ꪻꪊ,False
cầm xỉu,ꪕꪮꪥ ꪻꪊ,True
cầm hãm,ꪕꪮꪥ ꪻꪊ,True
gây giống,ꪕꪮꪥ ꪹꪋ꫁,False
nhảy bó,ꪕꪮꪥ ꪉꪱꪀ,True
gây thò,ꪕꪮꪥ ꪹꪋ꫁,True
nhảy,ꪕ꪿ꪮꪥ,False
theo,ꪕ꪿ꪮꪥ,False
giòi,ꪕ꪿ꪮꪥ,True
lạt,ꪔꪮꪀ,False
nan,ꪔꪮꪀ,False
pền,ꪔꪮꪀ,True
đóng,ꪔꪮꪀ,False
vỗ,ꪔꪮꪀ,False
thốc,ꪔꪮꪀ,False
"dồn, dồn dập",ꪔꪮꪀ ꪔ꪿ꪮꪥ,False
dỗ,ꪕꪮꪀ,False
om,ꪕꪮꪀ,True
độc,ꪕꪮꪀ,False
"nhang,",ꪕꪮꪀ,True
bâu,ꪔꪮꪣ,False
bâu,ꪉ꫁ꪮꪉ,True
tụ tập,ꪔꪮꪣ,False
"phùng, tập",ꪔꪮꪣ,True
chụm,ꪔꪮꪣ,False
xum vầy,ꪔꪮꪣ ꪹꪭꪱ꫁,False
"xum đỉnh,",ꪔꪮꪣ ꪹꪭꪱ꫁,True
xum vầy,ꪔꪮꪣ ꪨ꫁ꪮꪉ,True
bâu quanh,ꪔꪮꪣ ꪶꪠ꪿ ꪶꪠ꪿,False
bâu quanh,ꪡꪸꪙ ꪶꪠ꪿ ꪶꪠ꪿,True
bâu bíu,ꪔꪮꪣ ꪶꪡ꫁ꪉ ꪶꪡ꫁ꪉ,False
tụ tập ngoài đồng,ꪔꪮꪣ ꪶꪕ꪿ꪉ,False
tụ ngăm ngoài đồng,ꪔꪮꪣ ꪶꪕ꪿ꪉ,True
tụ tập ngoài êm,ꪔꪮꪣ ꪶꪕ꪿ꪉ,True
yết hầu,ꪔ꪿ꪮꪣ ꪁꪷ,False
nhòe hầu,ꪔ꪿ꪮꪣ ꪹꪀ꪿ꪱ,True
cơ hầu,ꪔ꪿ꪮꪣ ꪁꪷ,True
tơ lòng,ꪔ꪿ꪮꪣ ꪁꪷ,False
"thiến, hoạn",ꪔꪮꪙ,False
"thiến, bến",ꪔꪮꪙ,True
"thiến, dìu,",ꪔꪮꪙ,True
bấm,ꪔꪮꪙ,False
hòn,ꪔ꪿ꪮꪙ,False
mớ,ꪶꪣ꫁ꪀ,True
dỗ,ꪔ꪿ꪮꪙ,True
miếng,ꪔ꪿ꪮꪙ,False
tron,ꪔ꪿ꪮꪙ,True
chiếc,ꪔ꪿ꪮꪙ,False
chiếc,ꪮ꪿ꪮꪙ,True
chiếc,ꪨꪾ꪿,True
bánh,ꪔ꪿ꪮꪙ,False
cục đất,ꪔ꪿ꪮꪙ ꪒꪲꪙ,False
cục vỏ,ꪔ꪿ꪮꪙ ꪒꪲꪙ,True
con dại,ꪔ꪿ꪮꪙ ꪒꪲꪙ,False
con dại,ꪔ꪿ꪮꪙ ꪊꪸꪫ,True
con quý,ꪔ꪿ꪮꪙ ꪅꪴꪒ,False
trước mặt,ꪔ꪿ꪮꪙ ꪘ꫁ꪱ,False
"đích danh, đích thực",ꪔ꪿ꪮꪙ ꪶꪔ꫁,False
đích hen đích thực,ꪔ꪿ꪮꪙ ꪶꪔ꫁,True
"toạc, trắng",ꪔ꪿ꪮꪙ ꪶꪔ꫁,False
"toạc, hướng,",ꪔ꪿ꪮꪙ ꪶꪔ꫁,True
đón,ꪔ꫁ꪮꪙ,False
đỗ,ꪔ꫁ꪮꪙ,False
"ba,",ꪔ꫁ꪮꪙ,True
đón chào,ꪔ꫁ꪮꪙ ꪋꪱꪫ,False
đoàng chào,ꪔ꫁ꪮꪙ ꪋꪱꪫ,True
đón liền,ꪔ꫁ꪮꪙ ꪋꪱꪫ,True
"đón tiếp, nghênh tiếp",ꪔ꫁ꪮꪙ ꪒ꪿ꪮꪙ,False
đón rước,ꪔ꫁ꪮꪙ ꪭꪾꪚ,False
"đón thường,",ꪔ꫁ꪮꪙ ꪭꪾꪚ,True
đón mừng,ꪔ꫁ꪮꪙ ꪣ꪿ꪺꪙ,False
đón trấu,ꪔ꫁ꪮꪙ ꪣ꪿ꪺꪙ,True
đổi,ꪕꪮꪙ,False
mua lại,ꪕꪮꪙ ꪁ꪿ꪱ,False
mua lại,ꪕꪮꪙ ꪝꪩꪱ,True
"dọn, thu dọn",ꪕ꫁ꪮꪙ,False
"dọn, thu bìm",ꪕ꫁ꪮꪙ,True
nữa,ꪕ꫁ꪮꪙ,False
"dọn đường, dẹp đường",ꪕ꫁ꪮꪙ ꪕꪱꪉ,False
"dọn dẹp, xếp dọn, thu vén",ꪕ꫁ꪮꪙ ꪕꪾ,False
"dọn dẹp, xếp dọn, thu sản",ꪕ꫁ꪮꪙ ꪕꪾ,True
"tàu, lá, tàu lá",ꪔꪮꪉ,False
vòng,ꪔ꪿ꪮꪉ,False
"vợi,",ꪔ꪿ꪮꪉ,True
lủng lẳng,ꪔ꪿ꪮꪉ ꪔ꫁ꪮꪥ,False
trần cáu,ꪔ꪿ꪮꪉ ꪔ꫁ꪮꪥ,True
còm nhom,ꪔ꪿ꪮꪉ ꪔ꫁ꪮꪥ,False
vấp,ꪔ꫁ꪮꪉ,False
chạm,ꪔ꫁ꪮꪉ,False
chạm,ꪕ꪿ꪺꪥ,True
"dọi, dại, hắt",ꪔ꫁ꪮꪉ,False
"dính dại, bói",ꪔ꫁ꪮꪉ,True
"lộng, xan",ꪔ꫁ꪮꪉ,False
bồm xan,ꪔ꫁ꪮꪉ,True
"dội, vang",ꪔ꫁ꪮꪉ,False
đơn vang,ꪔ꫁ꪮꪉ,True
"cá, mọi,",ꪔ꫁ꪮꪉ,True
cảm,ꪔ꫁ꪮꪉ,False
"chạm lòng, chạm nọc",ꪔ꫁ꪮꪉ ꪻꪊ,False
"chạm lòng, loang nọc",ꪔ꫁ꪮꪉ ꪻꪊ,True
vấp,ꪔ꫁ꪮꪉ ꪒꪴꪒ,False
bị xúi,ꪔ꫁ꪮꪉ ꪢꪱꪒ,False
bị xúi,ꪒ꫁ꪱꪥ ꪢꪱꪒ,True
chạm vía,ꪔ꫁ꪮꪉ ꪠꪲ,False
chạm bứt,ꪔ꫁ꪮꪉ ꪠꪲ,True
vông,ꪕꪮꪉ,False
đồng,ꪕꪮꪉ,False
"đồng đỏ, đồng điếu",ꪕꪮꪉ ꪵꪒꪉ,False
"đồng đỏ, đồng phiện",ꪕꪮꪉ ꪵꪒꪉ,True
"cách, đỏ, đồng điếu",ꪕꪮꪉ ꪵꪒꪉ,True
đồng đen,ꪕꪮꪉ ꪒꪾ,False
đồng đen,ꪀꪮꪥ ꪥꪮꪀ,True
lội,ꪕ꪿ꪮꪉ,False
xoi rãnh,ꪕ꪿ꪮꪉ,False
xoi rãnh,ꪉ꫁ꪱꪙ,True
đàn hưu,ꪕ꪿ꪮꪉ ꪵꪛ꪿,False
"tuân, hưu",ꪕ꪿ꪮꪉ ꪵꪛ꪿,True
"long tong, tích tách",ꪕ꪿ꪮꪉ ꪕ꪿ꪮꪉ,False
long lẳng tích tách,ꪕ꪿ꪮꪉ ꪕ꪿ꪮꪉ,True
dạ,ꪕ꫁ꪮꪉ,False
bụng dưới,ꪕ꫁ꪮꪉ ꪙ꫁ꪮꪥ,False
bụng tráng,ꪕ꫁ꪮꪉ ꪀꪺꪒ,True
bụng dạ,ꪕ꫁ꪮꪉ ꪜꪴꪣ,False
kẹp,ꪔꪮꪚ,False
kẹp,ꪹꪫꪸ꫁ꪙ,True
đáp,ꪔꪮꪚ,False
đáp,ꪜꪱꪫ,True
"trả lời, đáp lời",ꪔꪮꪚ ꪁꪫꪱꪣ,False
"trả lời, lổng lời",ꪔꪮꪚ ꪁꪫꪱꪣ,True
"trả lời, dỗ lời",ꪔꪮꪚ ꪁꪫꪱꪣ,True
thu hẹp,ꪕꪮꪚ,False
thu gọn,ꪕꪮꪚ,False
thu úp,ꪹꪡꪷꪉ,True
cô,ꪕꪮꪚ,False
hộn,ꪕꪮꪚ,False
man,ꪕꪮꪚ,True
thu nhặt,ꪕꪮꪚ ꪬꪮꪣ,False
sum họp,ꪕꪮꪚ ꪬꪮꪣ,False
chiêu tập,ꪕꪮꪚ ꪶꪭꪣ,False
"kèm, tập",ꪕꪮꪚ ꪁꪱ,True
giéo tập,ꪕꪮꪚ ꪶꪭꪣ,True
"tụ hội, quây quần, hội tụ",ꪕꪮꪚ ꪶꪭꪣ,False
gọi là,ꪕꪮꪚ ꪵꪕꪚ,False
đạc là,ꪕꪮꪚ ꪵꪏꪩꪒ,True
"cắn, đớp",ꪔꪮꪒ,False
"cắn, xử",ꪔꪮꪒ,True
mổ,ꪔꪮꪒ,False
veon,ꪔꪮꪒ,True
giần giật,ꪔꪮꪒ ꪶꪤ꪿ꪀ ꪶꪤ꪿ꪀ,False
"công, tha",ꪔꪮꪒ ꪶꪉ꫁ꪀ,False
"công, tha",ꪓꪮꪥ ꪹꪠꪱ꪿,True
rỉa mồi câu,ꪔꪮꪒ ꪘꪲ꪿ꪀ ꪘꪲ꪿ꪀ,False
rỉa gơ câu,ꪡ꫁ꪱꪉ ꪘꪲ꪿ꪀ ꪘꪲ꪿ꪀ,True
rỉa dúm câu,ꪔꪮꪒ ꪘꪲ꪿ꪀ ꪘꪲ꪿ꪀ,True
mưng mủ,ꪔꪮꪒ ꪘꪮꪉ,False
mưng mủ,ꪔꪮꪒ ꪶꪕꪒ,True
"dượng, mủ",ꪀꪒꪽ ꪤ꪿ꪽ,True
đá,ꪕꪮꪒ,False
đá,ꪜꪲ꪿,True
ném,ꪕꪮꪒ,False
mách,ꪕꪮꪒ,True
"lẳng, tung",ꪕꪮꪒ,False
đá đít,ꪕꪮꪒ ꪶꪀ꫁ꪙ,False
kê hai đầu,ꪕꪮꪒ ꪙ꪿ꪱꪉ,False
kê lụy đầu,ꪕꪮꪒ ꪙ꪿ꪱꪉ,True
ném thia lia,ꪕꪮꪒ ꪵꪏꪩꪒ,False
con,ꪶꪔ,False
mình,ꪶꪔ,False
người,ꪶꪔ,False
khẳn tính,ꪶꪔ ꪹꪚꪱ꪿ ꪹꪜꪸꪙ,False
ngu si,ꪶꪔ ꪋ꫁ꪱ,False
"thon người, nhỏ người",ꪶꪔ ꪭꪰꪒ,False
"hình dáng, thân hình",ꪶꪔ ꪁꪲꪉ,False
"hình dáng, thân hình",ꪶꪔ ꪡꪴ,True
cơ thể,ꪶꪔ ꪁꪲꪉ,False
rong kinh,ꪶꪔ ꪨꪺꪉ ꪭꪺꪉ ꪭ꪿ꪺ,False
rong kinh,ꪶꪔ ꪨꪺꪉ ꪏꪾ꫁ ꪭ꪿ꪺ,True
rong kinh,ꪶꪔ ꪎꪨꪲꪒ ꪭꪺꪉ ꪭ꪿ꪺ,True
côn trùng,ꪶꪔ ꪵꪣꪉ,False
"ba bị, ông hểnh",ꪶꪔ ꪶꪢ꪿,False
ba nhoe ông hểnh,ꪶꪔ ꪶꪢ꪿,True
"ba bị, ông hểnh",ꪮ꪿ꪮꪣ ꪶꪢ꪿,True
thú rừng,ꪶꪔ ꪜ꪿ꪱ,False
chữ cái,ꪶꪔ ꪎꪳ,False
chữ gàng,ꪶꪔ ꪎꪳ,True
chữ,ꪶꪔ ꪎꪳ,False
nhói,ꪶꪔ ꪎꪳ,True
trào,ꪶꪔ꪿,False
no,ꪶꪔ꪿,True
băng huyết,ꪶꪔ꪿ ꪹꪩꪒ,False
Kinh huyết,ꪶꪔ꪿ ꪐꪳ꫁,True
"ngầu, lầm",ꪶꪔ꫁,False
đặc,ꪶꪔ꫁,False
đổ,ꪶꪔ꫁,False
đặc sệt,ꪶꪔ꫁ ꪹꪯꪸꪩꪒ,False
"toáng, sệt",ꪶꪔ꫁ ꪹꪯꪸꪩꪒ,True
đặc cãi,ꪶꪔ꫁ ꪹꪯꪸꪩꪒ,True
"sánh, quánh",ꪶꪔ꫁ ꪶꪯꪩꪒ,False
"sánh, mơ",ꪶꪔ꫁ ꪶꪯꪩꪒ,True
"sánh, quánh",ꪶꪔ꫁ ꪭ꪿ꪺꪣ,True
kể,ꪶꪕ,False
bằng,ꪶꪕ,True
nói chuyện,ꪶꪕ,False
nói sùi,ꪝ꫁ꪮꪣ,True
"kể chuyện cổ tích, kể sự tích",ꪶꪕ ꪩꪱꪉ,False
"sìu chuyện cổ tích, kể sự tích",ꪶꪕ ꪩꪱꪉ,True
"kể nét cổ tích, kể sự tích",ꪶꪕ ꪩꪱꪉ,True
"trọ, đỗ",ꪶꪕ꪿,False
"trọ, đỗ",ꪒꪲꪚ,True
tô,ꪶꪕ꪿,False
ào ào,ꪶꪕ꪿ ꪶꪕ꪿,False
"đố, thách",ꪶꪕ꫁,False
xình thách,ꪶꪕ꫁,True
"rơi, rụng, sa",ꪶꪔ꪿ꪀ,False
bỏng vâng sa,ꪶꪔ꪿ꪀ,True
lặn,ꪶꪔ꪿ꪀ,False
"tột,",ꪶꪔ꪿ꪀ,True
ngã,ꪶꪔ꪿ꪀ,False
đổ,ꪶꪔ꪿ꪀ,False
chán,ꪶꪔ꪿ꪀ,True
hạ cánh,ꪶꪔ꪿ꪀ,False
hạ cánh,ꪵꪄꪚ,True
mất,ꪶꪔ꪿ꪀ,False
tiếp,ꪶꪔ꪿ꪀ,False
đến,ꪶꪔ꪿ꪀ,False
"lai, qua",ꪶꪔ꪿ꪀ,False
"lai, bợp",ꪶꪔ꪿ꪀ,True
lỡ làng,ꪶꪔ꪿ꪀ ꪁ꪿ꪱ ꪹꪁꪷꪕꪙ,False
lỡ đượm,ꪶꪔ꪿ꪀ ꪁ꪿ꪱ ꪹꪁꪷꪕꪙ,True
lỡ duyên,ꪶꪔ꪿ꪀ ꪁ꪿ꪱ ꪹꪁꪷꪕꪙ,False
lỡ duyên,ꪶꪔ꪿ꪀ ꪹꪯꪷꪩꪒ ꪹꪁꪷꪕꪙ,True
"lỡ cáu,",ꪶꪔ꪿ꪀ ꪮ꪿ꪮꪙ ꪹꪁꪷꪕꪙ,True
ngợp,ꪶꪔ꪿ꪀ ꪻꪊ,False
choáng,ꪶꪔ꪿ꪀ ꪻꪊ,False
"giun,",ꪶꪔ꪿ꪀ ꪻꪊ,True
giật mình,ꪶꪔ꪿ꪀ ꪻꪊ,False
ngổ mình,ꪶꪔ꪿ꪀ ꪻꪊ,True
quá muộn,ꪶꪔ꪿ꪀ ꪋ꫁ꪮꪥ,False
bén,ꪶꪔ꪿ꪀ ꪶꪁꪣ,False
rơi vãi,ꪶꪔ꪿ꪀ ꪭꪸ꪿,False
ngoảy vãi,ꪁꪣ꪿ꪮꪣ ꪭꪸ꪿,True
rơi rụng,ꪶꪔ꪿ꪀ ꪬ꪿ꪺꪉ,False
"rơi ỉn,",ꪶꪔ꪿ꪀ ꪬ꪿ꪺꪉ,True
"sau rốt, sau chót",ꪶꪔ꪿ꪀ ꪨ꫁ꪱ,False
"chú rốt, sau chót",ꪶꪔ꪿ꪀ ꪨ꫁ꪱ,True
"muộn, muộn màng",ꪶꪔ꪿ꪀ ꪨ꫁ꪱ,False
"muộn, bớn màng",ꪶꪔ꪿ꪀ ꪨ꫁ꪱ,True
sau cùng,ꪶꪔ꪿ꪀ ꪨꪰꪉ,False
sau cùng,ꪄꪰꪒ ꪨꪰꪉ,True
"mắc lừa, mắc lận",ꪶꪔ꪿ꪀ ꪹꪩ,False
"mắc giáo, mắc lận",ꪶꪔ꪿ꪀ ꪹꪩ,True
"mất ngôi, mất quyền",ꪶꪔ꪿ꪀ ꪹꪣꪉ,False
mất phai mất quyền,ꪶꪔ꪿ꪀ ꪹꪣꪉ,True
"mất ngôi, mất tưởi,",ꪶꪔ꪿ꪀ ꪹꪣꪉ,True
ngã ngũ,ꪶꪔ꪿ꪀ ꪁꪫꪱꪣ,False
"kém cạnh, lép vế",ꪶꪔ꪿ꪀ ꪖ꪿ꪮꪥ,False
"kém cạnh, lép vế",ꪶꪔ꪿ꪀ ꪋ꪿ꪱꪉ,True
"trưa, muộn",ꪶꪔ꪿ꪀ ꪎꪱꪥ,False
mất mát,ꪶꪔ꪿ꪀ ꪎꪸ,False
mét mát,ꪶꪔ꪿ꪀ ꪎꪸ,True
mê man,ꪶꪔ꪿ꪀ ꪶꪏꪒ,False
"khoá, man",ꪝꪩꪱꪣ ꪶꪏꪒ,True
côi,ꪶꪕ꫁ꪀ,False
tráo,ꪶꪕ꫁ꪀ,True
thảm,ꪶꪕ꫁ꪀ,False
"não, sầu",ꪶꪕ꫁ꪀ,False
"phiền não, sầu não",ꪶꪕ꫁ꪀ ꪻꪊ,False
"phiền não, nhùng não",ꪶꪕ꫁ꪀ ꪵꪅꪫꪙ,True
"sầu khổ, sầu thảm, não nùng",ꪶꪕ꫁ꪀ ꪶꪄꪣ,False
"sầu hiếp sầu thảm, não nùng",ꪶꪕ꫁ꪀ ꪶꪄꪣ,True
sầu hộn sầu bủng não nùng,ꪶꪕ꫁ꪀ ꪶꪄꪣ,True
bị ai,ꪶꪕ꫁ꪀ ꪶꪄꪣ,False
bị ai,ꪹꪔꪸꪣ ꪶꪄꪣ,True
"trắc trở, trở ngại",ꪶꪕ꫁ꪀ ꪥꪱꪀ,False
"trắc trở, sắn ngại",ꪶꪕ꫁ꪀ ꪥꪱꪀ,True
"trắc trở, rực, ngại",ꪶꪕ꫁ꪀ ꪥꪱꪀ,True
phiền phức,ꪶꪕ꫁ꪀ ꪥꪱꪀ,False
phức tạp,ꪶꪕ꫁ꪀ ꪥꪱꪀ,False
phức tát,ꪶꪕ꫁ꪀ ꪥꪱꪀ,True
buồn rầu,ꪶꪕ꫁ꪀ ꪄꪺꪙ,False
"giằng, rầu",ꪶꪕ꫁ꪀ ꪄꪺꪙ,True
hôi,ꪶꪕꪥ,False
tội,ꪶꪕ꫁ꪥ,False
đội,ꪶꪕ꫁ꪥ,False
to tướng,ꪶꪔꪣ ꪶꪕ꫁,False
giạng tướng,ꪶꪔꪣ ꪶꪏꪝꪀ,True
quá đỗi,ꪶꪔꪣ ꪶꪕ꫁,False
quá cháo,ꪶꪔꪣ ꪶꪕ꫁,True
"đun, nấu",ꪶꪔ꫁ꪣ,False
"suốt, nấu",ꪶꪔ꫁ꪣ,True
luộc,ꪶꪔ꫁ꪣ,False
hộn đường,ꪶꪔ꫁ꪣ ꪮ꫁ꪮꪥ,False
canh,ꪶꪔ꫁ꪣ ꪎꪸ꫁ꪫ,False
sắc,ꪶꪔ꫁ꪣ ꪎꪸ꫁ꪫ,False
lót,ꪶꪕꪣ,False
cả,ꪶꪕꪣ,False
cả,ꪶꪁꪀ,True
mang,ꪶꪕꪣ,False
lẻ,ꪶꪕꪣ,True
đem theo vợ con,ꪶꪕꪣ ꪋꪺ,False
"nhau, theo vợ con",ꪶꪕꪣ ꪋꪺ,True
thân,ꪶꪔꪙ,False
bề,ꪶꪔꪙ,True
vỗ béo,ꪶꪔꪙ,False
bóc béo,ꪶꪔꪙ,True
nhồi,ꪶꪔꪙ,False
nhồi,ꪯꪥꪱꪣ,True
chào,ꪶꪔꪙ,True
ép,ꪶꪔꪙ,False
thân mẫu,ꪶꪔꪙ ꪅꪱꪙ,False
"thân khuỷu,",ꪶꪔꪙ ꪅꪱꪙ,True
thân sinh,ꪶꪔꪙ ꪁꪲꪉ,False
gãi,ꪶꪔ꪿ꪙ,False
thọng,ꪶꪔ꪿ꪙ,True
cây,ꪶꪔ꫁ꪙ,False
cây,ꪬꪷ,True
trụ cột,ꪶꪔ꫁ꪙ ꪶꪀ꪿ꪀ,False
"trụ trùng,",ꪶꪔ꫁ꪙ ꪶꪀ꪿ꪀ,True
dũng sĩ,ꪶꪔ꫁ꪙ ꪬꪱꪙ,False
đầu đàn,ꪶꪔ꫁ꪙ ꪩ꪿ꪱꪉ,False
xáp đàn,ꪶꪔ꫁ꪙ ꪩ꪿ꪱꪉ,True
đầu đàn,ꪶꪔ꫁ꪙ ꪶꪩ꫁ꪀ,False
đầu đàn,ꪶꪔ꫁ꪙ ꪝꪳꪉ,False
đầu đàn,ꪶꪔ꫁ꪙ ꪹꪨꪷꪀ,True
chủ tướng,ꪶꪔ꫁ꪙ ꪹꪔ꪿ꪉ,False
chủ tướng,ꪶꪔ꫁ꪙ ꪭꪸꪉ,True
chủ tướng,ꪶꪔ꫁ꪙ ꪹꪬꪷ꪿ꪉ,True
lẩy bẩy,ꪶꪕ꪿ꪙ ꪶꪕ꪿ꪙ,False
vảy bẩy,ꪛꪩ꪿ꪱ ꪁꪸꪫ,True
"bứ, rực",ꪶꪕ꫁ꪙ,False
"bứ, rực",ꪀꪫꪱꪙ,True
xoãi trưởng,ꪶꪕ꫁ꪙ,True
ứ,ꪶꪕ꫁ꪙ,False
xướng,ꪶꪕ꫁ꪙ,True
ùn,ꪶꪕ꫁ꪙ,False
ngóng,ꪶꪕ꫁ꪙ,True
"bứ cổ, bứ họng",ꪶꪕ꫁ꪙ ꪁꪷ,False
rầm dọc,ꪶꪔꪉ,False
rầm,ꪶꪔꪉ ꪄꪱꪉ,False
vợt,ꪶꪔꪉ ꪄꪱꪉ,True
rốn,ꪶꪔꪉ ꪄꪱꪉ,True
đơm,ꪶꪔ꪿ꪉ,False
giỏng,ꪶꪔ꪿ꪉ,False
nghểnh,ꪚ꫁ꪱꪉ,True
thông cáo,ꪶꪔ꪿ꪉ ꪜ꪿ꪱꪫ,False
chiếc cáo,ꪶꪔ꪿ꪉ ꪜ꪿ꪱꪫ,True
"cùng, cáo",ꪶꪔ꪿ꪉ ꪜ꪿ꪱꪫ,True
bống bếnh,ꪶꪔ꪿ꪉ ꪔ꪿ꪱꪉ,False
đỉa bếnh,ꪶꪔ꪿ꪉ ꪔ꪿ꪱꪉ,True
lủng lẳng,ꪶꪔ꪿ꪉ ꪶꪔ꫁ꪥ,False
"lủng phai,",ꪶꪔ꪿ꪉ ꪶꪔ꫁ꪥ,True
"đồng, cánh đồng",ꪶꪕ꪿ꪉ,False
"đồng, thù đồng",ꪶꪕ꪿ꪉ,True
"đồng ruộng, ruộng đồng, cánh đồng",ꪶꪕ꪿ꪉ ꪙꪱ,False
"đồng giun nhụt, đồng, cánh đồng",ꪖ꪿ꪱꪉ ꪎꪰ꪿ꪉ,True
trắng tay,ꪶꪕ꫁ꪉ,False
oang  oang,ꪶꪕ꫁ꪉ ꪶꪕ꫁ꪉ,False
"oang nổi,",ꪶꪕ꫁ꪉ ꪶꪕ꫁ꪉ,True
oang oang,ꪶꪕ꫁ꪉ ꪶꪕ꫁ꪉ,True
"tát, vả",ꪶꪔꪚ,False
vỗ,ꪶꪔꪚ,False
vã,ꪶꪔꪚ,False
"tát tai, tạt tai, bạt tai",ꪶꪔꪚ ꪬꪴ,False
"tát tai, tạt tai, bạt gừng",ꪶꪔꪚ ꪁꪲ꫁ꪫ,True
"tát tai, tạt tai, bạt tai",ꪎꪨꪰꪉ ꪬꪴ,True
vỗ tay,ꪶꪔꪚ ꪣꪳ,False
"sức, tay",ꪶꪔꪚ ꪣꪳ,True
vỗ ngực,ꪶꪔꪚ ꪹꪮꪷ꪿ꪀ,False
"cất, ngực",ꪶꪔꪚ ꪹꪮꪷ꪿ꪀ,True
"đập cánh, vỗ cánh",ꪶꪔꪚ ꪜꪲꪀ,False
đập mưỡi ngổn biếu,ꪶꪔꪚ ꪜꪲꪀ,True
"việc cánh, vỗ biểu",ꪶꪔꪚ ꪜꪲꪀ,True
"gập, quặp",ꪶꪕꪚ,False
"gập, rái",ꪶꪕꪚ,True
yểm quặp,ꪶꪕꪚ,True
gục,ꪶꪕꪚ,False
hoi,ꪶꪕꪚ,True
gục,ꪹꪁ꪿,True
xỉu,ꪶꪕꪚ ꪹꪛꪸꪙꪀ,False
họng,ꪶꪕꪚ ꪹꪛꪸꪙꪀ,True
xỉu,ꪶꪕꪚ ꪙꪮꪀ,True
oặt,ꪶꪕꪚ ꪹꪛꪸꪙꪀ,False
tè he,ꪶꪕꪚ ꪹꪄꪱ꪿,False
rắm,ꪶꪔꪒ,False
"góa,",ꪶꪔꪒ,True
ùng ục,ꪶꪕꪒ ꪶꪕꪒ,False
ùng hênh,ꪶꪕꪒ ꪶꪕꪒ,True
rôm rốp,ꪶꪕꪒ ꪶꪕꪒ,False
rôm rốp,ꪶꪕꪒ ꪙꪲ꫁ꪫ,True
"rôm lạm,",ꪶꪕꪒ ꪮꪰꪒ,True
xổ,ꪹꪔꪷ꪿,False
"bằng, sắc",ꪹꪕꪷ,False
tơ sắc,ꪹꪕꪷ,True
sớ,ꪹꪕꪷ,False
phẩy,ꪭꪮꪚ,True
tấc,ꪹꪔꪷ꪿ꪀ,False
mức,ꪹꪔꪷ꪿ꪀ,False
"chừng, chừng mực",ꪹꪔꪷ꪿ꪀ,False
"chừng, chừng bàng",ꪹꪔꪷ꪿ꪀ,True
cặp kè,ꪹꪔꪷꪣ ꪕ꫁ꪱꪥ,False
dìu kè,ꪹꪔꪷꪣ ꪕ꫁ꪱꪥ,True
nhắc,ꪹꪔꪷꪙ,False
tấn,ꪹꪔꪷ꪿ꪙ,False
tấn,ꪑꪱꪫ,True
nông,ꪹꪔꪷ꫁ꪙ,False
xáp,ꪭ꫁ꪱ,True
trấn,ꪹꪕꪷꪙ,False
trấn ngự,ꪹꪕꪷꪙ ꪕꪱꪉ,False
trấn Tổ,ꪹꪕꪷꪙ ꪕꪱꪉ,True
trấn ngự,ꪝ꫁ꪺ ꪕꪱꪉ,True
lụng thụng,ꪹꪔꪷ꪿ꪉ,False
mụi thụng,ꪹꪔꪷ꪿ꪉ,True
to bản,ꪹꪔꪷ꪿ꪉ,False
thùng thình,ꪹꪔꪷ꪿ꪉ ꪹꪔꪷ,False
vểnh thình,ꪹꪔꪷ꪿ꪉ ꪹꪔꪷ,True
thủng thẳng,ꪹꪔꪷ꪿ꪉ ꪹꪔꪷ,False
"láng, thẳng",ꪹꪔꪷ꪿ꪉ ꪹꪔꪷ,True
thủng thẳng,ꪹꪋꪸꪒ ꪹꪔꪷ,True
thếp,ꪹꪕꪷꪚ,False
"tập, xấp",ꪹꪕꪷꪚ,False
lép xấp,ꪹꪕꪷꪚ,True
"luyện tập,  tập dưột",ꪹꪕꪷꪚ ꪕꪳ,False
"luyện tập, tập dưột",ꪹꪕꪷꪚ ꪕꪳ,True
"luyện tập, tập sót",ꪹꪕꪷꪚ ꪕꪳ,True
xoá,ꪹꪔꪷꪒ,False
xoá,ꪹꪨ,True
hoà,ꪹꪔꪷꪒ,False
ráo,ꪹꪔꪷꪒ,False
sạch,ꪹꪔꪷꪒ,False
cửa,ꪔꪴ,False
cửa,ꪣ꫁ꪱꪣ,True
cổng,ꪔꪴ,False
"cửa ải, quan ải",ꪔꪴ ꪮ꪿ꪱꪥ,False
"nộ ải, quan ải",ꪔꪴ ꪮ꪿ꪱꪥ,True
"cửa ải, vục ải",ꪔꪴ ꪮ꪿ꪱꪥ,True
"cổng bản, cổng làng",ꪔꪴ ꪚ꫁ꪱꪙ,False
cửa cuối sàn,ꪔꪴ ꪋꪱꪙ,False
cửa con sàn,ꪔꪴ ꪋꪱꪙ,True
cửa cuối sàn,ꪔꪴ ꪥꪰꪀ,True
"cửa giậu, cửa chuồng",ꪔꪴ ꪁ꪿ꪺꪉ,False
"cửa giậu, thào, chuồng",ꪔꪴ ꪁ꪿ꪺꪉ,True
"cửa giậu, cửa lảnh",ꪔꪴ ꪁ꪿ꪺꪉ,True
"cửa thành, cổng thành",ꪔꪴ ꪒꪲꪙ,False
"cửa thành, cổng giọ#ven",ꪔꪴ ꪒꪲꪙ,True
"cửa thành, cổng sạp,",ꪔꪴ ꪒꪲꪙ,True
"cửa mường, cổng mường",ꪔꪴ ꪹꪣꪉ,False
"cửa mường, cổng mường",ꪔꪴ ꪶꪭꪚ,True
cửa đầu sàn,ꪔꪴ ꪀ꫁ꪫꪱꪙ,False
"cửa phương, ván",ꪔꪴ ꪀ꫁ꪫꪱꪙ,True
"cửa ngõ, cửa hiên",ꪔꪴ ꪔ꪿ꪱꪉ,False
"cửa ngõ, cửa hiên",ꪈꪱ ꪔ꪿ꪱꪉ,True
"cửa ngõ, cửa dối",ꪔꪴ ꪔ꪿ꪱꪉ,True
cửa kính,ꪔꪴ ꪵꪫ꪿ꪙ,False
"bĩnh, kính",ꪔꪴ ꪵꪫ꪿ꪙ,True
cửa cấm,ꪔꪴ ꪹꪎ꫁,False
tủ,ꪔꪴ꫁,False
tù,ꪕꪴ,False
tù,ꪏꪩꪱꪥ,True
"tù, tày",ꪕꪴ꫁,False
"nghiệp, tày",ꪕꪴ꫁,True
cọc rào,ꪕꪴ꫁ ꪭ꫁ꪺ,False
oang rào,ꪕꪴ꫁ ꪭ꫁ꪺ,True
nhắc,ꪔꪺ,False
"khắp, khắp lượt",ꪕ꪿ꪺ,False
"khắp, khắp kin",ꪕ꪿ꪺ,True
khắp cả,ꪕ꪿ꪺ ꪹꪢꪸꪒ,False
khắp chứng,ꪕ꪿ꪺ ꪹꪢꪸꪒ,True
câu,ꪔꪴ꪿ꪀ,False
câu,ꪶꪎꪚꪙ,True
đánh,ꪔꪴ꪿ꪀ,False
đánh,ꪙꪳ꫁ꪀ,True
cất#túc chủm: cất vó,ꪔꪴ꪿ꪀ,False
"cất#túc mẻo, cất vó",ꪔꪴ꪿ꪀ,True
câu quăng,ꪔꪴ꪿ꪀ ꪹꪚꪸꪒ ꪶꪚ꪿ꪀ,False
câu rà,ꪔꪴ꪿ꪀ ꪵꪋ꪿,False
câu nhử,ꪔꪴ꪿ꪀ ꪤꪰꪀ,False
câu nhử,ꪔꪴ꪿ꪀ ꪻꪋ,True
câu nhử,ꪔꪴ꪿ꪀ ꪚ꪿ꪱ,True
câu rê,ꪔꪴ꪿ꪀ ꪡꪱꪒ ꪎꪱꪥ,False
câu rê,ꪔꪴ꪿ꪀ ꪡꪱꪒ ꪛꪩ꪿ꪱ,True
"đủ, đông đủ",ꪕꪴ꫁ꪀ,False
đầy đủ,ꪕꪴ꫁ꪀ ꪝꪷ,False
ngả đủ,ꪕꪴ꫁ꪀ ꪝꪷ,True
"cặp, bộ",ꪔꪴ꪿ꪥ,False
nạc bộ,ꪔꪴ꪿ꪥ,True
"gái, xẻ",ꪔꪴ꪿ꪥ,True
dái mào,ꪔꪴ꪿ꪥ ꪼꪀ꪿,False
ngút,ꪔꪴ꫁ꪥ,False
nghi ngút,ꪔꪴ꫁ꪥ ꪔꪴ꫁ꪥ,False
nhão ngút,ꪔꪴ꫁ꪥ ꪔꪴ꫁ꪥ,True
mù mịt,ꪔꪴ꫁ꪥ ꪔꪴ꫁ꪥ,False
sưng húp,ꪔꪴꪣ,False
sưng húp,ꪹꪙꪷ꫁ꪉ,True
"mụn, nốt",ꪔꪴ꪿ꪣ,False
rò nốt,ꪔꪴ꪿ꪣ,True
"đụng, cụng",ꪔꪴ꪿ꪣ,False
"đụng, máo",ꪔꪴ꪿ꪣ,True
nhọt,ꪔꪴ꪿ꪣ ꪠꪲ,False
nhọt,ꪔꪴ꪿ꪣ ꪜꪲ꫁ꪙ,True
nốt ruồi,ꪔꪴ꪿ꪣ ꪄꪲ꫁ ꪵꪣꪉ ꪉꪺꪙ,False
nốt ruồi,ꪔꪴ꪿ꪣ ꪄꪲ꫁ ꪥꪾ꫁ ꪉꪺꪙ,True
nốt ruồi,ꪔꪴ꪿ꪣ ꪄꪲ꫁ ꪵꪣꪉ ꪀꪾ,True
chum chúm,ꪔꪴ꪿ꪣ ꪔ꫁ꪱꪉ,False
chum chúm,ꪔꪴ꪿ꪣ ꪵꪣꪉ,True
lồng,ꪔꪴ꫁ꪣ,False
vun,ꪔꪴ꫁ꪣ,False
thăn,ꪔꪴ꫁ꪣ,True
"ủ, đùm",ꪔꪴ꫁ꪣ,False
vun gốc,ꪔꪴ꫁ꪣ ꪶꪀ꪿ꪀ,False
vun gốc,ꪔꪴ꫁ꪣ ꪐ꪿ꪱꪙ,True
đùm bọc,ꪔꪴ꫁ꪣ ꪝꪺ,False
vun đắp,ꪔꪴ꫁ꪣ ꪵꪔ꪿ꪉ,False
vun bón,ꪔꪴ꫁ꪣ ꪶꪕꪣ,False
"bụi, lùm",ꪕꪴꪣ,False
"kíng miệng,",ꪕꪴꪣ,True
xum xuê,ꪕꪴꪣ ꪹꪕ,False
hang xuê,ꪕꪴꪣ ꪹꪕ,True
khuấy,ꪕꪴ꪿ꪣ,False
khuấy,ꪑ꪿ꪱꪣ,True
tùng tùng,ꪕꪴ꪿ꪣ ꪕꪴ꪿ꪣ,False
"tùng trổ,",ꪕꪴ꪿ꪣ ꪕꪴ꪿ꪣ,True
sát tận,ꪕꪴꪙ,False
sát tận,ꪨ꪿ꪱꪥ,True
sát xu,ꪕꪴꪙ,True
cùng,ꪕꪴꪙ,False
cùng,ꪄꪷ꪿,True
bí,ꪕꪴꪙ,False
"bít,",ꪕꪴꪙ,True
cùng quẫn,ꪕꪴꪙ ꪻꪊ,False
cùng đít,ꪕꪴꪙ ꪻꪊ,True
hao quẫn,ꪕꪴꪙ ꪻꪊ,True
cũng kế,ꪕꪴꪙ ꪵꪭꪉ,False
cũng kế,ꪹꪋꪸ꫁ꪙ ꪵꪭꪉ,True
"đỉnh, kế",ꪕꪴꪙ ꪵꪭꪉ,True
cùng trời,ꪕꪴꪙ ꪡ꫁ꪱ,False
cùng trời,ꪕꪴꪙ ꪹꪜꪸꪨ꪿ꪙ,True
cực chẳng đã,ꪕꪴꪙ ꪔꪱꪥ,False
cực chẳng đã,ꪕꪴꪙ ꪏ꫁ꪱꪫ,True
cùng cực,ꪕꪴꪙ ꪔꪱꪥ,False
cùng lơn,ꪕꪴꪙ ꪔꪱꪥ,True
nứng cực,ꪕꪴꪙ ꪔꪱꪥ,True
cùng đường,ꪕꪴꪙ ꪕꪱꪉ,False
"cùng ra, bất đắc dĩ",ꪕꪴꪙ ꪵꪕ꫁,False
"cùng ra, bất đắc chen",ꪕꪴꪙ ꪵꪕ꫁,True
lặng,ꪕꪴ꪿ꪙ,False
túng,ꪔꪴ꪿ꪉ,False
nắng,ꪔꪴ꪿ꪉ,True
"lủng củng, lỉnh kỉnh",ꪔꪴ꪿ꪉ ꪔ꪿ꪱꪉ,False
"lủng củng, lỉnh dửng",ꪔꪴ꪿ꪉ ꪔ꪿ꪱꪉ,True
"túng bấn, túng thiếu",ꪔꪴ꪿ꪉ ꪔ꪿ꪱꪫ,False
"túng bấn, vểnh thiếu",ꪔꪴ꪿ꪉ ꪔ꪿ꪱꪫ,True
"túng bấn, túng tôm",ꪫꪾꪚ ꪔ꪿ꪱꪫ,True
rối bời,ꪔꪴ꪿ꪉ ꪔ꪿ꪱꪫ,False
phơi bời,ꪔꪴ꪿ꪉ ꪔ꪿ꪱꪫ,True
đỏ ửng,ꪔꪴ꪿ꪉ ꪔꪲ꪿ꪉ,False
đỏ nhơm,ꪔꪴ꪿ꪉ ꪔꪲ꪿ꪉ,True
xom mắng,ꪔꪴ꪿ꪉ ꪔꪲ꪿ꪉ,True
điếu,ꪕꪴ꪿ꪉ,False
"căn cứ, sào huyệt",ꪕꪴ꪿ꪉ,False
"qua cứ, sào huyệt",ꪕꪴ꪿ꪉ,True
điếu ống,ꪕꪴ꪿ꪉ ꪁꪺꪙ,False
vại nước chàm,ꪕꪴ꪿ꪉ ꪙꪲꪙ,False
chọc,ꪕꪴ꫁ꪉ,False
chọc,ꪩ꫁ꪮꪥ,True
tuổi,ꪔ꫁ꪺꪥ,False
sổng,ꪔ꫁ꪺꪥ,True
ngớt,ꪕ꪿ꪺꪥ,False
nguôi,ꪕ꪿ꪺꪥ,False
bàn tán,ꪔꪺꪀ,False
bàn tán,ꪋꪸ꫁ꪫ,True
"cờ, bông",ꪕꪺꪙ,False
bó,ꪕꪺꪙ,False
quai,ꪔ꪿ꪺꪉ,False
sộc,ꪔ꪿ꪺꪉ,True
thòng lọng,ꪔ꪿ꪺꪉ ꪅ꫁ꪺꪉ,False
luật lọng,ꪔ꪿ꪺꪉ ꪅ꫁ꪺꪉ,True
lên tiếng hỏi,ꪕ꫁ꪺꪉ,False
"lên tiếng thưa,",ꪕ꫁ꪺꪉ,True
cất tiếng kêu,ꪕ꫁ꪺꪉ,False
"túp, lều, túp lều",ꪔꪴꪚ,False
"tưng lều, túp lều",ꪔꪴꪚ,True
đầu hồi,ꪕꪴꪚ,False
"quát, hồi",ꪕꪴꪚ,True
mái tròn,ꪕꪴꪚ ꪶꪀ꪿ꪉ,False
mái bằng,ꪕꪴꪚ ꪩꪰꪒ,False
mái vung,ꪕꪴꪚ ꪩꪰꪒ,True
đội,ꪕꪳ,False
đậu,ꪕꪳ,False
kể,ꪕꪳ,False
"thoắt,",ꪕꪳ,True
coi như,ꪕꪳ,False
"tàng, như",ꪕꪳ,True
coi tro,ꪕꪳ,True
chấp,ꪕꪳ,False
ôm lòng,ꪕꪳ ꪻꪊ,False
ôm lòng,ꪹꪀꪷꪚ ꪻꪊ,True
quầng,ꪕꪳ ꪀꪴꪚ ꪹꪨꪸ꪿ꪀ,False
quầng,ꪕꪳ ꪶꪅꪥ꫁ꪀ ꪹꪨꪸ꪿ꪀ,True
tán,ꪕꪳ ꪀꪴꪚ ꪕꪮꪉ,False
trực đêm,ꪕꪳ ꪁꪳꪙ,False
trực đêm,ꪕꪳ ꪚꪺꪀ,True
"trực sưng,",ꪕꪳ ꪁꪳꪙ,True
kế tự,ꪕꪳ ꪹꪭꪙ,False
kế tự,ꪕꪳ ꪹꪋ꪿,True
"nhập, ám",ꪕꪳ ꪹꪣꪱ,False
chấp nhặt,ꪕꪳ ꪹꪕꪉ,False
chê nhặt,ꪕꪳ ꪔꪳꪚ,True
tự do,ꪕꪳ ꪔꪱꪉ,False
"lần, bận",ꪹꪕ꪿,False
"lần, rể",ꪹꪕ꪿,True
từng,ꪹꪕ꪿,False
từng bước,ꪹꪕ꪿ ꪚꪱꪒ,False
từng rích,ꪹꪕ꪿ ꪚꪱꪒ,True
nhỏ giọt,ꪹꪕ꪿ ꪙ꫁ꪮꪥ,False
từng ít một,ꪹꪕ꪿ ꪙ꫁ꪮꪥ,False
"thúc, thúc giục",ꪔꪳ꪿ꪀ,False
"thúc, Ông, gom,",ꪔꪳ꪿ꪀ,True
nuông,ꪔꪳ꪿ꪀ ꪹꪔ꫁ꪥ,False
đến thế,ꪕꪳ꫁ꪀ,False
"kín, thế",ꪕꪳ꫁ꪀ,True
rặn thế,ꪕꪳ꫁ꪀ,True
"tột, cực",ꪕꪳ꫁ꪀ,False
thù thì,ꪕꪳ꫁ꪀ ꪕꪳ,False
thù thì,ꪕꪳ꫁ꪀ ꪏꪱꪫ,True
"thình thình, thình thịch",ꪕꪳ꪿ꪀ ꪕꪳ꫁ꪀ,False
"thình thình, nghiện thịch",ꪕꪳ꪿ꪀ ꪕꪳ꫁ꪀ,True
giun,ꪔꪳꪀ,False
lum,ꪔꪳꪀ,True
giun,ꪖ꫁ꪱꪥ,True
thêm,ꪔꪳ꪿ꪣ,False
thêm thắt,ꪕꪳꪣ ꪵꪕꪙ,False
"tăng thêm, gia tăng",ꪕꪳꪣ ꪵꪕꪙ,False
"tăng thêm, gia tăng",ꪊꪀꪮꪉ ꪵꪕꪙ,True
"tăng thêm, lòe tăng",ꪕꪳꪣ ꪵꪕꪙ,True
vớt vát,ꪕꪳꪣ ꪵꪕꪙ,False
vớt vát,ꪕꪳꪣ ꪕꪺꪙ,True
bổ sung,ꪕꪳꪣ ꪵꪕꪙ,False
họa sung,ꪕꪳꪣ ꪵꪕꪙ,True
dậy,ꪔꪳ꪿ꪙ,False
dậy,ꪶꪉ꫁ꪀ,True
"đứng, đứng lên",ꪔꪳ꪿ꪙ,False
"đứng, o lên",ꪜ꪿ꪱ,True
dậy mùi,ꪔꪳ꪿ꪙ ꪮꪱꪥ,False
nhường chỗ,ꪔꪳ꪿ꪙ ꪚ꪿ꪮꪙ,False
"ban mai, buổi sáng",ꪔꪳ꪿ꪙ ꪹꪋꪱ꫁,False
"ban mai, buổi sáng",ꪔꪳ꪿ꪙ ꪶꪔ꪿ꪙ,True
"ban mai, buổi sáng",ꪔꪳ꪿ꪙ ꪵꪅ꪿,True
sáng sốm,ꪔꪳ꪿ꪙ ꪹꪋꪱ꫁,False
xìu sốm,ꪔꪳ꪿ꪙ ꪹꪋꪱ꫁,True
vùng dậy,ꪔꪳ꪿ꪙ ꪭꪳ꫁,False
"đứng lên, đứng dậy",ꪔꪳ꪿ꪙ ꪄꪳ꫁ꪙ,False
"đứng lên, đứng dậy",ꪔꪳ꪿ꪙ ꪹꪮꪷꪀ,True
vùng lên,ꪔꪳ꪿ꪙ ꪄꪳ꫁ꪙ,False
"vùng già,",ꪔꪳ꪿ꪙ ꪄꪳ꫁ꪙ,True
ăn rỗi,ꪔꪳ꪿ꪙ ꪨꪺꪉ,False
gượng dậy,ꪔꪳ꪿ꪙ ꪙꪰ꪿ꪉ,False
"gượng nạo,",ꪔꪳ꪿ꪙ ꪙꪰ꪿ꪉ,True
lột,ꪕꪳ꫁ꪙ,False
"vì,",ꪕꪳ꫁ꪙ,True
nhạt,ꪕꪳ꫁ꪙ,True
giỡ,ꪕꪳ꫁ꪙ,False
xáo,ꪕꪳ꫁ꪙ,False
"trốc, tốc",ꪕꪳ꫁ꪙ,False
vều tốc,ꪕꪳ꫁ꪙ,True
bới xáo,ꪕꪳ꫁ꪙ ꪹꪕꪸ,False
chằn,ꪔꪳꪉ,False
căng,ꪔꪳꪉ,False
nong,ꪔꪳꪉ,False
nong,ꪝꪳ꫁ꪙ,True
nong,ꪩꪴꪙ,True
căng,ꪔꪳ꪿ꪉ,False
"giở,",ꪔꪳ꪿ꪉ,True
mọng,ꪔꪳ꪿ꪉ,False
"ngào ngạt, ngạt ngào",ꪔꪳ꪿ꪉ ꪔꪳ꪿ꪉ,False
"ngào ngạt, ngạt pính",ꪶꪓ꫁ꪀ ꪔꪳ꪿ꪉ,True
căng phình,ꪔꪳ꪿ꪉ ꪮꪎꪳꪒ,False
căng cứu,ꪔꪳ꪿ꪉ ꪮꪎꪳꪒ,True
"bịch, ịch",ꪕꪳ꪿ꪉ,False
"bịch, tẽ",ꪕꪳ꪿ꪉ,True
trễ,ꪹꪔ꪿ꪥ,False
dọng,ꪹꪔꪀ,False
"ngấy, ngán",ꪹꪔ꫁ꪙ,False
ém ngán,ꪹꪔ꫁ꪙ,True
tướng,ꪹꪔ꪿ꪉ,False
tướng quân,ꪹꪔ꪿ꪉ ꪀꪺꪙ,False
đỗi quân,ꪜꪸ꫁ ꪀꪺꪙ,True
"mãnh tướng, dũng tướng",ꪹꪔ꪿ꪉ ꪬꪱꪙ,False
"mãnh tướng, nhoáng, tướng",ꪹꪔ꪿ꪉ ꪬꪱꪙ,True
rậm,ꪔꪳꪚ,False
rậm,ꪮꪱꪥ,True
lạng,ꪔꪳꪚ,False
lùa,ꪔꪳꪚ,True
ngập ngụa,ꪔꪳꪚ ꪣꪴꪙ,False
ngập ngụa,ꪕꪱ ꪣꪴꪙ,True
sấp ngụa,ꪔꪳꪚ ꪣꪴꪙ,True
rậm rạp,ꪔꪳꪚ ꪔꪽ,False
"giậm, nện",ꪕꪳꪚ,False
ríu nện,ꪕꪳꪚ,True
"bồng, nện",ꪕꪳꪚ,True
đắp thêm,ꪕꪳꪚ,False
giậm chân,ꪕꪳꪚ ꪔꪲꪙ,False
"đó, chân",ꪕꪳꪚ ꪔꪲꪙ,True
sình sịch,ꪕꪳꪒ ꪕꪳꪒ,False
sình sịch,ꪕꪳꪒ ꪢꪳꪙ,True
sình sịch,ꪕꪳꪒ ꪅꪴ꫁ꪣ,True
lổng chổng,ꪹꪕꪸ꪿-ꪹꪫꪸꪒ ꪹꪕꪸ꪿-ꪹꪫꪸ,False
chon chót,ꪔꪎ꪿ꪮꪥ,False
rực,ꪕꪳ꫁ ꪕꪳ꫁,False
lở loét,ꪖꪱ,False
lở loét,ꪵꪥ꪿ꪉ,True
lở phụ,ꪖꪱ,True
"đợi, chờ",ꪖ꫁ꪱ,False
bực chờ,ꪖ꫁ꪱ,True
trệch,ꪗ꫁ꪱ,False
"rữa,",ꪗ꫁ꪱ,True
dân lễ vật,ꪖꪱꪥ,False
"dân lễ xể,",ꪖꪱꪥ,True
dâng biếu và bày tỏ,ꪖꪱꪥ ꪼꪚ꫁,False
thay,ꪖ꪿ꪱꪥ,False
bột,ꪖ꪿ꪱꪥ,True
"an khang, an bình, thái bình",ꪖ꪿ꪱꪥ ꪮꪱꪙ,False
"an múp an bình, thái bình",ꪖ꪿ꪱꪥ ꪮꪱꪙ,True
"an khang, an bình, đanh bình",ꪛꪱ ꪮꪱꪙ,True
thải,ꪖ꫁ꪱꪥ,False
"sa thải, thải hồi",ꪖ꫁ꪱꪥ,False
"sa thải, cứt hồi",ꪖ꫁ꪱꪥ,True
đố,ꪗꪱꪥ,False
"đẽo, vạc",ꪖꪱꪀ,False
"đẽo, chọi",ꪖꪱꪀ,True
sượt,ꪖꪱꪀ,False
choảng,ꪖꪱꪀ,False
xỉ vả,ꪖꪱꪀ ꪘ꫁ꪱ,False
xỉ vả,ꪵꪄꪙ ꪉ꫁ꪫꪱ,True
đẽo qua quýt,ꪖꪱꪀ ꪖꪲꪀ,False
"giúp, qua quýt",ꪖꪱꪀ ꪖꪲꪀ,True
"soát, thẳm quýt",ꪖꪱꪀ ꪖꪲꪀ,True
vụt tứ tung,ꪖꪱꪀ ꪖꪲꪀ,False
vụt tứ tung,ꪬ꪿ꪺꪙ ꪖꪲꪀ,True
vung,ꪖꪱꪀ ꪖꪲꪀ,False
vừa,ꪖꪱꪀ ꪖꪲꪀ,True
hỏi,ꪖꪱꪣ,False
hỏi bài,ꪖꪱꪣ ꪛꪱꪥ,False
lắp bài,ꪖꪱꪣ ꪛꪱꪥ,True
thăm hỏi,ꪖꪱꪣ ꪬꪱ,False
"dễ, hỏi",ꪖꪱꪣ ꪬꪱ,True
thăm nhản,ꪣꪾꪚ ꪬꪱ,True
hỏi thăm,ꪖꪱꪣ ꪄ꪿ꪱꪫ,False
mỏm thăm,ꪖꪱꪣ ꪄ꪿ꪱꪫ,True
"thám, thám thính, do thám",ꪖ꪿ꪱꪣ,False
"thám, lùi thính, do thám",ꪖ꪿ꪱꪣ,True
than,ꪖ꪿ꪱꪙ,False
than đá,ꪖ꪿ꪱꪙ ꪬꪲꪙ,False
"than nhái,",ꪖ꪿ꪱꪙ ꪬꪲꪙ,True
than củi,ꪖ꪿ꪱꪙ ꪼꪡ,False
gác,ꪖ꫁ꪱꪙ,False
trần,ꪖ꫁ꪱꪙ ꪵꪭ꫁ꪉ,False
gác xép,ꪖ꫁ꪱꪙ ꪵꪭ꫁ꪉ,False
gác xép,ꪚ꫁ꪱꪥ ꪹꪈꪸꪒ,True
"phát, phạt",ꪖꪱꪉ,False
thăng,ꪖꪱꪉ,False
thăng,ꪼꪪ,True
ra giêng,ꪖꪱꪉ ꪊꪸꪉ,False
doãng,ꪖ꪿ꪱꪉ,False
"căng nọc, căng xác",ꪖ꪿ꪱꪉ,False
căng cuộc căng xác,ꪖ꪿ꪱꪉ,True
"căng nọc, phềnh xác",ꪹꪯꪸ꫁ꪫ,True
nọc cổ,ꪖ꪿ꪱꪉ ꪁꪷ,False
nọc nớp,ꪖ꪿ꪱꪉ ꪕ꫁ꪱꪣ,True
doãng rộng,ꪖ꪿ꪱꪉ ꪹꪅꪷ꫁ꪉ,False
"ủ, rộng",ꪖ꪿ꪱꪉ ꪹꪅꪷ꫁ꪉ,True
lòng thòng,ꪖ꪿ꪱꪉ ꪖ꫁ꪱꪥ,False
dơi thòng,ꪖ꪿ꪱꪉ ꪖ꫁ꪱꪥ,True
giong,ꪗ꪿ꪱꪉ,False
khéo,ꪹꪁꪷꪉ,True
văng,ꪗ꫁ꪱꪉ,False
oắt,ꪗ꫁ꪱꪉ,True
thánh,ꪵꪖ꪿ꪉ,False
thánh,ꪎꪴꪙ,True
một phần tư,ꪵꪖ꪿ꪉ,False
thành,ꪵꪗꪉ,False
bộ,ꪖ꪿ꪱꪫ,False
bộ,ꪣꪷ,True
bộ,ꪎꪱꪚ,True
nôn mửa,ꪖ꪿ꪱꪫ,False
"nôn khùng,",ꪖ꪿ꪱꪫ,True
bát mửa,ꪖ꪿ꪱꪫ,True
tháo dạ,ꪖ꪿ꪱꪫ ꪕ꫁ꪮꪉ,False
tháo,ꪖ꫁ꪱꪫ,False
thỗn thện,ꪖꪱꪚ ꪹꪗꪸ꫁ꪉ,False
nhom,ꪖꪱꪚ ꪹꪗꪸ꫁ꪉ,False
nhom,ꪖꪱꪚ ꪤꪱꪥ,True
tháp,ꪗꪱꪒ,False
nhâu,ꪣ꫁ꪱꪫ,True
già,ꪹꪖꪱ꫁,False
"mác,",ꪹꪖꪱ꫁,True
cụ,ꪹꪖꪱ꫁,False
suất,ꪹꪖꪱ꫁,True
"bố phượu, ông hề",ꪹꪖꪱ꫁ ꪁꪩꪷ꫁,False
"giúp, phượu, ông hề",ꪹꪖꪱ꫁ ꪢꪱꪙ,True
"bố phượu, ông hề",ꪠꪲꪒ ꪁꪩꪷ꫁,True
"già cả, già nua",ꪹꪖꪱ꫁ ꪵꪀ꪿,False
"nằn cả, già nua",ꪹꪖꪱ꫁ ꪵꪀ꪿,True
về già,ꪹꪖꪱ꫁ ꪣꪱ,False
cày,ꪼꪖ,False
manh,ꪼꪖ,True
cày,ꪼꪖ,False
chúi,ꪼꪖ,False
cày bừa,ꪼꪖ ꪚꪱꪙ,False
vông khách,ꪼꪖ ꪚꪱꪙ,True
bặm bừa,ꪼꪖ ꪚꪱꪙ,True
cày máy,ꪼꪖ ꪼꪢ꪿,False
cày rã,ꪼꪖ ꪼꪢ꪿,True
cày hmông,ꪼꪖ ꪵꪣ꫁ꪫ,False
rình hmông,ꪼꪖ ꪵꪣ꫁ꪫ,True
cày thái,ꪼꪖ ꪼꪕ,False
cày chìa vôi,ꪼꪖ ꪼꪕ,False
cày đác vôi,ꪼꪖ ꪼꪕ,True
thay,ꪼꪖ꪿,False
chuộc,ꪼꪖ꪿,False
mua lại,ꪼꪖ꪿,False
mua buôn,ꪼꪖ꪿ ꪄꪱꪥ,False
"chất đông, chất nhầy",ꪖꪰꪀ ꪹꪖꪷ꪿ꪙ,False
fùa: sung biêng nhầy,ꪖꪰꪀ ꪹꪖꪷ꪿ꪙ,True
"hang, động",ꪖꪾ꫁,False
lặc động,ꪖꪾ꫁,True
"hang, hộc",ꪖꪾ꫁,True
hàng,ꪖꪽ,False
hàng,ꪒꪲ꫁,True
vì,ꪖꪽ,False
nia,ꪖꪽ,True
"rặng, dãy",ꪖꪽ,False
"rặng, vật",ꪖꪽ,True
xị,ꪖꪰ꪿ꪉ,False
trề,ꪖꪰ꪿ꪉ,False
loanh,ꪖꪰ꪿ꪉ,True
trề,ꪬ꫁ꪱ,True
"lê, toài",ꪖꪰꪒ,False
lết,ꪖꪰꪒ,False
"sát, là",ꪖꪰꪒ,False
"sát, là",ꪩꪲ꫁ꪣ,True
"thứ, kế",ꪖꪰꪒ,False
"thứ, tọt",ꪖꪰꪒ,True
lê lết,ꪖꪰꪒ ꪹꪖ,False
lê tỉnh,ꪖꪰꪒ ꪹꪖ,True
"lè, lết",ꪯꪷ꪿ ꪹꪖ,True
thành thật,ꪗꪰꪒ ꪗꪷ꫁,False
thành thật,ꪗꪰꪒ ꪏꪉ꫁ꪱꪙ,True
thân thiết,ꪗꪰꪒ ꪗꪷ꫁,False
"hổ, thiết",ꪋꪱꪒ ꪗꪷ꫁,True
cạo,ꪵꪖ,False
bù,ꪵꪗ꫁,False
bù,ꪹꪐꪷꪣ,True
"thần, thượng đế",ꪵꪖꪙ,False
"thần, thượng chướng,",ꪵꪖꪙ,True
"thần, thượng rủn",ꪵꪖꪙ,True
thần ban phước,ꪵꪖꪙ ꪚꪴꪙ,False
trăm ban phước,ꪵꪖꪙ ꪚꪴꪙ,True
thần ban phù,ꪵꪖꪙ ꪚꪴꪙ,True
thần phán xét,ꪵꪖꪙ ꪋꪰ꪿ꪉ,False
thần phán nỏ,ꪵꪖꪙ ꪋꪰ꪿ꪉ,True
"kặp, phán xét",ꪵꪖꪙ ꪋꪰ꪿ꪉ,True
ngọc hoàng,ꪵꪖꪙ ꪨꪺꪉ,False
ngọc hoàng,ꪵꪖꪙ ꪹꪁꪸ꪿ꪉ,True
lằn,ꪵꪖꪫ,False
"vệt, ráng",ꪵꪖꪫ,False
hàng,ꪵꪖꪫ,False
"ngả, nẻo",ꪵꪖꪫ,False
"ngả, thót",ꪵꪖꪫ,True
dòng,ꪵꪖꪫ,False
thẻo,ꪵꪗ꫁ꪫ,False
thi,ꪖꪲ,False
"dày, mau",ꪖꪲ꪿,False
"dày, ngần,",ꪖꪲ꪿,True
"dày, phèn",ꪖꪲ꪿,True
ích kỉ,ꪖꪲ꪿,False
keo kiệt,ꪖꪲ꪿ ꪘꪱ,False
keo nhốc,ꪖꪲ꪿ ꪘꪱ,True
dày đặc,ꪖꪲ꪿ ꪑꪰꪒ,False
"sát, sít",ꪖꪲ꪿ ꪑꪰꪒ,False
nhặt,ꪖꪲ꪿ ꪑꪰꪒ,False
nhặt,ꪙꪴ꪿ꪉ ꪑꪰꪒ,True
thiên đình,ꪖꪸꪙ,False
cao đình,ꪖꪸꪙ,True
lều,ꪖꪸꪉ,False
động,ꪖꪸꪉ,True
ngôi,ꪖꪸꪉ,False
chuồng,ꪖꪸꪉ,False
chuồng,ꪬꪲ꪿,True
chối,ꪖꪸꪉ,False
"hản,",ꪵꪐꪣ,True
"từ chối, khước từ",ꪖꪸꪉ,False
"hạt chối, khước từ",ꪖꪸꪉ,True
lẫm,ꪖꪸꪉ ꪹꪩꪱ꫁,False
xưởng rèn,ꪖꪸꪉ ꪎꪴꪚ,False
"thiếp, thiệp",ꪖꪸꪚ,False
phó vương,ꪖꪸꪚ ꪜꪺ,False
thức đêm,ꪖꪸꪫ ꪁꪳꪙ,False
thiếu,ꪖꪸ꪿ꪫ,False
nén,ꪖꪸ꪿ꪫ,True
"vứt, vất",ꪖꪲ꫁ꪣ,False
"vứt, vất",ꪎꪳꪚ,True
ruồng bỏ,ꪖꪲ꫁ꪣ,False
ruồng bỏ,ꪵꪄ꫁ꪫ,True
đổ vấy,ꪖꪲ꫁ꪣ,False
cốc vấy,ꪖꪲ꫁ꪣ,True
vứt bỏ,ꪖꪲ꫁ꪣ ꪝꪲ,False
dông bỏ,ꪖꪲ꫁ꪣ ꪝꪲ,True
quẳng,ꪖꪲ꫁ꪣ ꪁ꪿ꪫꪱꪉ,False
đổ tội,ꪖꪲ꫁ꪣ ꪶꪕ꫁ꪥ,False
vứt bỏ,ꪖꪲ꫁ꪣ ꪫꪱꪉ,False
bỏ rơi,ꪖꪲ꫁ꪣ ꪫꪱꪉ,False
"bỏ đần,",ꪖꪲ꫁ꪣ ꪄ꪿ꪫꪱꪙ,True
bỏ xó,ꪖꪲ꫁ꪣ ꪫꪱꪉ,False
bỏ xó,ꪖꪲ꫁ꪣ ꪵꪘ꪿,True
bỏ qua,ꪖꪲ꫁ꪣ ꪫꪱꪉ,False
đạp,ꪖꪲꪚ,False
đẫy,ꪖꪲꪚ,False
đạp tung,ꪖꪲꪚ ꪗꪲ꫁,False
đạp lùng,ꪖꪲꪚ ꪗꪲ꫁,True
"huýt sáo, huýt gió",ꪖꪲꪫ,False
"huýt sáo, huýt gió",ꪝꪸꪉ,True
suýt chó,ꪖꪲꪫ ꪢꪱ,False
mom,ꪖꪨꪮꪀ ꪵꪮꪀ,False
loà xoà,ꪶꪗꪩ꪿ꪣ,False
sùm sụp,ꪶꪗꪩ꪿ꪣ ꪶꪗꪩ꫁,False
nhùng sụp,ꪶꪗꪩ꪿ꪣ ꪶꪗꪩ꫁,True
trầy,ꪹꪖꪷꪨꪀ,False
sây sát,ꪹꪖꪷꪨꪀ ꪹꪬꪸꪒ ꪚꪲ꫁,False
thấu sát,ꪹꪖꪷꪨꪀ ꪹꪬꪸꪒ ꪚꪲ꫁,True
sây phù,ꪜꪱ ꪹꪬꪸꪒ ꪚꪲ꫁,True
sềnh sệch,ꪗꪩꪴꪥ ꪗꪩꪴꪥ,False
chống,ꪖꪷ꪿,False
"cằm,",ꪖꪷ꪿,True
thỏ,ꪖꪷ꫁,False
đỡ,ꪖꪷ꫁,True
nhuốm,ꪖꪷ꫁,True
kém,ꪖ꪿ꪮꪥ,False
thua kém,ꪖ꪿ꪮꪥ ꪎꪺ,False
rang kém,ꪖ꪿ꪮꪥ ꪎꪺ,True
hỏi han,ꪖ꫁ꪮꪥ ꪖꪱꪣ,False
khoằm bê,ꪖ꫁ꪮꪥ ꪖꪱꪣ,True
thăm dò,ꪖ꫁ꪮꪥ ꪖꪱꪣ,False
thăm dò,ꪋꪴꪚ ꪖꪱꪣ,True
"đổ, dốc",ꪖꪮꪀ,False
rúm dốc,ꪖꪮꪀ,True
dốc,ꪖꪮꪀ ꪜꪰꪀ,False
dò la,ꪖ꪿ꪮꪣ,False
dò trịch,ꪖ꪿ꪮꪣ,True
rình mò,ꪖ꪿ꪮꪣ ꪥꪮꪣ,False
rình xốc,ꪀ꪿ꪫꪱꪥ ꪥꪮꪣ,True
cất bước,ꪖꪮꪙ ꪔꪲꪙ,False
rút,ꪖ꪿ꪮꪙ,False
lọc,ꪖꪮꪉ,False
"dại,",ꪖꪮꪉ,True
xền,ꪖꪮꪉ,False
nửa,ꪖ꪿ꪮꪉ,False
rưỡi,ꪖ꪿ꪮꪉ,False
bẩn,ꪨꪱꪒ,True
"nửa chừng, nửa vời, dở chừng, lưng chừng",ꪖ꪿ꪮꪉ ꪀꪱꪉ,False
"nửa chừng, nửa vời, dở chừng, lưng chừng",ꪀꪷ ꪀꪱꪉ,True
mệt xác,ꪖ꪿ꪮꪉ ꪔꪱꪥ,False
mệt xin,ꪖ꪿ꪮꪉ ꪔꪱꪥ,True
thục mạng,ꪖ꪿ꪮꪉ ꪔꪱꪥ,False
thục mã,ꪖ꪿ꪮꪉ ꪔꪱꪥ,True
rút,ꪖꪮꪒ,False
tụt,ꪖꪮꪒ,False
đòi,ꪖꪮꪒ,False
"nấc,",ꪖꪮꪒ,True
sạt,ꪶꪖ꪿,False
xéo nát,ꪶꪖ꪿,False
muỗm nát,ꪶꪖ꪿,True
xéo ghềnh,ꪶꪖ꪿,True
gỡ tơ,ꪶꪖ꪿ꪀ ꪼꪢ,False
thôi,ꪶꪖꪥ,False
thôi,ꪶꪖꪥ,False
lấp,ꪶꪖꪣ,False
lấp,ꪢ꪿ꪮꪙ,True
nhổ,ꪶꪖ꪿ꪣ,False
rộ lên,ꪶꪗꪣ ꪶꪗꪣ,False
túi,ꪶꪖꪉ,False
giáo,ꪶꪖꪉ,True
túi thổ cẩm,ꪶꪖꪉ ꪄꪲꪒ,False
túi thổ ẽo,ꪶꪖꪉ ꪄꪲꪒ,True
nhẵn túi,ꪶꪖꪉ ꪹꪜꪱ꪿,False
nhẵn túi,ꪶꪖꪉ ꪅꪑꪷ꫁,True
hầu bao,ꪶꪖꪉ ꪕ꫁ꪮꪥ,False
"hầu ghẽ,",ꪶꪖꪉ ꪀꪔꪴ꪿ꪙ,True
hầu bao,ꪑ꫁ꪮꪥ ꪕ꫁ꪮꪥ,True
"rủi, rủi ro",ꪶꪖ꪿ꪉ,False
rông,ꪶꪖ꪿ꪉ,False
"bởi,",ꪶꪖ꪿ꪉ,True
ró,ꪶꪚꪀ,True
rá,ꪶꪖ꫁ꪉ,False
"trôi, trôi chảy",ꪶꪗ꫁ꪉ,False
đành đạch,ꪶꪖꪚ ꪶꪖꪚ,False
đành đạch,ꪶꪖꪚ ꪩ꫁ꪱꪉ,True
bập bõm,ꪶꪗꪒ ꪡꪱꪒ,False
môn bõm,ꪶꪗꪒ ꪡꪱꪒ,True
đực,ꪹꪖꪷ꪿ꪀ,False
ngách,ꪹꪗꪷ꫁ꪣ,False
ngách,ꪹꪜꪉ,True
sơn,ꪹꪖꪷꪙ,False
đến,ꪹꪖꪷꪉ,False
cha,ꪵꪒꪀ,True
thấm thía,ꪹꪖꪷꪉ ꪻꪊ,False
dóng thía,ꪹꪖꪷꪉ ꪻꪊ,True
đến thời,ꪹꪖꪷꪉ ꪹꪋꪷ,False
đến thời,ꪹꪠꪸꪨꪀ ꪹꪋꪷ,True
lệ thời,ꪹꪖꪷꪉ ꪹꪋꪷ,True
nỗi nào,ꪹꪖꪷꪉ ꪗ꫁ꪱꪙ,False
nỗi chè,ꪹꪖꪷꪉ ꪗ꫁ꪱꪙ,True
đến thì,ꪹꪖꪷꪉ ꪖ꫁ꪺꪙ,False
đến thì,ꪪ꪿ꪮꪉ ꪖ꫁ꪺꪙ,True
tịch thu,ꪖꪴ,False
tịch thu,ꪀꪱꪙ,True
xềnh xệch,ꪖꪴ ꪖ꪿ꪱꪉ,False
xềnh ơn,ꪖꪴ ꪖ꪿ꪱꪉ,True
lật đật,ꪖꪴ ꪖꪰ꪿ꪉ,False
lật chém,ꪖꪴ ꪖꪰ꪿ꪉ,True
lật bục,ꪖꪴ ꪖꪰ꪿ꪉ,True
đũa,ꪖꪴ꪿,False
"tợn,",ꪖꪴ꪿,True
thú,ꪖꪴ꪿,False
đũa son,ꪖꪴ꪿ ꪵꪒꪉ,False
đũa cũ,ꪖꪴ꪿ ꪵꪒꪉ,True
thú thật,ꪖꪴ꪿ ꪏꪳ꪿,False
thú thật,ꪼꪭ ꪏꪳ꪿,True
"thù, hiềm",ꪗꪴ,False
"thù, tái",ꪥꪲ꪿,True
"thù hằn, hiềm thù",ꪗꪴ ꪭꪽ,False
bậu cạch hiềm thù,ꪗꪴ ꪭꪽ,True
"thù hằn, hiềm thù",ꪭꪺꪥ ꪭꪽ,True
khiếu màu trắng,ꪖꪺ ꪭꪲ꪿,False
khiếu dứa trắng,ꪖꪺ ꪭꪲ꪿,True
liếu điếu,ꪖꪺ ꪩꪱꪉ,False
"đong, điếu",ꪖꪺ ꪩꪱꪉ,True
"đậu, đỗ",ꪖ꪿ꪺ,False
đậu thiều,ꪗꪺ ꪵꪭ,False
đậu ngự,ꪖ꪿ꪺ ꪢꪱ ꪈꪷ,False
đậu ngự,ꪖ꪿ꪺ ꪡꪴꪀ ꪈꪷ,True
đậu toanh,ꪖ꪿ꪺ ꪢꪱ ꪈꪷ,True
tương,ꪖ꪿ꪺ ꪹꪙꪱ꪿,False
tương,ꪖ꪿ꪺ ꪩꪺꪉ,True
"đậu tương, đậu nành",ꪖ꪿ꪺ ꪐꪴ꪿ꪀ,False
đậu ván,ꪖ꪿ꪺ ꪵꪜꪚ,False
đậu đũa,ꪖ꪿ꪺ ꪎꪱꪥ ꪹꪎ꫁,False
tán,ꪖ꫁ꪺ,False
chêm,ꪖ꫁ꪺ,True
"đánh, cọ",ꪖꪴ꪿ꪀ,False
"thuồn, cọ",ꪖꪴ꪿ꪀ,True
xát,ꪖꪴ꪿ꪀ,False
đánh giày,ꪖꪴ꪿ꪀ ꪭꪱꪥ,False
thay đổi nước da,ꪖꪴ꪿ꪀ ꪹꪙ꫁,False
đến tuổi dậy thì,ꪖꪴ꪿ꪀ ꪹꪙ꫁ ꪎꪱꪫ,False
"đến xem, vỏng thì",ꪖꪴ꪿ꪀ ꪹꪙ꫁ ꪎꪱꪫ,True
kì cọ,ꪖꪴ꪿ꪀ ꪎꪲ,False
chò cọ,ꪖꪴ꪿ꪀ ꪎꪲ,True
rẻ,ꪖꪴꪀ,False
sáng,ꪖꪴꪀ,True
tống táng,ꪖꪴꪀ ꪖꪱꪀ,False
tống rừng,ꪜꪸ꪿ꪉ ꪁꪮꪒ,True
tống táng,ꪖꪴꪀ ꪵꪠꪙ,True
lụt,ꪖꪴ꪿ꪣ,False
ngập,ꪖꪴ꪿ꪣ,False
ngập,ꪙꪺ,True
tràn ngập,ꪖꪴ꪿ꪣ ꪖꪱꪀ,False
tràn tãi,ꪖꪴ꪿ꪣ ꪖꪱꪀ,True
tràn ngập,ꪖꪴ꪿ꪣ ꪹꪥ꫁ꪥ,True
"phứa, tuốt",ꪖꪴ꪿ꪣ ꪖꪱꪀ,False
"ngập lụt, lụt lội",ꪖꪴ꪿ꪣ ꪖ꫁ꪺꪣ,False
"cheng lụt, lụt lội",ꪖꪴ꪿ꪣ ꪖ꫁ꪺꪣ,True
"ngập lụt, như, lội",ꪖꪴ꪿ꪣ ꪖ꫁ꪺꪣ,True
thùng,ꪗꪴꪉ,False
bát,ꪖ꫁ꪺꪥ,False
bát nước phép,ꪖ꫁ꪺꪥ ꪊꪮꪒ,False
"bát con, bát ăn",ꪖ꫁ꪺꪥ ꪊ꪿ꪮꪉ,False
"bát con, bát hụ",ꪖ꫁ꪺꪥ ꪊ꪿ꪮꪉ,True
"bàm con, bát ăn",ꪖ꫁ꪺꪥ ꪊ꪿ꪮꪉ,True
bát đĩa,ꪖ꫁ꪺꪥ ꪵꪨ,False
bát ô tô,ꪖ꫁ꪺꪥ ꪶꪈ,False
bát đũa,ꪖ꫁ꪺꪥ ꪖꪴ꪿,False
"ngập, lụt",ꪖ꫁ꪺꪣ,False
chậu lụt,ꪖ꫁ꪺꪣ,True
"xấp, lụt",ꪖ꫁ꪺꪣ,True
"tròn, đầy",ꪖ꫁ꪺꪣ,False
lét đầy,ꪖ꫁ꪺꪣ,True
thoả lòng  tham,ꪖ꫁ꪺꪣ ꪬꪴꪚ,False
thoả lòng tham,ꪖꪺ ꪬꪴꪚ,True
chão trộ tham,ꪖ꫁ꪺꪣ ꪹꪄꪷ꪿ꪙ,True
"thoả, thoả thê",ꪖ꫁ꪺꪣ ꪣꪷ꪿,False
"thoả, vọt thê",ꪖ꫁ꪺꪣ ꪣꪷ꪿,True
"thoả, Xinh thê",ꪖ꫁ꪺꪣ ꪣꪷ꪿,True
tột bậc,ꪖ꫁ꪺꪙ,False
tột độ,ꪖ꫁ꪺꪙ,False
tột rế,ꪖ꫁ꪺꪙ,True
đẫy,ꪖ꫁ꪺꪙ,False
đẫy sức,ꪖ꫁ꪺꪙ ꪵꪭꪉ,False
"đẫy đùa,",ꪖ꫁ꪺꪙ ꪵꪭꪉ,True
đẫy sức,ꪖ꫁ꪺꪙ ꪙꪱꪀ,True
"bông, đoá",ꪖꪺꪉ,False
ngậm đoá,ꪖꪺꪉ,True
lôm lốp,ꪖꪺꪉ ꪖꪺꪉ,False
ưỡn lốp,ꪖꪺꪉ ꪖꪺꪉ,True
cây,ꪖꪴꪒ,False
cây,ꪒꪴ꫁ꪉ,True
con,ꪖꪴꪒ,False
su,ꪖꪴꪒ,True
thứ,ꪖꪳ꪿,False
thứ,ꪖꪳ꪿,False
thử,ꪖꪳ꫁,False
"đánh,",ꪖꪳ꫁,True
lột,ꪹꪖ,False
lột,ꪗ꫁ꪱꪥ,True
chén,ꪹꪖ꫁,False
mắc,ꪖꪳꪀ,False
"động, chạm",ꪖꪳꪀ,False
"động, chạm",ꪙꪾ꪿,True
vào,ꪖꪳꪀ,False
"râm,",ꪖꪳꪀ,True
phải lòng,ꪖꪳꪀ ꪻꪊ,False
phải tì,ꪖꪳꪀ ꪻꪊ,True
hợp,ꪖꪳꪀ ꪻꪊ,False
hợp,ꪘꪸ꪿ꪉ ꪻꪊ,True
mắc lỗi,ꪖꪳꪀ ꪘꪲ꫁,False
"giống, lỗi",ꪖꪳꪀ ꪘꪲ꫁,True
mắc nợ,ꪖꪳꪀ ꪹꪙꪷ꫁,False
mắc chệ,ꪝꪲ꪿ ꪹꪙꪷ꫁,True
chịu thuốc,ꪖꪳꪀ ꪹꪙ꫁,False
chịu sam,ꪖꪳꪀ ꪹꪙ꫁,True
"phải môn, phải mặt",ꪖꪳꪀ ꪹꪙ꫁,False
"phải môn, phải chồng",ꪖꪳꪀ ꪹꪙ꫁,True
"vừa mắt, dễ coi",ꪖꪳꪀ ꪔꪱ,False
"phải tội, phải vạ",ꪖꪳꪀ ꪶꪕ꫁ꪥ,False
"phải tội, phải vòm",ꪖꪳꪀ ꪶꪕ꫁ꪥ,True
thước,ꪹꪖꪀ,False
rừng,ꪹꪖ꪿ꪙ,False
rảo,ꪹꪖ꪿ꪙ,True
bồi thường,ꪹꪗꪉ,False
tấm,ꪹꪖꪒ,False
khuôn,ꪹꪖꪒ,False
ì ầm,ꪗꪳꪒ ꪗꪳꪒ,False
dày,ꪘꪱ,False
"dày cộp, dày cộm",ꪘꪱ ꪩꪁꪳꪚ,False
"nỏ, ná",ꪘ꫁ꪱ,False
"xắp, ná",ꪘ꫁ꪱ,True
mặt,ꪘ꫁ꪱ,False
mặt,ꪹꪎꪷꪉ,True
trang,ꪘ꫁ꪱ,False
trước,ꪘ꫁ꪱ,False
sau,ꪘ꫁ꪱ,False
"ngượng, thẹn",ꪘ꫁ꪱ ꪮꪱꪥ,False
có thẹn,ꪘ꫁ꪱ ꪮꪱꪥ,True
xịu mặt,ꪘ꫁ꪱ ꪶꪚꪒ,False
mặt trước của cẳng chân,ꪘ꫁ꪱ ꪵꪁ꪿ꪉ,False
"mặt trước của cẳng ráo,",ꪘ꫁ꪱ ꪶꪗ꪿ꪉ,True
ngay trước mặt,ꪘ꫁ꪱ ꪵꪁ꪿ꪉ,False
"nặng mặt, mặt bị sị",ꪘ꫁ꪱ ꪻꪁ꪿,False
"nặng mặt, mặt khập sị",ꪘ꫁ꪱ ꪻꪁ꪿,True
"nặng mặt, chế bị sị",ꪘ꫁ꪱ ꪻꪁ꪿,True
lạnh nhạt,ꪘ꫁ꪱ ꪊ꪿ꪱꪉ,False
lạnh ngoảy,ꪘ꫁ꪱ ꪊ꪿ꪱꪉ,True
mặt trận,ꪘ꫁ꪱ ꪹꪋꪷ꫁ꪙ,False
"tỉnh, tỉnh táo",ꪘ꫁ꪱ ꪋꪳ꪿ꪙ,False
"tỉnh, kỳ táo",ꪘ꫁ꪱ ꪋꪳ꪿ꪙ,True
"tỉnh, mạ, táo",ꪘ꫁ꪱ ꪋꪳ꪿ꪙ,True
cung,ꪘ꫁ꪱ ꪶꪀꪉ ꪋꪱꪉ,False
đã đành,ꪘ꫁ꪱ ꪵꪓꪉ,False
đã ung,ꪘ꫁ꪱ ꪵꪓꪉ,True
xám mặt,ꪘ꫁ꪱ ꪵꪒ꫁,False
giúp mặt,ꪘ꫁ꪱ ꪵꪒ꫁,True
xám mặt,ꪘ꫁ꪱ ꪼꪁ꫁,True
trán,ꪘ꫁ꪱ ꪵꪒ꪿ꪙ,False
trán,ꪣꪷ꫁ ꪵꪒ꪿ꪙ,True
"rợn, rợn người",ꪘ꫁ꪱ ꪵꪒ꪿ꪙ ꪹꪄꪸꪒ,False
"rợn, cứ người",ꪘ꫁ꪱ ꪶꪮꪣ ꪹꪄꪸꪒ,True
"xấu hổ, trinh nữ",ꪘ꫁ꪱ ꪭ꫁ꪱꪥ,False
"xấu hổ, bua khơi",ꪘ꫁ꪱ ꪭ꫁ꪱꪥ,True
"xấu hổ, trinh nữ",ꪘ꫁ꪱ ꪹꪥ꫁ꪥ,True
xấu hổ,ꪘ꫁ꪱ ꪭ꫁ꪱꪥ,False
xấu hổ,ꪝꪴꪒ ꪭ꫁ꪱꪥ,True
"dĩ nhiên, tất nhiên",ꪘ꫁ꪱ ꪭꪴ꫁,False
lãnh đạm,ꪘ꫁ꪱ ꪻꪄ꪿,False
cau mặt,ꪘ꫁ꪱ ꪄꪾ,False
cau mặt,ꪘ꫁ꪱ ꪹꪭꪥ,True
chật mặt,ꪘ꫁ꪱ ꪄꪾ,True
hở môi,ꪘ꫁ꪱ ꪵꪄ꫁ꪫ ꪚꪲ꪿,False
hở òm,ꪘ꫁ꪱ ꪵꪄ꫁ꪫ ꪚꪲ꪿,True
tướng môi,ꪘ꫁ꪱ ꪵꪄ꫁ꪫ ꪚꪲ꪿,True
ốm yếu,ꪘ꫁ꪱ ꪵꪄ꫁ꪫ ꪚꪲ꪿,False
ốm yếu,ꪹꪑꪱ꫁ ꪵꪄ꫁ꪫ ꪤꪮꪙ,True
ốm cúng,ꪎꪰꪀ ꪵꪄ꫁ꪫ ꪚꪲ꪿,True
mặt cau có,ꪘ꫁ꪱ ꪄꪷ,False
mặt cau có,ꪯꪴꪒ ꪵꪅꪫꪀ,True
bạu mặt,ꪘ꫁ꪱ ꪄꪷ ꪩꪉꪮꪒ,False
sa sầm mặt,ꪘ꫁ꪱ ꪶꪄ꫁ꪣ,False
tin sầm giạt,ꪘ꫁ꪱ ꪶꪄ꫁ꪣ,True
"sa sầm ví,",ꪘ꫁ꪱ ꪶꪄ꫁ꪣ,True
mặt dày,ꪘ꫁ꪱ ꪩ꫁ꪱꪙ,False
mặt dày,ꪘ꫁ꪱ ꪵꪮꪫ,True
sượng mặt,ꪘ꫁ꪱ ꪩ꫁ꪮꪣ ꪵꪩ꫁ꪣ,False
sượng mặt,ꪶꪐ꪿ꪀ ꪩ꫁ꪮꪣ ꪵꪩ꫁ꪣ,True
sượng mặt,ꪘ꫁ꪱ ꪩ꫁ꪮꪣ ꪩꪮꪙ,True
"chai mặt, dạn mặt",ꪘ꫁ꪱ ꪩꪳ꫁ꪙ,False
chai bơn dạn vũ,ꪘ꫁ꪱ ꪩꪳ꫁ꪙ,True
"chai mặt, dạn mặt",ꪘ꫁ꪱ ꪵꪄꪙ,True
đang tuổi xuân,ꪘ꫁ꪱ ꪣꪱꪀ,False
đang tuổi rù,ꪘ꫁ꪱ ꪵꪫ꫁,True
sạm mặt,ꪘ꫁ꪱ ꪣꪮꪒ ꪵꪣꪒ,False
đẽo mặt,ꪘ꫁ꪱ ꪣꪮꪒ ꪵꪣꪒ,True
tím mặt,ꪘ꫁ꪱ ꪣꪳꪒ,False
tím mặt,ꪘ꫁ꪱ ꪅꪺꪉ,True
mặt càu cạu,ꪘ꫁ꪱ ꪉꪾ꫁,False
mặt càu cạu,ꪶꪩ꫁ꪣ ꪉꪾ꫁,True
ngượng mặt,ꪘ꫁ꪱ ꪵꪐ꪿ꪉ,False
thọt mặt,ꪘ꫁ꪱ ꪵꪐ꪿ꪉ,True
mặt nhăn nhó,ꪘ꫁ꪱ ꪐꪴ꫁ꪉ,False
mặt dòm nhó,ꪘ꫁ꪱ ꪐꪴ꫁ꪉ,True
rụt rè,ꪘ꫁ꪱ ꪘꪳ꫁ꪣ,False
ức,ꪘ꫁ꪱ ꪹꪮꪷ꪿ꪀ,False
nơm,ꪘ꫁ꪱ ꪹꪮꪷ꪿ꪀ,True
mặt lưỡi cày,ꪘ꫁ꪱ ꪝ꫁ꪱꪫ ꪼꪖ,False
mặt lưỡi dì,ꪘ꫁ꪱ ꪝ꫁ꪱꪫ ꪼꪖ,True
thổ cẩm,ꪘ꫁ꪱ ꪠ꫁ꪱ,False
mặt chăn,ꪘ꫁ꪱ ꪡꪱ,False
mặt chăn,ꪡ꫁ꪱ ꪡꪱ,True
vạm chăn,ꪘ꫁ꪱ ꪡꪱ,True
vách sông,ꪘ꫁ꪱ ꪠꪰ꪿ꪉ,False
"mặt mũi, mặt mày",ꪘ꫁ꪱ ꪔꪱ,False
"thai, mũi, mặt mày",ꪘ꫁ꪱ ꪔꪱ,True
bộ mặt,ꪘ꫁ꪱ ꪔꪱ,False
chuốt mặt,ꪘ꫁ꪱ ꪔꪱ,True
"danh dự, phẩm giá",ꪘ꫁ꪱ ꪔꪱ,False
"trợ dự, phẩm khoèo",ꪘ꫁ꪱ ꪔꪱ,True
chết tiệt,ꪘ꫁ꪱ ꪔꪱꪥ,False
dòm tiệt,ꪘ꫁ꪱ ꪔꪱꪥ,True
chết tiệt,ꪮ꪿ꪮꪣ ꪔꪱꪥ,True
hết hơi,ꪘ꫁ꪱ ꪔꪱꪥ,False
hết trẻo,ꪘ꫁ꪱ ꪔꪱꪥ,True
đe,ꪘ꫁ꪱ ꪕꪰ꪿ꪉ,False
thừ mặt,ꪘ꫁ꪱ ꪖꪰ꪿ꪉ,False
"mặt kính, mặt gương",ꪘ꫁ꪱ ꪵꪫ꪿ꪙ,False
"mặt kính, chuyển: gương",ꪘ꫁ꪱ ꪵꪫ꪿ꪙ,True
tấm gương,ꪘ꫁ꪱ ꪵꪫ꪿ꪙ,False
tấm trườn,ꪘ꫁ꪱ ꪵꪫ꪿ꪙ,True
công việc,ꪘ꫁ꪱ ꪫꪸꪀ,False
công xiên,ꪘ꫁ꪱ ꪫꪸꪀ,True
sự việc,ꪘ꫁ꪱ ꪫꪸꪀ,False
phơi tum,ꪘ꫁ꪱ ꪫꪸꪀ,True
sự việc,ꪤ꪿ꪽ ꪫꪸꪀ,True
trận mạc,ꪘ꫁ꪱ ꪹꪎꪷ꪿ꪀ,False
"trân địa, chiến sự",ꪘ꫁ꪱ ꪹꪎꪷ꪿ꪀ,False
"trân địa, chiến sự",ꪘ꫁ꪱ ꪁ꪿ꪺꪙ,True
ruộng,ꪙꪱ,False
đi,ꪙꪱ,False
"nhá, nhé",ꪙꪱ,False
"nhá, dọ",ꪙꪱ,True
ruộng bậc thang,ꪙꪱ ꪁꪽ ꪭꪮꪙ,False
ruộng bậc phang,ꪙꪱ ꪁꪽ ꪭꪮꪙ,True
ruộng xạc thang,ꪙꪱ ꪁꪽ ꪣ꪿ꪺꪙ,True
ruộng rộc,ꪙꪱ ꪁꪩꪷ꫁ ꪶꪁꪩ꫁ꪀ,False
ruộng ô,ꪙꪱ ꪁꪩꪷ꫁ ꪶꪁꪩ꫁ꪀ,True
ruộng công,ꪙꪱ ꪭꪱꪉ ꪹꪣꪉ,False
"ruộng phát canh, thu tô",ꪙꪱ ꪬꪱꪚ,False
ruộng phát gáy lưng tô,ꪙꪱ ꪬꪱꪚ,True
"ruộng phát canh, thu tô",ꪛ꪿ꪮꪥ ꪬꪱꪚ,True
"ruộng biên, ruộng vai",ꪙꪱ ꪬ꫁ꪺꪥ,False
"ruộng biên, tót, vai",ꪑ꪿ꪮꪉ ꪬ꫁ꪺꪥ,True
ruộng bằng phẳng,ꪘ꫁ꪱ ꪶꪕ꪿ꪉ,False
"ruộng tất, phẳng",ꪘ꫁ꪱ ꪶꪕ꪿ꪉ,True
ruộng đồng,ꪘ꫁ꪱ ꪶꪕ꪿ꪉ,False
ruộng đồng,ꪹꪮꪱ ꪶꪕ꪿ꪉ,True
ruộng đồng,ꪘ꫁ꪱ ꪀꪤꪲꪒ,True
cậu,ꪙ꫁ꪱ,False
dì,ꪙ꫁ꪱ,False
mợ,ꪙ꫁ꪱ ꪻꪝ꫁,False
mợ,ꪙ꫁ꪱ ꪹꪔꪷ꪿ꪙ,True
giới thiệu,ꪘꪱꪥ,False
"ghê, gớm",ꪘ꪿ꪱꪥ,False
"ghê, nác",ꪘ꪿ꪱꪥ,True
"ghê, quại,",ꪘ꪿ꪱꪥ,True
chán ghét,ꪘ꪿ꪱꪥ ꪋꪰꪉ,False
ghê tởm,ꪘ꪿ꪱꪥ ꪹꪮꪙ,False
"ghê dụm,",ꪘ꪿ꪱꪥ ꪤ꫁ꪱꪫ,True
lái buôn,ꪙꪱꪥ ꪁ꫁ꪱ,False
trót buôn,ꪙꪱꪥ ꪶꪔ꫁ꪥ,True
sứ giả,ꪙꪱꪥ ꪹꪣꪉ,False
thợ săn,ꪙꪱꪥ ꪝꪱꪙ,False
"thợ góp,",ꪙꪱꪥ ꪝꪱꪙ,True
rái cá,ꪙꪱꪀ,False
gai,ꪘꪱꪣ,False
nam,ꪘꪱꪣ,False
dớp,ꪙꪱꪣ,False
bùn,ꪙ꪿ꪱꪣ,False
điềm đạm,ꪘꪱꪙ ꪻꪊ,False
điềm đạm,ꪕꪰꪉ ꪻꪊ,True
lâu,ꪙꪱꪙ,False
chầy,ꪙꪱꪙ,False
ngan,ꪙ꪿ꪱꪙ,False
nạn,ꪙ꫁ꪱꪙ,False
khó xử,ꪙ꫁ꪱꪙ ꪈꪾ꪿,False
khó xéo,ꪙ꫁ꪱꪙ ꪈꪾ꪿,True
nan giải,ꪙ꫁ꪱꪙ ꪈꪾ꪿,False
"nàng, nương",ꪙꪱꪉ,False
bà,ꪙꪱꪉ,False
bà,ꪙꪳ꫁ꪀ,True
"tôn nữ, công nương",ꪙꪱꪉ ꪙꪱꪒ,False
"tôn trẻ quạu, nương",ꪙꪱꪉ ꪙꪱꪒ,True
tôn voi công nương,ꪙꪱꪉ ꪙꪱꪒ,True
"cô đồng, bà đồng",ꪙꪱꪉ ꪹꪕꪱ꪿,False
lễ cầu tiên,ꪙꪱꪉ ꪹꪕꪱ꪿,False
nàng tiên,ꪙꪱꪉ ꪔꪸꪙ,False
"nàng vét,",ꪙꪱꪉ ꪔꪸꪙ,True
"bông, tiên",ꪙꪱꪉ ꪔꪸꪙ,True
"cô chiêu, tiểu thư",ꪙꪱꪉ ꪎꪱꪫ,False
"cô chiêu, tiểu vôi",ꪙꪱꪉ ꪎꪱꪫ,True
đầu,ꪙ꪿ꪱꪉ,False
truyền,ꪙ꪿ꪱꪉ,True
mối,ꪙ꪿ꪱꪉ,False
tri,ꪙ꪿ꪱꪉ,True
đường hướng,ꪙ꪿ꪱꪉ ꪩꪺꪉ,False
nắng hướng,ꪙ꪿ꪱꪉ ꪀꪒꪴ꪿ꪉ,True
nanh,ꪵꪘꪉ,False
"thà, thà rằng",ꪵꪘꪉ ꪵꪏ,False
"thà, thà rằng",ꪵꪘꪉ ꪹꪮꪸ꫁,True
"lùa, dạy lãnh",ꪵꪘꪉ ꪵꪏ,True
san nhân,ꪵꪘ꫁ꪉ,False
ghế nhân,ꪵꪘ꫁ꪉ,True
"rét, lạnh",ꪘꪱꪫ,False
vạ lạnh,ꪘꪱꪫ,True
rét buốt,ꪘꪱꪫ ꪀꪰꪒ,False
sấu buốt,ꪘꪱꪫ ꪵꪏꪁ꪿ꪉ,True
sốt rét,ꪘꪱꪫ ꪼꪎ꫁,False
khè rét,ꪘꪱꪫ ꪼꪎ꫁,True
giá rét,ꪘꪱꪫ ꪎꪲꪫ,False
khíu,ꪘ꪿ꪱꪫ,False
khíu,ꪋꪸ꪿ꪙ,True
dãy núi,ꪙꪱꪫ ꪝꪴ,False
dãy bọc,ꪙꪱꪫ ꪝꪴ,True
vít,ꪙ꫁ꪱꪫ,False
nẹp,ꪙꪱꪚ,False
nẹp,ꪢ꫁ꪽ,True
nạp,ꪙꪱꪚ,False
nạp,ꪝꪥ꫁ꪺ,True
"lạ,",ꪙꪱꪚ,True
nạp đạn,ꪙꪱꪚ ꪓ꫁ꪱꪙ,False
nạp đạn,ꪙꪴ꪿ꪉ ꪓ꫁ꪱꪙ,True
áp chế,ꪙꪱꪚ ꪹꪔꪸꪉ,False
"út, chế",ꪙꪱꪚ ꪹꪔꪸꪉ,True
từ bi,ꪘꪱꪒ,False
đồ kĩ,ꪹꪘꪱ꪿,False
đồ kĩ,ꪁ꫁ꪺꪀ,True
om,ꪹꪘꪱ꪿,False
náu,ꪹꪘꪱ꪿,False
"vợ, phu nhân",ꪹꪘꪱ꫁,False
chốn,ꪹꪙꪱ,False
chốn,ꪡꪮꪥ,True
ủng,ꪹꪙꪱ꪿,False
nẫu,ꪹꪙꪱ꪿,False
rữa,ꪹꪙꪱ꪿,False
cựa,ꪻꪘ,False
loạng,ꪻꪘ,True
kia,ꪻꪙ,False
khẩn,ꪻꪙ,True
kia,ꪩꪸꪚ,True
trong cõi lòng,ꪻꪙ ꪻꪊ,False
"trong cõi trái,",ꪻꪙ ꪻꪊ,True
"sắc, cõi chéo",ꪻꪙ ꪻꪊ,True
cheo,ꪼꪘ꪿,False
xa,ꪼꪙ,False
con suốt,ꪼꪙ ꪠ꫁ꪱꪥ,False
nở,ꪼꪙ꪿,False
nở,ꪝꪰ꫁,True
nặng,ꪘꪰꪀ,False
đậm,ꪘꪰꪀ,False
ngâm xâm xấp nước,ꪘꪰꪀ,False
ngâm xâm xấp nước,ꪥꪸꪙ,True
"nặng nhọc, khó nhọc",ꪘꪰꪀ ꪘꪱ,False
"giờ, dặn thía nhọc",ꪘꪰꪀ ꪘꪱ,True
"nặng nhọc, khó chê",ꪘꪰꪀ ꪘꪱ,True
nặng nề,ꪘꪰꪀ ꪘꪱ,False
phiền hà,ꪘꪰꪀ ꪘ꪿ꪮꪉ,False
"mỏi mệt, uể oải",ꪘꪰꪀ ꪹꪘ꪿ꪥ,False
"mỏi mệt, uể chạn",ꪘꪰꪀ ꪹꪘ꪿ꪥ,True
"mỏi mệt, uể mầm,",ꪘꪰꪀ ꪹꪘ꪿ꪥ,True
xoáy,ꪘꪰꪀ ꪹꪘ꪿ꪉ,False
xoáy,ꪘꪰꪀ ꪄꪺꪚ,True
nằng nặng,ꪘꪰꪀ ꪮ꫁ꪮꪙ ꪐ꫁ꪮꪙ,False
ít nói,ꪘꪰꪀ ꪶꪎꪚ,False
chắc chắn,ꪙꪰꪀ ꪙꪰꪀ,False
một mực,ꪙꪰꪀ ꪙ꪿ꪽ,False
một hành,ꪙꪰꪀ ꪙ꪿ꪽ,True
nồng nàn,ꪘꪾ꪿ ꪘꪸ,False
nồng láu,ꪘꪾ꪿ ꪘꪸ,True
đầm ấm,ꪘꪾ꪿ ꪘꪸ,False
đầm xuê,ꪘꪾ꪿ ꪘꪸ,True
náo nức,ꪘꪾ꪿ ꪘꪺ,False
"náo lẳng,",ꪹꪔꪸꪒ ꪘꪺ,True
náo nức,ꪘꪾ꪿ ꪑꪲ꫁ꪫ,True
"lần theo, theo, rượt",ꪙꪾ,False
"lần theo, theo, nửa",ꪙꪾ,True
noi theo,ꪙꪾ ꪕ꪿ꪮꪥ,False
"rét, theo",ꪙꪾ ꪕ꪿ꪮꪥ,True
tra,ꪙꪾ꪿,False
trắng,ꪙꪾ꪿,True
nước,ꪙꪾ꫁,False
"phệt,",ꪙꪾ꫁,True
"con nước, dòng nước",ꪙꪾ꫁,False
"cỏm, nước, dòng nước",ꪙꪾ꫁,True
tinh dịch,ꪙꪾ꫁ ꪵꪚ꫁ꪙ,False
tinh dịch,ꪙꪾ꫁ ꪹꪎꪷ꫁ꪙ,True
thủy ngân,ꪙꪾ꫁ ꪛꪩꪮꪒ,False
thủy kiềm,ꪙꪾ꫁ ꪛꪩꪮꪒ,True
nước hoa,ꪙꪾ꫁ ꪚꪮꪀ,False
nước nhất,ꪙꪾ꫁ ꪚꪮꪀ,True
"nước dùng, nước chan",ꪙꪾ꫁ ꪊꪱꪙ,False
tâm tính,ꪙꪾ꫁ ꪻꪊ,False
tâm trầy,ꪙꪾ꫁ ꪻꪊ,True
nước chấm,ꪙꪾ꫁ ꪊꪾ꫁,False
nước chấm,ꪙꪾ꫁ ꪹꪔꪷ꫁ꪙ,True
"dầu hoả, dầu tây",ꪙꪾ꫁ ꪹꪥꪱ,False
"dầu hoả, lẽo tây",ꪙꪾ꫁ ꪹꪥꪱ,True
cao sao vàng,ꪙꪾ꫁ ꪁꪾ ꪹꪥꪱ꫁,False
cao sao vàng,ꪙꪾ꫁ ꪹꪄꪸꪚ ꪹꪥꪱ꫁,True
nước lọc bằng tro,ꪙꪾ꫁ ꪒꪰ꪿ꪉ,False
cuồn lọc bằng tro,ꪙꪾ꫁ ꪒꪰ꪿ꪉ,True
bọc lọc bằng tro,ꪠ꪿ꪱ ꪒꪰ꪿ꪉ,True
đất đai,ꪙꪾ꫁ ꪒꪲꪙ,False
đất thốc,ꪙꪾ꫁ ꪒꪲꪙ,True
bờ cõi,ꪙꪾ꫁ ꪒꪲꪙ,False
"ẩn, cõi",ꪙꪾ꫁ ꪒꪲꪙ,True
mình ốm,ꪙꪾ꫁ ꪶꪎ꫁ꪣ,True
trí óc,ꪙꪾ꫁ ꪵꪮꪀ,False
vỗ óc,ꪙꪾ꫁ ꪵꪮꪀ,True
"thủy triều, hải triều",ꪙꪾ꫁ ꪬꪱ ꪻꪊ,False
"thủy triều, hải triều",ꪙꪾ꫁ ꪬꪱ ꪶꪥ,True
"thủy triều, dằm triều",ꪙꪾ꫁ ꪬꪱ ꪻꪊ,True
nước chàm sơ chế,ꪙꪾ꫁ ꪬ꫁ꪮꪣ,False
nước chàm đãng chế,ꪙꪾ꫁ ꪬ꫁ꪮꪣ,True
cảm,ꪙꪾ꫁ ꪹꪄꪱ꫁ ꪚ꪿ꪺ,False
tấp,ꪙꪾ꫁ ꪹꪄꪱ꫁ ꪚ꪿ꪺ,True
rượu chè,ꪙꪾ꫁ ꪹꪨꪱ꫁,False
nước rút,ꪙꪾ꫁ ꪶꪩꪉ,False
"cạy, rút",ꪉꪸ꫁ꪙ ꪶꪩꪉ,True
"nước lớn, nước dẫy",ꪙꪾ꫁ ꪢ꫁ꪱ,False
"bò giốt xuôi, hẽng",ꪙꪾ꫁ ꪶꪊ꪿ꪣ,True
nước mắm,ꪙꪾ꫁ ꪢꪾ꪿,False
oạch mắm,ꪜ꪿ꪱꪫ ꪢꪾ꪿,True
nước mắm,ꪙꪾ꫁ ꪢꪾ꫁,False
"dầu, xăng",ꪙꪾ꫁ ꪣꪽ,False
vào xăng,ꪙꪾ꫁ ꪣꪽ,True
"dầu, xăng",ꪙꪾ꫁ ꪮ꪿ꪮꪉ,True
đất đèn,ꪙꪾ꫁ ꪣꪽ ꪒ꪿ꪱꪙ,False
đất xoáy,ꪙꪾ꫁ ꪣꪽ ꪭꪳꪙ,True
đất đèn,ꪄ꫁ꪽ ꪣꪽ ꪒ꪿ꪱꪙ,True
dầu ép,ꪙꪾ꫁ ꪣꪽ ꪢꪱꪀ,False
dầu ép,ꪶꪨ꪿ꪀ ꪣꪽ ꪭꪴꪒ,True
trịt ép,ꪶꪬꪣ ꪣꪽ ꪢꪱꪀ,True
nước nôi,ꪙꪾ꫁ ꪼꪙ,False
lựu nôi,ꪙꪾ꫁ ꪼꪙ,True
"nước tiểu, nước giải, nước đái",ꪙꪾ꫁ ꪵꪙ꪿ꪫ,False
"rờ tiểu, nước giải, nhất, bít,",ꪙꪾ꫁ ꪵꪙ꪿ꪫ,True
"nước tiểu, nước giải, ngỡ gọt",ꪙꪾ꫁ ꪵꪙ꪿ꪫ,True
nước chàm tinh chế,ꪙꪾ꫁ ꪙꪲꪙ,False
nước chàm chéo mát,ꪙꪾ꫁ ꪙꪲꪙ,True
nước lũ,ꪙꪾ꫁ ꪙꪮꪉ,False
"sữa, vú sữa",ꪙꪾ꫁ ꪶꪙꪣ,False
đường,ꪙꪾ꫁ ꪮ꫁ꪮꪥ,False
đường kính,ꪙꪾ꫁ ꪮ꫁ꪮꪥ ꪒ꪿ꪮꪙ,False
đường kính,ꪭꪲ꫁ꪣ ꪮ꫁ꪮꪥ ꪒ꪿ꪮꪙ,True
đường kính,ꪙꪾ꫁ ꪹꪩꪸꪚ ꪒ꪿ꪮꪙ,True
mật,ꪙꪾ꫁ ꪮ꫁ꪮꪥ ꪙꪾ꫁,False
"khe,",ꪙꪾ꫁ ꪮ꫁ꪮꪥ ꪙꪾ꫁,True
mật,ꪙꪾ꫁ ꪮ꫁ꪺꪥ ꪙꪾ꫁,True
đường cát,ꪙꪾ꫁ ꪮ꫁ꪮꪥ ꪏꪱꪥ,False
nước mưa,ꪙꪾ꫁ ꪶꪠꪙ,False
"nước mắt, lệ",ꪙꪾ꫁ ꪔꪱ,False
"nước giỏng họp,",ꪙꪾ꫁ ꪔꪱ,True
nước lã,ꪙꪾ꫁ ꪕ꪿ꪱ,False
lần lã,ꪙꪾ꫁ ꪕ꪿ꪱ,True
đường kính,ꪙꪾ꫁ ꪔꪱꪙ,False
đường kính,ꪜꪱꪫ ꪔꪱꪙ,True
cái nậm,ꪙꪾ꫁ ꪹꪔꪱ꫁ ꪵꪀ꫁ꪫ,False
cái nậm,ꪵꪗ꫁ꪫ ꪣ꪿ꪽ ꪵꪀ꫁ꪫ,True
nước trong cái nậm,ꪙꪾ꫁ ꪹꪔꪱ꫁ ꪵꪀ꫁ꪫ,False
nước trong cái mưng,ꪹꪬꪷꪉ ꪹꪔꪱ꫁ ꪵꪀ꫁ꪫ,True
nước lụt,ꪙꪾ꫁ ꪖꪴ꪿ꪣ,False
"nước bọt, nước miếng",ꪙꪾ꫁ ꪏꪩꪱꪥ,False
sùi bọt mép,ꪙꪾ꫁ ꪏꪩꪱꪥ ꪡꪮꪒ,False
giấm,ꪙꪾ꫁ ꪶꪎ꫁ꪣ,False
"ầm, ồn",ꪙꪽ,False
"làm ầm, làm ồn",ꪙꪽ,False
"làm ầm, coi ồn",ꪙꪽ,True
"nổ, bùng",ꪙꪽ,False
"nổ, bùng",ꪔ꫁ꪱ,True
om sòm,ꪙꪽ ꪹꪙꪉ,False
xảy ra,ꪙꪽ ꪮꪮꪀ,False
xảy lăng,ꪙꪽ ꪮꪮꪀ,True
xảy tụm,ꪙꪽ ꪩꪱꪥ,True
vang động,ꪙꪽ ꪏꪕꪴ꪿,False
vang động,ꪙꪽ ꪮ꪿ꪮꪣ,True
"ấy, đấy",ꪙ꫁ꪽ,False
tấu đấy,ꪙ꫁ꪽ,True
kia,ꪙ꫁ꪽ,False
da,ꪘꪰꪉ,False
da,ꪏꪴꪣ,True
"rọt,",ꪘꪰꪉ,True
vỏ,ꪘꪰꪉ,False
gan cóc tía,ꪘꪰꪉ ꪘꪱ,False
gan cóc đả,ꪘꪰꪉ ꪬ꫁ꪮꪣ,True
da mồi,ꪘꪰꪉ ꪼꪎ꪿ ꪄꪺꪀ,False
2.2 mồi,ꪘꪰꪉ ꪼꪎ꪿ ꪄꪺꪀ,True
khỏe mồi,ꪘꪰꪉ ꪼꪎ꪿ ꪔ꪿ꪮꪙ,True
ở,ꪘꪰ꫁ꪉ,False
ngoài,ꪘꪰ꫁ꪉ,False
với,ꪘꪰ꫁ꪉ,False
rí,ꪘꪰ꫁ꪉ,True
ngồi,ꪙꪰ꪿ꪉ,False
ngồi như phỗng,ꪙꪰ꪿ꪉ ꪶꪋꪉ꫁ꪀ,False
ngồi như rĩ,ꪙꪰ꪿ꪉ ꪶꪋꪉ꫁ꪀ,True
ngồi xổm,ꪙꪰ꪿ꪉ ꪤ꪿ꪮꪉ,False
khay nuốm,ꪙꪰ꪿ꪉ ꪤ꪿ꪮꪉ,True
xay xổm,ꪙꪰ꪿ꪉ ꪤ꪿ꪮꪉ,True
ngồi bệt,ꪙꪰ꪿ꪉ ꪹꪯꪸꪩꪒ,False
trờ bệt,ꪙꪰ꪿ꪉ ꪹꪯꪸꪩꪒ,True
chúm bệt,ꪙꪰ꪿ꪉ ꪹꪯꪸꪩꪒ,True
ngồi không,ꪙꪰ꪿ꪉ ꪩ꫁ꪱ,False
ngồi tĩnh lại,ꪙꪰ꪿ꪉ ꪢ꫁ꪽ,False
ngồi tĩnh lại,ꪙꪰ꪿ꪉ ꪹꪉꪀ,True
thống trị,ꪙꪰ꪿ꪉ ꪹꪣꪉ,False
thống trị,ꪮꪲ꪿ꪙ ꪹꪣꪉ,True
"nằm nơi, nằm bếp, nằm lửa",ꪙꪰ꪿ꪉ ꪼꪡ,False
"hành, trút nằm hâu nằm lửa",ꪙꪰ꪿ꪉ ꪼꪡ,True
lên ngôi,ꪙꪰ꪿ꪉ ꪹꪕꪸꪙ,False
trị vì,ꪙꪰ꪿ꪉ ꪹꪕꪸꪙ,False
trị vì,ꪹꪝꪱ ꪹꪕꪸꪙ,True
nhất,ꪙꪰ꪿ꪉ ꪹꪕꪸꪉ,False
đếm,ꪙꪾꪚ,False
đếm sỉa,ꪙꪾꪚ,False
"đếm tuyệt,",ꪙꪾꪚ,True
đếm sỉa,ꪖꪱꪀ,True
"chắc, đắc",ꪙꪾꪚ,False
"chắc, tùm",ꪙꪾꪚ,True
chắc mẩm,ꪙꪾꪚ,False
chắc dúm,ꪙꪾꪚ,True
chắc ăn,ꪙꪾꪚ ꪀꪲꪙ,False
chắc ăn,ꪙꪾꪚ ꪶꪬꪙ,True
"ham, ham thích, ham muốn",ꪘꪰꪒ,False
"ham, ham thích, ham muốn",ꪨꪲ꫁ꪫ,True
bèo,ꪵꪘ,False
bèo,ꪹꪁ꪿ꪥ,True
nhắc,ꪵꪘ,False
"chiếp,",ꪵꪘ,True
"rợn, sởn, trợn",ꪵꪘ꪿,False
"rợn, sởn, ong",ꪵꪘ꪿,True
"rợn, sởn, dứa",ꪵꪘ꪿,True
kính nể,ꪵꪘ꪿ ꪤꪾ,False
kính ích,ꪵꪘ꪿ ꪤꪾ,True
khốn nể,ꪵꪘ꪿ ꪤꪾ,True
rợn rợn,ꪵꪘ꪿ ꪵꪘ꪿,False
rợn gấm,ꪵꪘ꪿ ꪵꪘ꪿,True
têm,ꪵꪘ꫁ꪣ,False
têm,ꪥꪴꪣ,True
têm,ꪏ꫁ꪱꪥ,True
têm trầu cau,ꪵꪘ꫁ꪣ ꪢꪱꪀ,False
tầm ngẩm,ꪵꪙ꪿ꪣ ꪵꪙ꪿ꪣ,False
nhỏ nhẻ,ꪵꪙ꪿ꪣ ꪵꪙ꪿ꪣ,False
nhỏ nhẻ,ꪹꪒꪸꪚ ꪵꪙ꪿ꪣ,True
quạnh nhẻ,ꪵꪙ꪿ꪣ ꪵꪙ꪿ꪣ,True
nén,ꪵꪘ꫁ꪙ,False
bạn,ꪵꪘ꫁ꪙ,True
yên lòng,ꪵꪘ꫁ꪙ ꪻꪊ,False
nén chặt,ꪵꪘ꫁ꪙ ꪡꪾꪚ,False
nén nện,ꪵꪘ꫁ꪙ ꪡꪾꪚ,True
bái phục,ꪵꪘ꫁ꪙ ꪡꪾꪚ,False
bái giẫm,ꪵꪘ꫁ꪙ ꪡꪾꪚ,True
bái phục,ꪠꪰꪒ ꪡꪾꪚ,True
hồn phác,ꪵꪙꪙ,False
hồn phác,ꪹꪤꪱ,True
vận mệnh,ꪵꪙꪙ,False
nấm đất,ꪵꪙꪙ ꪵꪭ꪿ꪫ,False
nấm đất,ꪮꪷ ꪵꪭ꪿ꪫ,True
nấm đất,ꪵꪅꪩꪒ ꪵꪭ꪿ꪫ,True
"thứ, giống",ꪵꪙꪫ,False
"thứ, giống",ꪣꪺ,True
"thế, như",ꪵꪙꪫ,False
"thế, như",ꪵꪔꪒꪀ,True
thế nào,ꪵꪙꪫ ꪻꪒ,False
trề nào,ꪵꪙꪫ ꪻꪒ,True
"như thế, như vậy",ꪵꪙꪫ ꪙ꫁ꪽ,False
"thừng thế, như vậy",ꪩꪴꪉ ꪙ꫁ꪽ,True
"như thế, như coi",ꪵꪙꪫ ꪙ꫁ꪽ,True
thế này,ꪵꪙꪫ ꪙꪲ꫁,False
kém này,ꪵꪙꪫ ꪙꪲ꫁,True
chắc chắn,ꪵꪙꪫ ꪏꪳ,False
chắc chắn,ꪕ꪿ꪮꪉ ꪹꪤꪷ꪿ꪀ,True
đái,ꪵꪙ꪿ꪫ,False
đái,ꪹꪥꪷ꫁ꪀ,True
"đái són, đái dắt",ꪵꪙ꪿ꪫ ꪤꪮꪒ,False
"đái són, dầu dắt",ꪵꪙ꪿ꪫ ꪤꪮꪒ,True
đái dầm,ꪵꪙ꪿ꪫ ꪶꪕꪣ,False
nhíp,ꪵꪘꪚ,False
bề,ꪶꪭꪚ,True
"bánh, gói",ꪵꪘꪚ,False
nẹp,ꪵꪙꪚ,False
"quần,",ꪼꪘ꪿,True
giải,ꪵꪙꪚ,False
kề bên,ꪵꪙꪚ ꪹꪙ꫁,False
nể,ꪹꪘꪸ꫁,False
nể,ꪤ꫁ꪮꪙ,True
nể vì,ꪹꪘꪸ꫁ ꪤꪾ,False
"thế, vì",ꪥ꫁ꪱꪉ ꪤꪾ,True
"nể mặt, vị mặt",ꪹꪘꪸ꫁ ꪘ꫁ꪱ,False
nể mũi) vị mặt,ꪹꪘꪸ꫁ ꪘ꫁ꪱ,True
"nhét, ních",ꪹꪘꪸ꪿ꪀ,False
"nhét, khớp,",ꪹꪘꪸ꪿ꪀ,True
đút,ꪹꪘꪸ꪿ꪀ,False
đút lót,ꪹꪘꪸ꪿ꪀ ꪹꪘꪷ꪿ꪣ,False
vít lót,ꪹꪘꪸ꪿ꪀ ꪶꪔꪚ,True
à,ꪹꪙꪸꪀ,False
"rú,",ꪹꪙꪸꪀ,True
"ơ, ô",ꪹꪙꪸꪀ,False
"ơ, bớp",ꪹꪙꪸꪀ,True
đâu,ꪹꪙꪸꪀ,False
nến,ꪹꪘꪸ꪿ꪙ,False
"xác,",ꪹꪘꪸ꪿ꪙ,True
"ấn, dìm",ꪹꪘꪸ꫁ꪙ,False
"ấn, sém",ꪹꪘꪸ꫁ꪙ,True
"kìm hãm, dìm",ꪹꪘꪸ꫁ꪙ,False
"cài, gài",ꪹꪘꪸꪚ,False
"dơ, gài",ꪹꪘꪸꪚ,True
lễ gia nhập gia phả cho con cái mới sinh,ꪹꪘꪸꪚ ꪬꪷ,False
"ồm, gia nhập bục, phả nạnh con cái mới sinh",ꪹꪘꪸꪚ ꪀꪱꪉ,True
"lễ gia võ gia phả cho con cái tơ, sinh",ꪶꪭ ꪬꪷ,True
lễ nhập gia phả cho con trai mới sinh,ꪹꪘꪸꪚ ꪼꪕ꫁,False
lễ nhập gia phả quị con trai mới sinh,ꪹꪘꪸꪚ ꪼꪕ꫁,True
nết,ꪹꪘꪸꪒ,False
giội,ꪹꪘꪸꪒ,True
nết,ꪔꪲ,True
hom,ꪉꪱ,False
hom,ꪒ꪿ꪱꪙ,True
"nhột, buồn",ꪘꪲ꪿ ꪘꪸꪣ,False
hốc buồn,ꪘꪲ꪿ ꪘꪸꪣ,True
"nhột, buồn",ꪘꪲ꪿ chua,True
đây,ꪘꪲ꫁,False
vạ,ꪘꪲ꫁,False
nghiền,ꪙꪲ ꪙꪸ꪿ꪙ,False
nghiền,ꪙꪲ ꪜ꫁ꪮꪉ,True
này,ꪙꪲ꫁,False
"phính,",ꪙꪲ꫁,True
nay,ꪙꪲ꫁,False
hồ,ꪙꪲ꫁,True
đây,ꪙꪲ꫁,False
khăng khăng,ꪙꪸꪙ ꪙꪸꪙ,False
khăng khăng,ꪙꪸꪙ ꪹꪔꪷ꪿ꪀ,True
khăng khăng,ꪙꪸꪙ ꪹꪚꪸꪊꪀ,True
tán,ꪙꪸ꪿ꪙ,False
diều,ꪘꪸꪉ,False
tạng,ꪘꪸꪉ,True
bướu,ꪘꪸꪉ,False
lộ hầu,ꪘꪸꪉ ꪮꪮꪥ,False
răng hầu,ꪘꪸꪉ ꪮꪮꪥ,True
niềng niễng,ꪘꪸ꪿ꪉ,False
nghiền,ꪘꪸ꪿ꪉ,False
dẻo,ꪘꪸ꪿ꪉ ꪘꪸꪫ,False
dẻo,ꪘꪸ꪿ꪉ ꪘ꪿ꪮꪣ,True
gỉ,ꪘꪸ꫁ꪉ,False
chịu thua,ꪘꪸ꫁ꪉ,False
chịu lường,ꪘꪸ꫁ꪉ,True
giun thua,ꪘꪸ꫁ꪉ,True
dính,ꪘꪸꪫ,False
dính,ꪯ꫁ꪽ,True
dẻo,ꪘꪸꪫ,False
"ké,",ꪘꪸꪫ,True
rơn rớt,ꪘꪸꪫ ꪘ꫁ꪱꪫ ꪘ꫁ꪱꪫ,False
rơn rớt,ꪘꪸꪫ ꪢꪺꪀ ꪘ꫁ꪱꪫ,True
dẻo quánh,ꪘꪸꪫ ꪶꪘ꪿ꪀ ꪶꪘ꪿ꪀ,False
quyến rũ,ꪘꪸ꪿ꪫ ꪹꪋ,False
"sam bấy,",ꪘꪸ꪿ꪫ ꪁꪫꪱꪉ,True
quyến rũ,ꪘꪸ꪿ꪫ ꪁꪷ꪿,True
mời gọi,ꪘꪸ꪿ꪫ ꪹꪋ,False
"mời dập,",ꪘꪸ꪿ꪫ ꪹꪋ,True
bõm gọi,ꪘꪸ꪿ꪫ ꪹꪋ,True
dây dưa,ꪘꪸ꪿ꪫ ꪝꪱꪙ,False
lậu,ꪘꪸ꫁ꪫ,False
"ton,",ꪘꪸ꫁ꪫ,True
chàm,ꪙꪲꪙ,False
ỷ lại,ꪘꪲ꫁ꪉ,False
giặc bề,ꪘꪲ꫁ꪉ,True
trưởng lại,ꪘꪲ꫁ꪉ,True
kẹp,ꪘꪲꪚ,False
cặp,ꪘꪲꪚ,False
"giang mai, kén",ꪘꪲ꫁ꪫ,False
"giang mai, sợi",ꪘꪲ꫁ꪫ,True
ngón,ꪙꪲ꫁ꪫ,False
ngón giữa,ꪙꪲ꫁ꪫ ꪀꪱꪉ,False
ngón giữa,ꪙꪲ꫁ꪫ ꪮꪱꪫ,True
san giữa,ꪙꪲ꫁ꪫ ꪀꪱꪉ,True
ngón áp út,ꪙꪲ꫁ꪫ ꪀꪰꪀ,False
ngón áp út,ꪠꪸꪀ ꪀꪰꪀ,True
ngón trỏ,ꪙꪲ꫁ꪫ ꪋꪲ꫁,False
"trơ, trỏ",ꪙꪲ꫁ꪫ ꪋꪲ꫁,True
xộn trỏ,ꪙꪲ꫁ꪫ ꪋꪲ꫁,True
ngón út,ꪙꪲ꫁ꪫ ꪀ꫁ꪮꪥ,False
ngón út,ꪙꪲ꫁ꪫ ꪹꪚꪱ,True
ngón cái,ꪙꪲ꫁ꪫ ꪵꪣ꪿,False
nhúng cái,ꪙꪲ꫁ꪫ ꪵꪣ꪿,True
đủ,ꪘꪷ,False
đầy đủ,ꪘꪷ ꪝꪷ,False
ộp đủ,ꪘꪷ ꪝꪷ,True
đầy đủ,ꪀꪫꪱꪙ ꪝꪷ,True
măng,ꪘꪷ꪿,False
măng chua,ꪘꪷ꪿ ꪚꪮꪉ,False
măng khô,ꪘꪷ꪿ ꪭꪱꪉ,False
măng khô,ꪘꪷ꪿ ꪵꪬ꪿ꪫ,False
"măng thiêng,",ꪘꪷ꪿ ꪵꪬ꪿ꪫ,True
măng vòi,ꪘꪷ꪿ ꪭꪱꪉ,False
măng vòi,ꪶꪁꪩ꫁ꪀ ꪭꪱꪉ,True
măng chua,ꪘꪷ꪿ ꪜꪳ꫁ꪉ,False
măng quắt,ꪘꪷ꪿ ꪜꪳ꫁ꪉ,True
măng tay tre,ꪘꪷ꪿ ꪔꪱ,False
"quyềnh tay viền,",ꪘꪷ꪿ ꪔꪱ,True
măng bướng tre,ꪘꪷ꪿ ꪔꪱ,True
măng chua,ꪘꪷ꪿ ꪶꪎ꫁ꪣ,False
sậu chua,ꪁ꫁ꪱꪉ ꪶꪎ꫁ꪣ,True
núm,ꪙꪷ,False
núm,ꪠ꫁ꪱꪥ,True
sừng,ꪙꪷ,False
ạt,ꪙꪷ,True
lề thói,ꪙꪮꪥ,False
lề thói,ꪹꪚꪸꪒ,True
nòi,ꪙꪮꪥ,False
nòi giống,ꪙꪮꪥ ꪙ꫁ꪮꪀ,False
"đi, giống",ꪙꪮꪥ ꪙ꫁ꪮꪀ,True
"nhụt, rủn",ꪙ꪿ꪮꪥ,False
"rặt, rủn",ꪙ꪿ꪮꪥ,True
"nhụt, rủn",ꪄꪲꪙ,True
đuối,ꪙ꪿ꪮꪥ,False
"nhỏ, bé, mọn",ꪙ꫁ꪮꪥ,False
"cỗi bé, mọn",ꪙ꫁ꪮꪥ,True
"nhỏ, bé, mọn",ꪝꪱꪒ,True
con,ꪙ꫁ꪮꪥ,False
"chà,",ꪙ꫁ꪮꪥ,True
"ít, tí",ꪙ꫁ꪮꪥ,False
"ít, tí",ꪋꪮꪉ,True
xép,ꪙ꫁ꪮꪥ,False
"ít ra, ít nhất",ꪙ꫁ꪮꪥ,False
"sờn lòng, nản chí",ꪙ꫁ꪮꪥ ꪻꪊ,False
"bé tí, nhỏ bé, nhỏ tí, nhỏ xíu, tí tẹo",ꪙ꫁ꪮꪥ ꪊ꫁ꪮꪥ,False
"bé tí, nhỏ bé, nhỏ tí, nhỏ xíu, tí tẹo",ꪹꪏꪒ ꪊ꫁ꪮꪥ,True
"góa, tí, oe bé, phướn tí, nhỏ xíu, tí tẹo",ꪙ꫁ꪮꪥ ꪊ꫁ꪮꪥ,True
"ít có, hiếm có",ꪙ꫁ꪮꪥ ꪣꪲ,False
"mặc, có, bì có",ꪙ꫁ꪮꪥ ꪣꪲ,True
"ít nhất, chí ít",ꪙ꫁ꪮꪥ ꪹꪐꪷꪒ,False
"hạt nhất, rớt thình",ꪙ꫁ꪮꪥ ꪹꪐꪷꪒ,True
"ít ỏi, nhỏ nhoi",ꪙ꫁ꪮꪥ ꪯꪮꪥ,False
ít nói,ꪙ꫁ꪮꪥ ꪜꪱꪀ,False
ít mỡ,ꪙ꫁ꪮꪥ ꪊꪳ꪿ꪀ,True
thiếp nói,ꪙ꫁ꪮꪥ ꪼꪩ,True
"bướu, mờm",ꪘꪮꪀ,False
giằng mòn,ꪘꪮꪀ,True
u,ꪘꪮꪀ,False
u,ꪮꪳꪙ,True
ngoài,ꪙꪮꪀ,False
ngoài,ꪑꪾ,True
nhỉ,ꪙꪮꪀ,False
tuất,ꪙꪮꪀ,True
ngoài tai,ꪙꪮꪀ ꪬꪴ,False
ngoài tai,ꪭ꫁ꪽ ꪬꪴ,True
ngoài da,ꪙꪮꪀ ꪘꪰꪉ,False
rửa da,ꪙꪮꪀ ꪘꪰꪉ,True
ngoài miệng,ꪙꪮꪀ ꪶꪎꪚ,False
"cội, miệng",ꪙꪮꪀ ꪶꪎꪚ,True
bươu miệng,ꪖꪸꪙ ꪶꪎꪚ,True
trẻ,ꪘ꪿ꪮꪣ,False
trẻ trung,ꪘ꪿ꪮꪣ ꪀꪾ,False
trẻ măng,ꪘ꪿ꪮꪣ ꪙ꫁ꪮꪥ,False
"khuấy, mong",ꪘ꪿ꪮꪣ ꪙ꫁ꪮꪥ,True
giòi,ꪘꪮꪙ,False
nhộng,ꪘꪮꪙ,False
trứng,ꪘꪮꪙ,False
tép,ꪘꪮꪙ,False
phôi,ꪘꪮꪙ ꪄꪲ꫁,False
mồm,ꪘꪮꪙ ꪄꪲ꫁,True
ong sữa,ꪘꪮꪙ ꪙꪱꪉ,False
"củng, sữa",ꪘꪮꪙ ꪙꪱꪉ,True
nằm,ꪙꪮꪙ,False
ngủ,ꪙꪮꪙ,False
kán,ꪮꪲꪒ,True
ngủ thiếp,ꪙꪮꪙ ꪒꪾꪚ,False
ngủ ngon,ꪙꪮꪙ ꪒꪾꪚ ꪒꪲ,False
lổn ngon,ꪙꪮꪙ ꪒꪾꪚ ꪒꪲ,True
nằm khàn,ꪙꪮꪙ ꪅꪴꪥ,False
nằm khàn,ꪙꪮꪙ ꪝꪙꪺ,True
nằm khàn,ꪙꪮꪙ ꪤꪲ꫁ꪫ,True
nằm mèo,ꪙꪮꪙ ꪅꪴꪥ,False
nằm rể,ꪙꪮꪙ ꪅꪴꪥ,True
nằm không,ꪙꪮꪙ ꪩ꫁ꪱ,False
chiếm không,ꪵꪠ꪿ ꪩ꫁ꪱ,True
nằm không,ꪮꪸ꫁ꪉ ꪩ꫁ꪱ,True
mê ngủ,ꪙꪮꪙ ꪻꪨ,False
nên ngủ,ꪐ꫁ꪱꪫ ꪻꪨ,True
nằm ì,ꪙꪮꪙ ꪨꪽ,False
nằm ì,ꪙꪮꪙ ꪹꪮꪸꪎꪒ,True
"tuột, ì",ꪙꪮꪙ ꪨꪽ,True
ngủ nghê,ꪙꪮꪙ ꪹꪙꪉ,False
ngủ Ông,ꪙꪮꪙ ꪹꪙꪉ,True
chăng nghê,ꪙꪮꪙ ꪹꪙꪉ,True
giấc ngủ say,ꪙꪮꪙ ꪹꪙꪉ,False
giấc ngủ ẵm,ꪙꪮꪙ ꪹꪢꪥ,True
nằm khèo,ꪙꪮꪙ ꪔꪱꪥ,False
nằm tầm,ꪙꪮꪙ ꪔꪱꪥ,True
ngủ khì,ꪙꪮꪙ ꪔꪱꪥ,False
nằm dài,ꪙꪮꪙ ꪼꪖ,False
nằm dài,ꪹꪁꪚ ꪼꪖ,True
nằm khểnh,ꪙꪮꪙ ꪶꪔꪈ꫁ꪉ,False
nằm hay,ꪙꪮꪙ ꪶꪔꪈ꫁ꪉ,True
ngủ trọ,ꪙꪮꪙ ꪶꪕ꪿,False
nhộn đẵn,ꪙꪮꪙ ꪶꪕ꪿,True
ngủ trưa,ꪙꪮꪙ ꪹꪫꪸꪙ,False
ngủ hai,ꪙꪮꪙ ꪹꪫꪸꪙ,True
ngủ trưa,ꪵꪁꪓꪒ ꪹꪫꪸꪙ,True
nằm nghiêng,ꪙꪮꪙ ꪵꪏꪁ꪿ꪉ,False
đảo đè,ꪙꪮꪙ ꪵꪏꪁ꪿ꪉ,True
nằm xuống,ꪙꪮꪙ ꪎꪸ,False
nằm xuống,ꪅ꫁ꪺꪉ ꪎꪸ,True
ao,ꪘꪮꪉ,False
mủ,ꪘꪮꪉ,False
"leo,",ꪘꪮꪉ,True
hồ do sông đổi dòng tạo nên,ꪘꪮꪉ ꪶꪁ꫁ꪉ,False
"hồ do sông nắm, dòng tạo nên",ꪘꪮꪉ ꪶꪁ꫁ꪉ,True
hồ do hữu đổi dòng tạo nên,ꪘꪺꪒ ꪝ꫁ꪱꪫ,True
hồ,ꪘꪮꪉ ꪨꪺꪉ,False
chìa,ꪘꪮꪉ ꪨꪺꪉ,True
bà,ꪘꪮꪉ ꪨꪺꪉ,True
hút lấy rượu cần để cúng,ꪘ꪿ꪮꪉ ꪹꪨꪱ꫁,False
hút lấy rượu cần để chèn,ꪘ꪿ꪮꪉ ꪹꪨꪱ꫁,True
dùng dằng,ꪘ꪿ꪮꪉ ꪘꪸꪫ,False
"xẹp, dằng",ꪘ꪿ꪮꪉ ꪘꪸꪫ,True
gô,ꪘ꪿ꪮꪉ ꪙ꫁ꪮꪀ,False
sui,ꪘ꫁ꪮꪉ,False
nhô,ꪘ꫁ꪮꪉ,True
lũ,ꪙꪮꪉ,False
lũ,ꪒꪮꪒ,True
em,ꪙ꫁ꪮꪉ,False
em gái chồng,ꪙ꫁ꪮꪉ ꪮꪱ,False
em trai chồng,ꪙ꫁ꪮꪉ ꪮꪱꪫ,False
"em trai thấm,",ꪙ꫁ꪮꪉ ꪮꪱꪫ,True
em út,ꪙ꫁ꪮꪉ ꪨ꫁ꪱ ꪙ꫁ꪮꪉ ꪩꪴꪙ,False
em út,ꪙ꫁ꪮꪉ ꪘꪸ꪿ꪫ ꪙ꫁ꪮꪉ ꪩꪴꪙ,True
thím,ꪙ꫁ꪮꪉ ꪩꪺ,False
em vợ,ꪙ꫁ꪮꪉ ꪙ꫁ꪱ,False
em vợ,ꪵꪤ꫁ ꪙ꫁ꪱ,True
em gái,ꪙ꫁ꪮꪉ ꪑꪲꪉ,False
anh em,ꪙ꫁ꪮꪉ ꪝꪲ꪿,False
"đành, đành chịu",ꪶꪙ,False
tròn đành chịu,ꪶꪙ,True
"thẩm đành vết,",ꪶꪙ,True
hết chuyện,ꪶꪙ ꪵꪩ꫁ꪫ,False
dấu chuyện,ꪶꪙ ꪮꪢꪴꪀ,True
chim,ꪶꪙ꫁ꪀ,False
con cuốc,ꪶꪙ꫁ꪀ ꪚꪰꪀ,False
con khoeo,ꪶꪙ꫁ꪀ ꪚꪰꪀ,True
chim chích,ꪶꪙ꫁ꪀ ꪚꪮꪀ ꪠꪰꪀ,False
chim chích,ꪶꪙ꫁ꪀ ꪋꪲ ꪠꪰꪀ,True
"con cú, cú vọ",ꪶꪙ꫁ꪀ ꪹꪁꪱ꫁,False
con cò,ꪶꪙ꫁ꪀ ꪹꪊꪱ꪿,False
sâm cầm,ꪶꪙ꫁ꪀ ꪋꪽ,False
cạn cầm,ꪶꪙ꫁ꪀ ꪋꪽ,True
bìm bịp,ꪶꪙ꫁ꪀ ꪶꪀꪒ,False
"hái, trèo",ꪶꪙ꫁ꪀ ꪶꪀꪒ,True
con vẹt,ꪶꪙ꫁ꪀ ꪀꪴ꫁ꪥ,False
"chim công, con công",ꪶꪙ꫁ꪀ ꪥꪴꪉ,False
"tâm công, con công",ꪶꪙ꫁ꪀ ꪥꪴꪉ,True
"chim én, chim nhạn",ꪶꪙ꫁ꪀ ꪵꪮ꪿ꪙ,False
bồ câu rừng,ꪶꪙ꫁ꪀ ꪭꪴꪣ,False
"con sáo, con yểng",ꪶꪙ꫁ꪀ ꪮꪸ꫁ꪉ,False
con nha con yểng,ꪶꪙ꫁ꪀ ꪮꪸ꫁ꪉ,True
gà lôi,ꪶꪙ꫁ꪀ ꪄꪫꪱ,False
chào mào,ꪶꪙ꫁ꪀ ꪄꪺꪀ,False
chào mào,ꪶꪙ꫁ꪀ ꪡ꪿ꪮꪙ,True
chim két,ꪶꪙ꫁ꪀ ꪵꪩ,False
"chóp, két",ꪶꪙ꫁ꪀ ꪵꪩ,True
"chim muông, chim chóc",ꪶꪙ꫁ꪀ ꪘꪴ,False
"đan muông, chim chóc",ꪶꪙ꫁ꪀ ꪘꪴ,True
"chim muông, chim tiện",ꪶꪕꪥ ꪘꪴ,True
bồ câu rừng,ꪶꪙ꫁ꪀ ꪹꪜꪱ꫁,False
bồ câu rừng,ꪁꪺꪉ ꪹꪜꪱ꫁,True
"bồ lang, rừng",ꪶꪙ꫁ꪀ ꪹꪜꪱ꫁,True
chim màu lửa,ꪶꪙ꫁ꪀ ꪼꪡ,False
lon màu đống,ꪶꪙ꫁ꪀ ꪼꪡ,True
chim  ri,ꪶꪙ꫁ꪀ ꪜꪲꪒ,False
chim ri,ꪶꪙ꫁ꪀ ꪎꪨꪲꪒ,True
chim khoảng,ꪶꪙ꫁ꪀ ꪜꪲꪒ,True
"chim bói cá, chim trả",ꪶꪙ꫁ꪀ ꪹꪔꪸꪙ,False
"chim bói cá, đánh, trả",ꪶꪙ꫁ꪀ ꪹꪔꪸꪙ,True
"chim bói cá, chim thơi",ꪶꪙ꫁ꪀ ꪵꪮ꪿ꪫ,True
chim gõ mõ,ꪶꪙ꫁ꪀ ꪶꪖꪨꪀ,False
chim gõ dớn,ꪶꪙ꫁ꪀ ꪶꪖꪨꪀ,True
hoạ mi,ꪶꪙ꫁ꪀ ꪖꪺ,False
loè mi,ꪶꪙ꫁ꪀ ꪖꪺ,True
chim gáy,ꪶꪙ꫁ꪀ ꪔꪴ꫁,False
đét gáy,ꪶꪙ꫁ꪀ ꪔꪴ꫁,True
chim cu,ꪶꪙ꫁ꪀ ꪹꪎꪱ,False
chim cu,ꪹꪭꪸ꪿ꪉ ꪹꪎꪱ,True
chim mồi,ꪶꪙ꫁ꪀ ꪼꪏ,False
cổi mồi,ꪶꪙ꫁ꪀ ꪼꪏ,True
chim chèo bẻo,ꪶꪙ꫁ꪀ ꪵꪏꪫ,False
chim chèo bẻo,ꪶꪙ꫁ꪀ ꪋꪱꪥ,True
chim đa đa,ꪶꪙ꫁ꪀ ꪎꪷ꪿,False
"chim nhão, đa",ꪶꪙ꫁ꪀ ꪶꪚ꫁ꪉ,True
"chim đa rơm,",ꪶꪙ꫁ꪀ ꪎꪷ꪿,True
nở,ꪶꪘ꫁ꪥ,False
phạm,ꪶꪘ꫁ꪥ,True
nỏi,ꪶꪘ꫁ꪥ ꪶꪘ꪿ꪀ,False
"chàng,",ꪑꪱꪒ ꪶꪘ꪿ꪀ,True
nhủn,ꪶꪙ꪿ꪥ,False
mỏi rời,ꪶꪙ꪿ꪥ ꪹꪊꪸꪨ꫁ꪙ,False
mỏi ơn,ꪶꪙ꪿ꪥ ꪹꪊꪸꪨ꫁ꪙ,True
mỏi mậu,ꪶꪙ꪿ꪥ ꪥ꫁ꪱꪥ,True
vú,ꪶꪙꪣ,False
lấm,ꪶꪙꪣ,True
"vút,",ꪶꪙꪣ,True
vú mướp,ꪶꪙꪣ ꪥꪱꪙ,False
"tẽn tò, tẽn",ꪶꪘ꪿ꪙ ꪹꪘꪸ꪿ꪙ,False
"tẽn tò, tẽn",ꪹꪨ ꪹꪘꪸ꪿ꪙ,True
bươu,ꪶꪙꪙ ꪶꪙ,False
nộp,ꪶꪙꪚ,False
nhé,ꪹꪙꪷ,False
nộ,ꪹꪙꪷ꫁,False
nợ nần,ꪹꪙꪷ꫁ ꪙꪱꪣ,False
"ngả, né",ꪹꪙꪷ꫁ꪉ,False
"ngả, khung",ꪹꪙꪷ꫁ꪉ,True
chuột,ꪘꪴ,False
"vực,",ꪘꪴ,True
chuột chù,ꪘꪴ ꪋꪴ,False
chuột nhắt,ꪘꪴ ꪹꪭꪙ,False
chuột nhắt,ꪘꪴ ꪶꪝ꪿ꪉ,True
"chuột bạch, chuột lang",ꪘꪴ ꪹꪭꪙ,False
"chuột bạch, chuột hẳn,",ꪶꪯ ꪮꪥꪱꪒ,True
chuột đồng,ꪘꪴ ꪙꪱ,False
chuột đồng,ꪘꪴ ꪥꪰꪀ,True
chuột đồng,ꪚ꫁ꪮꪙ ꪹꪭꪷꪀ,True
"các bà, các mẹ",ꪘꪴ꫁ ꪵꪣ꪿,False
các ráu các mẹ,ꪘꪴ꫁ ꪵꪣ꪿,True
si,ꪘ꪿ꪺ,False
"vung,",ꪘ꪿ꪺ,True
bùi,ꪙꪺ,False
"đậm đà, mặn mà, bùi tai",ꪙꪺ,False
"đậm ron mặn mà, bùi tai",ꪙꪺ,True
"đậm đà, mặn mà, hông, tai",ꪙꪺ,True
"rủ rỉ, thủ thỉ",ꪘꪴꪣ ꪘꪴꪣ,False
"rủ rỉ, thủ quẹt",ꪘꪴꪣ ꪘꪴꪣ,True
rú rí,ꪙꪴ꪿ꪣ ꪙꪴ꪿ꪣ,False
rú rí,ꪙꪴ꪿ꪣ ꪹꪀꪷꪤ꪿ꪉ,True
nhũn,ꪙꪴꪣ,False
nhừ,ꪙꪴꪣ,False
"nhằng nhịt, chằng chịt",ꪙꪴꪣ ꪹꪙ,False
"nhằng nhịt, chằng chịt",ꪘꪲ꪿ꪀ ꪹꪙ,True
"nhằng nhịt, chằng khối,",ꪙꪴꪣ ꪹꪙ,True
bông,ꪙꪴ꪿ꪙ,False
bông,ꪥ꪿ꪮꪥ,True
"lúng búng, lùng bùng",ꪘꪴ꪿ꪉ ꪘ꪿ꪱꪉ,False
"tọp, búng, lùng bùng",ꪘꪴ꪿ꪉ ꪘ꪿ꪱꪉ,True
"biếc búng, lùng bùng",ꪘꪴ꪿ꪉ ꪘ꪿ꪱꪉ,True
"nhùng nhằng, nhũng nhẵng",ꪙꪴꪉ ꪙꪰꪉ,False
mặc,ꪙꪴ꪿ꪉ,False
mặc,ꪖꪾ꫁,True
ăn mặc,ꪙꪴ꪿ꪉ ꪙꪮꪙ,False
"quả, trái",ꪘ꪿ꪺꪥ,False
"quả, phẩm",ꪘ꪿ꪺꪥ,True
con,ꪘ꪿ꪺꪥ,False
cái,ꪘ꪿ꪺꪥ,False
điếc,ꪘꪺꪀ,False
đổi,ꪘꪺꪀ,True
"kĩ, nhuyễn",ꪙꪺꪙ,False
mịn,ꪙꪺꪙ,False
chằng,ꪘ꪿ꪺꪉ,False
nhằng,ꪘ꪿ꪺꪉ,False
dụng,ꪘ꪿ꪺꪉ,True
nhíu,ꪘ꪿ꪺꪉ,False
bìu ríu,ꪘ꪿ꪺꪉ ꪘ꪿ꪱꪉ,False
bìu nghịch,ꪘ꪿ꪺꪉ ꪘ꪿ꪱꪉ,True
chằng chịt,ꪘ꪿ꪺꪉ ꪘ꪿ꪱꪫ,False
"chằng trang,",ꪘ꪿ꪺꪉ ꪘ꪿ꪱꪫ,True
dính líu,ꪘ꪿ꪺꪉ ꪘ꪿ꪱꪫ,False
liên lụy,ꪘ꪿ꪺꪉ ꪝꪱꪙ,False
liên lụy,ꪘ꪿ꪺꪉ ꪵꪮ꪿ꪀ,True
vướng víu,ꪘ꪿ꪺꪉ ꪝꪱꪙ,False
"vãi, víu",ꪘ꪿ꪺꪉ ꪝꪱꪙ,True
râu,ꪘꪺꪒ,False
râu cằm,ꪘꪺꪒ ꪁꪱꪉ,False
râu cằm,ꪵꪚꪔ꫁ꪫ ꪁꪱꪉ,True
râu dừa,ꪼꪚ꪿ ꪁꪣ꪿ꪮꪣ,True
râu trê,ꪘꪺꪒ ꪵꪄ꫁,False
"râu xồm, râu rậm",ꪘꪺꪒ ꪑ꪿ꪱꪣ,False
"lêu xồm, râu rậm",ꪘꪺꪒ ꪑ꪿ꪱꪣ,True
nhào,ꪙꪺꪒ,False
phạ,ꪙꪺꪒ,True
pưới,ꪙꪺꪒ,True
"choảng, quần",ꪙꪺꪒ,False
"choảng, quần",ꪶꪅꪒ,True
trên,ꪹꪘ,False
"vẻ, sắc",ꪹꪙ꫁,False
tạng,ꪹꪙ꫁,False
"bộ, bộ dạng",ꪹꪙ꫁,False
xem chừng,ꪹꪙ꫁,False
khỉ hưỡng,ꪹꪙ꫁,True
"dáng, chiều, mòi",ꪹꪙ꫁,False
"bềnh chiều, mòi",ꪹꪙ꫁,True
"người có vẻ, vẻ người",ꪹꪙ꫁ ꪶꪁꪙ,False
người có ẹo vẻ người,ꪹꪙ꫁ ꪶꪁꪙ,True
"người có vẻ, vẻ kặp,",ꪹꪙ꫁ ꪁ꫁ꪱꪥ,True
nước da,ꪹꪙ꫁ ꪘꪰꪉ,False
nước ảm,ꪮꪳ꪿ꪙ ꪘꪰꪉ,True
da dẻ,ꪹꪙ꫁ ꪘꪰꪉ,False
da dẻ,ꪹꪙ꫁ ꪉꪺꪒ,True
thình thịch,ꪙꪳ꫁ꪀ ꪙꪳ꫁ꪀ,False
"thầm, thịch",ꪙꪳ꫁ꪀ ꪙꪳ꫁ꪀ,True
bấy,ꪘꪳ꫁ꪣ,False
"nhụt, lụt",ꪘꪳ꫁ꪣ,False
"nhụt, lụt",ꪶꪄ꪿ꪀ,True
"chới, lụt",ꪘꪳ꫁ꪣ,True
non,ꪘꪳ꫁ꪣ,False
động,ꪘꪳꪉ,False
vượn,ꪘꪳꪉ,True
cựa,ꪘꪳꪉ,False
cựa,ꪭꪸꪫ,True
chuyển động từ từ,ꪘꪳꪉ ꪹꪑ꫁ ꪹꪑ꫁,False
chuyển động từ từ,ꪓ꫁ꪮꪀ ꪝꪰꪉ ꪹꪑ꫁,True
rung rung,ꪘꪳꪉ ꪹꪑ꫁ ꪹꪑ꫁,False
rung rung,ꪘꪳꪉ ꪹꪨꪷ꪿ꪉ ꪹꪑ꫁,True
"động đậy, cựa quậy",ꪘꪳꪉ ꪙ꪿ꪮꪣ,False
"hoãng đậy, cựa quậy",ꪘꪳꪉ ꪙ꪿ꪮꪣ,True
"động đậy, cựa quậy",ꪘꪳꪉ ꪮꪾ꫁,True
động tĩnh,ꪘꪳꪉ ꪙ꪿ꪮꪣ,False
"nhúc nhích, nhúc nhắc",ꪘꪳꪉ ꪙ꪿ꪮꪣ,False
"nhúc nhích, nhúc nhắc",ꪮꪱꪫ ꪙ꪿ꪮꪣ,True
"nhúc nhích, tũm, nhắc",ꪘꪳꪉ ꪙ꪿ꪮꪣ,True
ngo ngoe,ꪘꪳꪉ ꪮꪮꪥ,False
ngo ngoe,ꪘꪳꪉ ꪓ꫁ꪱꪙ,True
rìu ngoe,ꪘꪳꪉ ꪮꪮꪥ,True
đồ,ꪘꪳ꫁ꪉ,False
nổi,ꪘꪳ꫁ꪉ,True
đồ lại,ꪘꪳ꫁ꪉ ꪔ꪿ꪱꪫ,False
một,ꪙꪳ꪿ꪉ,False
"mệt, nhọc",ꪹꪘ꪿ꪥ,False
hay cứ,ꪹꪘ꪿ꪥ,True
"em yêu, anh yêu",ꪹꪙꪙ,False
"họa yêu, anh yêu",ꪜꪳꪙ,True
say sưa,ꪹꪙꪉ,False
"yếu, sưa",ꪹꪙꪉ,True
nồng,ꪹꪙꪉ,False
rộ,ꪹꪙꪉ,False
cá,ꪜꪱ,False
cá trắm,ꪜꪱ ꪚ꪿ꪱ,False
cá biển,ꪜꪱ ꪹꪚꪸ꫁,False
cá biển,ꪼꪬ꪿ ꪹꪚꪸ꫁,True
cá chua,ꪜꪱ ꪚꪮꪉ,False
cá bống,ꪜꪱ ꪚꪴ꪿,False
"dẹp, bống",ꪜꪱ ꪚꪴ꪿,True
cá nheo,ꪜꪱ ꪁ꫁ꪱꪫ,False
cá vàng,ꪜꪱ ꪁꪾ,False
ngắt vàng,ꪜꪱ ꪁꪾ,True
cá quả,ꪜꪱ ꪀꪰ꫁ꪉ,False
cá đớp,ꪜꪱ ꪀꪰ꫁ꪉ,True
cá trôi,ꪜꪱ ꪊꪱꪒ,False
ren trôi,ꪜꪱ ꪊꪱꪒ,True
cá chuối,ꪜꪱ ꪀꪮꪙ,False
cá leo,ꪜꪱ ꪶꪀꪒ,False
cá hiếp,ꪜꪱ ꪶꪀꪒ,True
cá khô,ꪜꪱ ꪤ꫁ꪱꪉ,False
cá khô,ꪕꪲ ꪤ꫁ꪱꪉ,True
cá bò,ꪜꪱ ꪤꪳ꫁ꪙ,False
kìm bò,ꪜꪱ ꪤꪳ꫁ꪙ,True
"thà, nộp",ꪶꪉꪚ ꪤꪳ꫁ꪙ,True
cá trê,ꪜꪱ ꪒꪴ꪿ꪀ,False
cá mắm,ꪜꪱ ꪹꪁꪸꪣ,False
cá mắm,ꪏ꫁ꪮꪉ ꪹꪁꪸꪣ,True
cá chiên,ꪜꪱ ꪵꪄ꫁,False
cá kim,ꪜꪱ ꪹꪄꪸꪣ,False
cá mua,ꪜꪱ ꪹꪄꪸꪣ,True
cá nhưng,ꪜꪱ ꪄꪲ꪿ꪉ,False
cá trấu,ꪜꪱ ꪨꪱꪒ,False
cá trấu,ꪜꪱ ꪔꪲ꫁ꪉ,True
cá rô,ꪜꪱ ꪨꪲ꪿,False
cá vôi,ꪜꪱ ꪹꪀꪨ,True
săn sắt,ꪜꪱ ꪨꪲ꪿ ꪬꪱꪉ ꪏꪱꪥ,False
săn nưa,ꪜꪱ ꪨꪲ꪿ ꪬꪱꪉ ꪏꪱꪥ,True
săn sắt,ꪜꪱ ꪨꪲ꪿ ꪵꪀ꪿ꪀ ꪏꪱꪥ,True
cá chạch,ꪜꪱ ꪶꪨꪒ,False
cá bịu,ꪜꪱ ꪶꪨꪒ,True
cá soạt,ꪜꪱ ꪩ꫁ꪺ,False
khạc soạt,ꪜꪱ ꪩ꫁ꪺ,True
mướp soạt,ꪜꪱ ꪩ꫁ꪺ,True
cá mắm,ꪜꪱ ꪢꪾ꫁,False
cá mắm,ꪜꪱ ꪄꪮꪒ,True
cá chép,ꪜꪱ ꪼꪙ,False
quế chép,ꪜꪱ ꪵꪎ꪿ꪉ,True
cá vũ,ꪜꪱ ꪹꪝꪱ꫁,False
"đỏ, vũ",ꪜꪱ ꪹꪝꪱ꫁,True
cá vũ,ꪤꪳ꫁ꪙ ꪹꪝꪱ꫁,True
cá bớp,ꪜꪱ ꪝ꪿ꪽ,False
cá giếc,ꪜꪱ ꪵꪠꪀ,False
nách giếc,ꪜꪱ ꪵꪠꪀ,True
cá bộp,ꪜꪱ ꪶꪝ꫁ꪀ,False
cá chày,ꪜꪱ ꪹꪔꪸꪒ,False
cá mương,ꪜꪱ ꪎ꫁ꪱꪣ,False
cá ngão,ꪜꪱ ꪎ꫁ꪱꪣ ꪭ꪿ꪱꪫ,False
ranh ngão,ꪜꪱ ꪏ꫁ꪱꪙ ꪭ꪿ꪱꪫ,True
cá đao,ꪜꪱ ꪏꪲꪫ,False
léo đao,ꪜꪱ ꪏꪲꪫ,True
cá chua,ꪜꪱ ꪶꪎ꫁ꪣ,False
"rừng, rú, ngàn",ꪜ꪿ꪱ,False
bãi,ꪜ꪿ꪱ,False
bãi,ꪹꪥꪱ꫁,True
"bãi tha ma, nghĩa trang, nghĩa địa",ꪜ꪿ꪱ ꪵꪭ꪿ꪫ,False
"lẩy tha ma, nghĩa trang, nghĩa địa",ꪜ꪿ꪱ ꪵꪭ꪿ꪫ,True
"mùa tha ma, nghĩa trang, nghĩa địa",ꪜ꪿ꪱ ꪵꪭ꪿ꪫ,True
đồng lúa,ꪜ꪿ꪱ ꪹꪄꪱ꫁,False
"chết, lúa",ꪜ꪿ꪱ ꪹꪄꪱ꫁,True
"rừng non, rừng chồi",ꪜ꪿ꪱ ꪹꪨ꪿ꪱ,False
"rừng núi, rừng rú",ꪜ꪿ꪱ ꪝꪴ,False
"bác gái bác trai, ông bác bà bá",ꪜ꫁ꪱ ꪩꪴꪉ,False
"bác gái đen, trai, ông bác bà bá",ꪜ꫁ꪱ ꪩꪴꪉ,True
"vôi gái bác trai, ông bác bà bá",ꪜ꫁ꪱ ꪩꪴꪉ,True
"mang, tha",ꪝꪱ,False
phưỡn tha,ꪝꪱ,True
"mang, chuốc lấy",ꪝꪱ,False
"mang, chuốc mắt,",ꪝꪱ,True
đem thân,ꪝꪱ ꪣꪷ꪿,False
đem thân,ꪼꪮ꫁ ꪣꪷ꪿,True
đem lơ,ꪝꪱ ꪣꪷ꪿,True
ra tiền,ꪝꪱ ꪮꪮꪀ,False
mang ơn,ꪝꪱ ꪹꪉꪷꪙ,False
"tại, ơn",ꪝꪱ ꪹꪉꪷꪙ,True
khăn gói,ꪝꪱ ꪡꪴ꫁,False
"khăn gói,",ꪝꪱ ꪡꪴ꫁,True
mang tội,ꪝꪱ ꪶꪏ꫁ꪥ,False
mang tội,ꪝꪱ ꪜꪺ,True
dao,ꪝ꫁ꪱ,False
dao,ꪏꪩꪮꪥ,True
dao quắm,ꪝ꫁ꪱ ꪄꪷ,False
"nảy, quắm",ꪝ꫁ꪱ ꪵꪫꪩꪒ,True
dao quắm,ꪊꪲꪒ ꪄꪷ,True
dao rựa,ꪝ꫁ꪱ ꪉꪮꪣ,False
dao then,ꪝ꫁ꪱ ꪭ꫁ꪮꪉ,True
"dao bảy, phạng",ꪝ꫁ꪱ ꪉꪮꪣ ꪶꪀꪀ,False
"dao bảy, rải,",ꪝ꫁ꪱ ꪉꪮꪣ ꪶꪀꪀ,True
ngọn,ꪜꪱꪥ,False
đầu,ꪜꪱꪥ,False
đầu,ꪔꪱꪫ,True
mũi,ꪜꪱꪥ,False
bốn,ꪜꪱꪥ,True
"linh, lẻ",ꪜꪱꪥ,False
"linh, xứng",ꪜꪱꪥ,True
"linh, bình,",ꪜꪱꪥ,True
đầu ngọn,ꪜꪱꪥ ꪜꪲꪒ,False
hiền ngọn,ꪜꪱꪥ ꪜꪲꪒ,True
khuây khỏa,ꪜ꪿ꪱꪥ ꪎ꪿ꪱꪉ,False
lử khỏa,ꪜ꪿ꪱꪥ ꪎ꪿ꪱꪉ,True
"bày, chưng",ꪜ꫁ꪱꪥ,False
"bày, ngay,",ꪜ꫁ꪱꪥ,True
trưng bày,ꪜ꫁ꪱꪥ,False
"lụn,mạt tọa,",ꪜ꫁ꪱꪥ,True
la liệt,ꪜ꫁ꪱꪥ ꪩꪱꪒ,False
la tặng,ꪩ꪿ꪱꪣ ꪩꪱꪒ,True
bày la liệt,ꪜ꫁ꪱꪥ ꪩꪱꪒ,False
nhồi la liệt,ꪜ꫁ꪱꪥ ꪩꪱꪒ,True
bày la liệt,ꪶꪎ꫁ ꪩꪱꪒ,True
san sát,ꪜ꫁ꪱꪥ ꪹꪜꪷꪚ,False
mỗi bên,ꪝꪱꪥ,False
quá khứ,ꪝꪱꪥ ꪨꪰꪉ,False
quá cuốn,ꪝꪱꪥ ꪨꪰꪉ,True
chốn,ꪝꪱꪥ ꪣ꪿ꪱꪉ,False
nương,ꪝꪱꪥ ꪣ꪿ꪱꪉ,True
trạc,ꪝꪱꪥ ꪣ꪿ꪱꪉ,True
bản thân,ꪝꪱꪥ ꪣꪷ꪿,False
bản thô,ꪝꪱꪥ ꪣꪷ꪿,True
tương lai,ꪝꪱꪥ ꪘ꫁ꪱ,False
"tương nhau,",ꪬ꫁ꪱꪫ ꪘ꫁ꪱ,True
bỏ,ꪝ꪿ꪱꪥ,False
di cư,ꪝ꪿ꪱꪥ ꪋꪺ,False
di đìu,ꪝ꪿ꪱꪥ ꪋꪺ,True
"tản cư, sơ tán",ꪝ꪿ꪱꪥ ꪹꪎꪷ꪿ꪀ,False
"tản cư, víu tán",ꪝ꪿ꪱꪥ ꪶꪀ꪿ꪙ,True
"tản cư, sơ tán",ꪝ꪿ꪱꪥ ꪣꪰꪀ,True
vại,ꪝ꫁ꪱꪥ,False
đi,ꪝ꫁ꪱꪥ,True
miệng,ꪜꪱꪀ,False
cửa,ꪜꪱꪀ,False
nói,ꪜꪱꪀ,False
nói khoác,ꪜꪱꪀ ꪮ꫁ꪱꪫ,False
"nói thúc,",ꪜꪱꪀ ꪮ꫁ꪱꪫ,True
vết thương,ꪜꪱꪀ ꪚꪱꪒ,False
vết thương,ꪹꪜꪸꪉ ꪚꪱꪒ,True
cửa nguồn,ꪜꪱꪀ ꪚꪷ꪿,False
cửa nguồn,ꪹꪘꪸꪒ ꪚꪷ꪿,True
cửa cuốc,ꪜꪱꪀ ꪚꪷ꪿,True
"nói khoác, khoác lác",ꪜꪱꪀ ꪀꪱꪫ,False
rưởi sâu khoác lác,ꪜꪱꪀ ꪀꪱꪫ,True
"nói khoác, khoác lác",ꪎ꪿ꪱ ꪀꪱꪫ,True
nói lắp,ꪜꪱꪀ ꪀꪰ꫁ꪉ,False
lương lắp,ꪹꪯꪸ꫁ꪀ ꪀꪰ꫁ꪉ,True
nói chọc tức,ꪜꪱꪀ ꪹꪊꪸꪚ,False
nói thử tức,ꪜꪱꪀ ꪹꪊꪸꪚ,True
nói ngọt ngào,ꪜꪱꪀ ꪹꪤ꫁ꪥ,False
lụt ngọt ngào,ꪶꪩ꫁ꪣ ꪹꪤ꫁ꪥ,True
khan ngọt ngào,ꪜꪱꪀ ꪹꪤ꫁ꪥ,True
lắm mồm,ꪜꪱꪀ ꪼꪒ꫁,False
lắm níu,ꪜꪱꪀ ꪼꪒ꫁,True
lắm mồm,ꪭ꫁ꪮꪥ ꪼꪒ꫁,True
bép xép,ꪜꪱꪀ ꪼꪒ꫁,False
"nhỡ miệng, nhỡ lời",ꪜꪱꪀ ꪹꪅꪷꪀ,False
mum ẹo nhỡ lời,ꪜꪱꪀ ꪥ꫁ꪱꪀ,True
nói suông,ꪜꪱꪀ ꪩ꫁ꪱ,False
đại suông,ꪜꪱꪀ ꪩ꫁ꪱ,True
nói sõi,ꪜꪱꪀ ꪣ꪿ꪮꪉ,False
nghện sõi,ꪜꪱꪀ ꪣ꪿ꪮꪉ,True
nhẹ lời,ꪜꪱꪀ ꪮ꪿ꪮꪙ,False
nhẹ lời,ꪶꪁꪒ ꪮ꪿ꪮꪙ,True
"lém lỉnh, bẻm mép",ꪜꪱꪀ ꪵꪝꪀ,False
"lém lỉnh, nhót mép",ꪜꪱꪀ ꪵꪝꪀ,True
"lém lỉnh, ngại mép",ꪜꪱꪀ ꪵꪝꪀ,True
"dẻo mồm, dẻo miệng",ꪜꪱꪀ ꪜꪸꪀ,False
dẻo xòng dẻo miệng,ꪜꪱꪀ ꪜꪸꪀ,True
dạk xiết dẻo miệng,ꪜꪱꪀ ꪜꪸꪀ,True
nói lái,ꪜꪱꪀ ꪜꪲ꫁ꪙ,False
"xẹp, lái",ꪜꪱꪀ ꪜꪲ꫁ꪙ,True
"giao lộ, ngã ba, ngã tư",ꪜꪱꪀ ꪕꪱꪉ ꪁ꪿ꪺꪥ,False
"giao văng ngã ba, ngã tư",ꪜꪱꪀ ꪹꪏ꫁ꪥ ꪁ꪿ꪺꪥ,True
"giao lộ, ngã ba, ngã tư",ꪜꪱꪀ ꪕꪱꪉ ꪨꪴ꪿ꪀ,True
cửa,ꪜꪱꪀ ꪔꪴ,False
nói tục,ꪜꪱꪀ ꪮ꪿ꪺꪥ,False
diện tục,ꪜꪱꪀ ꪮ꪿ꪺꪥ,True
nói ngọt,ꪜꪱꪀ ꪪꪱꪙ,False
"nói ro,",ꪜꪱꪀ ꪪꪱꪙ,True
"nói năng, ăn nói",ꪜꪱꪀ ꪹꪫꪱ꫁,False
"muôn năng, ăn nói",ꪜꪱꪀ ꪹꪫꪱ꫁,True
"rầu năng, ăn nói",ꪜꪱꪀ ꪹꪫꪱ꫁,True
"nói kháy, nói mát",ꪜꪱꪀ ꪎꪸꪒ,False
nói cạnh,ꪜꪱꪀ ꪎꪸꪒ,False
nói xỏ,ꪜꪱꪀ ꪎꪷ꫁,False
rẽ,ꪝꪱꪀ,False
rẽ,ꪮ꫁ꪮꪥ,True
gạt,ꪝꪱꪀ,False
phiến,ꪝꪱꪀ,True
mẩn,ꪜꪱꪣ,False
moi,ꪜꪱꪣ,True
lòng đỏ trứng,ꪜꪱꪣ ꪼꪎ꪿,False
lòng đỏ trứng,ꪜꪱꪣ ꪩꪽ,True
tráng trứng nửa sống nửa chín,ꪜꪱꪣ ꪼꪎ꪿,False
"tráng trứng nửa sống vòi, chín",ꪜꪱꪣ ꪼꪎ꪿,True
dõi,ꪜꪱꪙ,False
"khẽ,",ꪜꪱꪙ,True
vết chàm,ꪜꪱꪙ,False
xà dọc,ꪜꪱꪙ,False
lứa tuổi,ꪜꪱꪙ,False
"bậc, đàn",ꪜꪱꪙ,False
phôi đàn,ꪜꪱꪙ,True
như,ꪜꪱꪙ,False
như thể,ꪜꪱꪙ ꪒꪰ꪿ꪉ,False
như mơ,ꪜꪱꪙ ꪒꪰ꪿ꪉ,True
then cửa,ꪜꪱꪙ ꪔꪴ,False
đay,ꪜ꪿ꪱꪙ,False
tãy,ꪜ꪿ꪱꪙ,True
gai,ꪜ꪿ꪱꪙ,False
"dùng,",ꪜ꪿ꪱꪙ,True
đay sợi xám,ꪜ꪿ꪱꪙ ꪔꪱ ꪵꪒꪉ,False
đay dài xám,ꪜ꪿ꪱꪙ ꪔꪱ ꪵꪒꪉ,True
đay sợi trắng,ꪜ꪿ꪱꪙ ꪎꪱ,False
tảng sợi trắng,ꪜ꪿ꪱꪙ ꪎꪱ,True
"đắp, ngăn",ꪜ꫁ꪱꪙ,False
phá ngăn,ꪜ꫁ꪱꪙ,True
ủ,ꪜ꫁ꪱꪙ,False
nội,ꪶꪮ꫁,True
giạt,ꪜ꫁ꪱꪙ,False
"vô khối, vô thiên lủng",ꪜ꫁ꪱꪙ,False
"vô khối, xơ thiên cai",ꪏꪩꪾ,True
"vô khối, lùm, tốp lủng",ꪜ꫁ꪱꪙ,True
bắp đùi,ꪜ꫁ꪱꪙ ꪄꪱ,False
bắp đùi,ꪕꪺꪙ ꪄꪱ,True
bắp hẻm,ꪜ꫁ꪱꪙ ꪄꪱ,True
má dao,ꪜ꫁ꪱꪙ ꪣꪲꪒ,False
đặt cây tre trên đầu mái,ꪜ꫁ꪱꪙ ꪔꪲꪙ ꪀꪮꪙ,False
đặt cây rướn trên đầu mái,ꪜ꫁ꪱꪙ ꪔꪲꪙ ꪀꪮꪙ,True
tóe cây tre trên đầu mái,ꪜ꫁ꪱꪙ ꪔꪲꪙ ꪀꪮꪙ,True
bàn,ꪝꪱꪙ,False
gãy,ꪝꪱꪙ,True
mâm,ꪝꪱꪙ,False
khay,ꪝꪱꪙ,False
bậm,ꪝꪱꪙ,True
mắc,ꪝꪱꪙ,False
vướng,ꪝꪱꪙ,False
dính,ꪝꪱꪙ,False
nhụi,ꪝꪱꪙ,True
bàn giấy,ꪝꪱꪙ ꪊꪸ꫁,False
"bữa cỗ, mâm cỗ",ꪝꪱꪙ ꪶꪁ꫁,False
bữa gốc mâm siềng,ꪝꪱꪙ ꪹꪥꪱ꫁,True
bắt chéo qua ngực,ꪝꪱꪙ ꪒꪱ,False
bắt sa qua ngực,ꪝꪱꪙ ꪒꪱ,True
lẳn chéo qua ngực,ꪝꪱꪙ ꪒꪱ,True
"bàn đèn, khay đèn",ꪝꪱꪙ ꪵꪓꪙ,False
"bàn đèn, khay đèn",ꪝꪱꪙ ꪹꪏꪱ꪿,True
"bé đèn, khay đèn",ꪝꪱꪙ ꪵꪓꪙ,True
mâm bông,ꪝꪱꪙ ꪹꪠꪉ,False
mâm óp,ꪝꪱꪙ ꪹꪠꪉ,True
mâm cúng giỗ,ꪝꪱꪙ ꪶꪕꪉ,False
"thện cúng tươi,",ꪝꪱꪙ ꪶꪕꪉ,True
bàn tẩn,ꪝꪱꪙ ꪹꪔꪷ꫁ꪙ,False
bàn thờ,ꪝꪱꪙ ꪹꪏꪷ,False
khỏi thờ,ꪝꪱꪙ ꪹꪏꪷ,True
nhem nhép,ꪝ꪿ꪱꪙ,False
nhem nhép,ꪠ꪿ꪱꪫ,True
viền,ꪝ꫁ꪱꪙ,False
viền,ꪵꪤꪒ,True
gom,ꪝ꫁ꪱꪙ,False
vun đắp,ꪝ꫁ꪱꪙ ꪝꪺ,False
vun đắp,ꪝ꫁ꪱꪙ ꪔꪳꪀ,True
vun chủm:,ꪝ꫁ꪱꪙ ꪝꪺ,True
"thời, đời",ꪜꪱꪉ,False
"cuộc, công cuộc",ꪜꪱꪉ,False
"cuộc, góa cuộc",ꪜꪱꪉ,True
"đời xưa, thời cổ",ꪜꪱꪉ ꪹꪋꪱ꫁,False
thế hệ,ꪜꪱꪉ ꪶꪁꪙ,False
ngày hội,ꪜꪱꪉ ꪶꪭ꫁ꪥ,False
giống hội,ꪜꪱꪉ ꪶꪭ꫁ꪥ,True
"thời nay, đời nay",ꪜꪱꪉ ꪼꪅ꫁,False
"lững nay, đời nay",ꪜꪱꪉ ꪼꪅ꫁,True
"ngày lễ, cuộc vui",ꪜꪱꪉ ꪣ꪿ꪺꪙ,False
"ngày lễ, cuộc khang,",ꪜꪱꪉ ꪣ꪿ꪺꪙ,True
chế độ,ꪜꪱꪉ ꪹꪣꪉ,False
thời đại,ꪜꪱꪉ ꪹꪣꪉ,False
ngõa đại,ꪜꪱꪉ ꪹꪣꪉ,True
"thời cuộc, đương thời",ꪜꪱꪉ ꪏꪲ,False
"thời cuộc, đương thời",ꪜꪱꪉ ꪊ꪿ꪱꪥ,True
"thời cuộc, đương rế",ꪜꪱꪉ ꪏꪲ,True
báng,ꪜ꫁ꪱꪉ,False
báng,ꪜ꫁ꪱꪉ,False
ra hoa không thể kết trái,ꪝꪱꪉ,False
ra hoa không thể chao trái,ꪝꪱꪉ,True
"hờ, giả",ꪝꪱꪉ,False
bồ giả,ꪝꪱꪉ,True
lừa dối,ꪝꪱꪉ ꪵꪚ꫁ꪫ,False
rẩm dối,ꪝꪱꪉ ꪵꪚ꫁ꪫ,True
"sửa, chữa",ꪵꪜꪉ,False
"sửa, cheng",ꪒ꫁ꪺꪙ,True
"sửa, chữa",ꪵꪉꪙ,True
"làm dịu lòng, làm yên lòng",ꪵꪜꪉ ꪻꪊ,False
"lụt x lòng, làm yên lòng",ꪵꪜꪉ ꪻꪊ,True
"bông, dịu lòng, làm khoảng, lòng",ꪵꪜꪉ ꪻꪊ,True
"cúng hồn, lễ cúng hồn, làm vía",ꪵꪜꪉ ꪄꪺꪙ,False
"cúng hồn, lễ cúng bứt, làm vía",ꪵꪜꪉ ꪄꪺꪙ,True
sửa mình,ꪵꪜꪉ ꪣꪷ꪿,False
men,ꪵꪜ꫁ꪉ,False
ngàn,ꪵꪜ꫁ꪉ,True
khối u,ꪵꪜ꫁ꪉ,False
đắt,ꪵꪝꪉ,False
"quý, mến",ꪵꪝꪉ,False
bồ,ꪵꪝ꪿ꪉ,False
báo tin,ꪜ꪿ꪱꪫ,False
báo dé,ꪜ꪿ꪱꪫ,True
chiêu hồn,ꪜ꪿ꪱꪫ ꪄꪺꪙ,False
chiêu muôi,ꪜ꪿ꪱꪫ ꪄꪺꪙ,True
thông báo,ꪜ꪿ꪱꪫ ꪹꪩꪱ꪿,False
sẹo,ꪜ꫁ꪱꪫ,False
sẹo to,ꪜ꫁ꪱꪫ ꪝꪙꪱꪫ,False
dạm to,ꪜ꫁ꪱꪫ ꪝꪙꪱꪫ,True
sẹo to,ꪜ꫁ꪱꪫ ꪶꪮꪒ,True
trợt,ꪜ꫁ꪱꪫ ꪶꪜꪀ,False
"mường,",ꪜ꫁ꪱꪫ ꪶꪜꪀ,True
rách toạc,ꪜ꫁ꪱꪫ ꪜꪳꪒ,False
sãy toạc,ꪜ꫁ꪱꪫ ꪹꪁꪷ꫁ꪙ,True
xịt toạc,ꪜ꫁ꪱꪫ ꪜꪳꪒ,True
bào,ꪝꪱꪫ,False
bào,ꪄꪳ꪿ꪙ,True
bào,ꪝꪱꪫ,False
đùm bọc,ꪝꪱꪫ,False
"đùm nhọt,",ꪝꪱꪫ,True
lốp,ꪝ꪿ꪱꪫ,False
dừa,ꪝ꫁ꪱꪫ,False
quằn,ꪝ꫁ꪱꪫ,False
queo,ꪝ꫁ꪱꪫ,False
ngoẹo,ꪝ꫁ꪱꪫ,False
nhói,ꪜꪱꪚ,False
nhoi nhói,ꪜꪱꪚ ꪜꪱꪚ,False
nhoi cuốc,ꪜꪱꪚ ꪜꪱꪚ,True
"loáng, lấp lánh",ꪜꪱꪚ ꪜꪱꪚ,False
"loáng, nghển lánh",ꪜꪱꪚ ꪜꪱꪚ,True
quạc,ꪝꪱꪚ,False
cậy.thân,ꪝꪱꪚ,True
"quạc quạc, cạc cạc",ꪝꪱꪚ ꪝꪱꪚ,False
"quạc quạc, cạc chủm:",ꪢꪮꪉ ꪝꪱꪚ,True
ếch cây,ꪜꪱꪒ,False
cắt,ꪜꪱꪒ,False
xẻo,ꪜꪱꪒ,False
sực,ꪜꪱꪒ,True
xẻ,ꪜꪱꪒ,False
nhằng,ꪶꪭꪣ,True
miếng,ꪜꪱꪒ,False
"cắt tiết, cắt cổ",ꪜꪱꪒ ꪁꪷ,False
vắt,ꪝꪱꪒ,False
đặt bẫy nhựa,ꪝꪱꪒ ꪔꪰꪉ,False
tấc sáo nhựa,ꪝꪱꪒ ꪔꪰꪉ,True
lễ cúng giỗ,ꪝꪱꪒ ꪶꪕꪉ,False
"to, thô",ꪹꪜꪱ,False
"gùn, gút, mấu",ꪹꪜꪱ,False
thổi,ꪹꪜꪱ꪿,False
trống,ꪹꪜꪱ꪿,False
hì,ꪹꪜꪱ꪿,True
rỗng,ꪹꪜꪱ꪿,False
hô hấp nhân tạo,ꪹꪜꪱ꪿ ꪬꪴ,False
hô hấp nhân tạo,ꪹꪜꪱ꪿ ꪵꪣꪉ,True
dượng hấp nhân tạo,ꪹꪜꪱ꪿ ꪬꪴ,True
"trống hốc, trống không, rỗng tuếch",ꪹꪜꪱ꪿ ꪄꪲ꫁ꪉ,False
"cò hốc, trống không, rỗng tuếch",ꪹꪜꪱ꪿ ꪠ꫁ꪱꪉ,True
"trống hốc, trống phí, rỗng tuếch",ꪹꪡ꪿ꪥ ꪄꪲ꫁ꪉ,True
búi,ꪹꪜꪱ꫁,False
sửu,ꪹꪜꪱ꫁,False
sửu,ꪮ꪿ꪱꪙ,True
xúm,ꪹꪜꪱ꫁,False
"chao ôi, chao ơi",ꪹꪜꪱ꫁ ꪹꪯꪷꪥ,False
"chao ôi, ngả, ơi",ꪹꪜꪱ꫁ ꪹꪯꪷꪥ,True
chao vụn chao ơi,ꪹꪜꪱ꫁ ꪹꪯꪷꪥ,True
tiên nhân,ꪹꪜꪱ꫁ ꪹꪜꪷ꪿ꪙ,False
tiên hằm,ꪹꪜꪱ꫁ ꪹꪜꪷ꪿ꪙ,True
"tiên cung,",ꪹꪜꪱ꫁ ꪹꪜꪷ꪿ꪙ,True
"ông cha, ông bà",ꪹꪜꪱ꫁ ꪜꪴ꪿,False
"xẻo cha, ông bà",ꪹꪜꪱ꫁ ꪜꪴ꪿,True
"ông cha, hu vu",ꪶꪉꪣ ꪜꪴ꪿,True
tổ tiên,ꪹꪜꪱ꫁ ꪜꪴ꪿,False
vầu,ꪹꪝꪱ,False
mày,ꪹꪝꪱ ꪔꪱ,False
"xẹo,",ꪹꪝꪱ ꪔꪱ,True
"bâu, bu",ꪹꪝꪱ꪿,False
"cài, giắt",ꪻꪝ,False
"la, thắp",ꪻꪝ,True
rấp,ꪻꪝ,False
trẽn,ꪻꪝ,True
dâu,ꪻꪝ꫁,False
trinh nữ,ꪻꪝ꫁ ꪥ꪿ꪱ,False
biếu nữ,ꪻꪝ꫁ ꪥ꪿ꪱ,True
đi,ꪼꪜ,False
đi,ꪵꪖꪫ,True
khang,ꪼꪜ,True
đi,ꪼꪜ,False
xỉnh,ꪼꪜ,True
trở về,ꪼꪜ,False
sang,ꪼꪜ,False
đi buôn,ꪼꪜ ꪁ꫁ꪱ,False
sỉa buôn,ꪼꪜ ꪁ꫁ꪱ,True
la cà,ꪼꪜ ꪀꪱꪉ,False
"đi lại, qua lại",ꪼꪜ ꪣꪱ,False
về sau,ꪼꪜ ꪘ꫁ꪱ,False
về sau,ꪼꪜ ꪀꪴ꫁,True
"ra sông, ra suối",ꪼꪜ ꪙꪾ꫁,False
"ra sông, ra eo,",ꪼꪜ ꪙꪾ꫁,True
"đi ngoài, đi đồng",ꪼꪜ ꪙꪮꪀ,False
"đi giậm, đi đồng",ꪼꪜ ꪙꪮꪀ,True
đi rừng,ꪼꪜ ꪜ꪿ꪱ,False
đi phứa,ꪼꪜ ꪜ꪿ꪱ,True
đi rừng,ꪼꪜ ꪵꪎ꪿,True
đi phép,ꪼꪜ ꪵꪠꪚ,False
đi phu,ꪼꪜ ꪠꪴ,False
đi phu,ꪼꪜ ꪵꪥꪚ,True
"ra bến nước, ra bến sông",ꪼꪜ ꪕ꪿ꪱ,False
"ra hây nước, sảy bến sông",ꪼꪜ ꪕ꪿ꪱ,True
"ra bến vành, ra bến sông",ꪼꪜ ꪕ꪿ꪱ,True
đi tự tử,ꪼꪜ ꪔꪱꪥ,False
đi vào chỗ chết,ꪼꪜ ꪔꪱꪥ,False
co vào chỗ chết,ꪼꪜ ꪔꪱꪥ,True
đi vào chỗ chết,ꪶꪥ꫁ ꪔꪱꪥ,True
đi đường,ꪼꪜ ꪕꪱꪉ,False
ràn đường,ꪼꪜ ꪕꪱꪉ,True
đi bộ,ꪼꪜ ꪔꪲꪙ,False
đi bộ,ꪹꪕꪙ ꪔꪲꪙ,True
đi bộ,ꪏꪲ꫁ ꪔꪲꪙ,True
"đi chân đất, đi chân không",ꪼꪜ ꪔꪲꪙ,False
đi chân xúm đi chân không,ꪵꪁ꫁ꪙ ꪔꪲꪙ,True
đi theo,ꪼꪜ ꪕ꪿ꪮꪥ,False
khoải theo,ꪼꪜ ꪕ꪿ꪮꪥ,True
đi tháo dạ,ꪼꪜ ꪕ꫁ꪮꪉ,False
"ngốn, tháo dạ",ꪼꪜ ꪕ꫁ꪮꪉ,True
đi vắng,ꪼꪜ ꪪꪰ꪿ꪉ,False
đi làm,ꪼꪜ ꪫꪸꪀ,False
"đi tỏa,",ꪼꪜ ꪫꪸꪀ,True
đâu,ꪼꪜ꪿,False
rời,ꪼꪜ꪿,False
lìa,ꪼꪜ꪿,False
"đậu,",ꪼꪜ꪿,True
chia lìa,ꪼꪜ꪿ ꪩꪱ,False
"bềnh, lìa",ꪼꪜ꪿ ꪩꪱ,True
xa lìa,ꪼꪜ꪿ ꪫꪱꪉ,False
xa người:,ꪼꪜ꪿ ꪫꪱꪉ,True
xa rời,ꪼꪜ꪿ ꪫꪱꪉ,False
xa rời,ꪼꪜ꪿ ꪵꪩꪙ,True
ruồng rẫy,ꪼꪜ꪿ ꪫꪱꪉ,False
"rủi, rẫy",ꪼꪜ꪿ ꪫꪱꪉ,True
đan rẫy,ꪶꪣ꫁ꪀ ꪊ꫁ꪮꪙ,True
từ giã,ꪼꪜ꪿ ꪫꪱꪉ,False
"lòn vãi,",ꪼꪜ꪿ ꪫꪱꪉ,True
từ rộn,ꪶꪨ꫁ꪉ ꪫꪱꪉ,True
che,ꪼꪜ꫁,False
"bao che, đắp điếm",ꪼꪜ꫁,False
"nhỡ, che, đắp điếm",ꪼꪜ꫁,True
"bao che, đắp vụt,",ꪹꪕꪸ,True
che chở,ꪼꪜ꫁ ꪵꪊ,False
"che tấy,",ꪼꪜ꫁ ꪵꪊ,True
bảo vệ,ꪼꪜ꫁ ꪵꪊ,False
mồi vệ,ꪼꪜ꫁ ꪵꪊ,True
che đậy,ꪼꪜ꫁ ꪶꪜ꪿ꪀ,False
che đậy,ꪹꪎ꪿ ꪶꪜ꪿ꪀ,True
đánh,ꪼꪝ,False
dãy dài,ꪼꪝ,False
chầu,ꪼꪝ,False
nhánh,ꪼꪝ,True
cuốn sợi vào giường xa,ꪼꪝ ꪠ꫁ꪱꪥ,False
cuốn sợi vào giường xa,ꪼꪝ ꪘꪸꪫ,True
dân,ꪼꪝ꪿,False
nhân dân,ꪼꪝ꪿ ꪹꪣꪉ,False
nhân lọm,ꪼꪝ꪿ ꪹꪣꪉ,True
"dân đen, con đen",ꪼꪝ꪿ ꪙ꫁ꪮꪥ,False
"dân đen, con dặc",ꪨꪴ꪿ꪀ ꪙ꫁ꪮꪥ,True
"thoảng đen, thối đen",ꪼꪝ꪿ ꪙ꫁ꪮꪥ,True
khổ,ꪜꪰꪀ,False
thuật,ꪵꪔ꫁ꪉ,True
cắm,ꪜꪰꪀ,False
cắm,ꪜꪲꪫ,True
chúc,ꪜꪰꪀ,False
chòng chọc,ꪜꪰꪀ,False
hoàng chọc,ꪜꪰꪀ,True
thẳng,ꪜꪰꪀ,False
một là một,ꪜꪰꪀ ꪹꪚꪱ꪿ ꪖꪮꪙ,False
một là một,ꪁ꪿ꪱꪥ ꪹꪚꪱ꪿ ꪖꪮꪙ,True
dựng đứng,ꪜꪰꪀ ꪋꪽ,False
dựng đứng,ꪅꪙꪰ꫁ꪉ ꪋꪽ,True
"chằm chằm, chăm chăm, chăm chắm",ꪜꪰꪀ ꪔꪱ,False
"chằm chằm, chăm chăm, chăm chắm",ꪩꪸꪉ ꪔꪱ,True
"chằm chằm, chăm chăm, chăm hấp",ꪜꪰꪀ ꪔꪱ,True
chặng,ꪝꪰꪀ,False
"sức lực, sức vóc",ꪝꪰꪀ ꪵꪭꪉ,False
"sức lực, sức vóc",ꪼꪠ꫁ ꪵꪭꪉ,True
sức mạnh,ꪝꪰꪀ ꪵꪭꪉ,False
"lầm cụp,",ꪉ꫁ꪱꪫ ꪵꪭꪉ,True
hơi sức,ꪝꪰꪀ ꪵꪭꪉ,False
hơi chia,ꪝꪰꪀ ꪵꪭꪉ,True
hơi lo,ꪝꪰꪀ ꪵꪭꪉ,True
"ngả, đốn",ꪜꪾ꫁,False
"hạ, vật",ꪜꪾ꫁,False
"hạ, vật",ꪒꪮꪀ,True
dàm,ꪝꪾ,False
giâu,ꪝꪾ,True
lặng im,ꪝꪾ,False
chia,ꪜꪽ,False
chia,ꪀ꪿ꪱꪉ,True
phân,ꪜꪽ,False
"phân tích, phân tách",ꪜꪽ ꪵꪊꪀ,False
"tấp tích, bầu, tách",ꪜꪽ ꪶꪠ꪿ꪀ,True
"phân tích, phân e",ꪜꪽ ꪵꪊꪀ,True
phân biệt,ꪜꪽ ꪵꪊꪀ,False
phân cách,ꪜꪽ ꪵꪊꪀ,False
ở cách,ꪜꪽ ꪵꪊꪀ,True
chia rẽ,ꪜꪽ ꪵꪊꪀ,False
"chia có,",ꪹꪜꪷ꪿ꪀ ꪵꪊꪀ,True
"phân phát, phân phối",ꪜꪽ ꪤꪱꪥ,False
"phân phát, cốm phối",ꪜꪽ ꪤꪱꪥ,True
chia sẻ,ꪜꪰꪉ ꪵꪪ꪿ꪉ,False
tỏng sẻ,ꪜꪰꪉ ꪵꪪ꪿ꪉ,True
"chia cắt, chia li",ꪜꪰꪉ ꪵꪪ꪿ꪉ,False
"chia cắt, chia trập,",ꪜꪰꪉ ꪖ꪿ꪱꪣ,True
kéo,ꪜ꪿ꪽ,False
nuôi,ꪜ꪿ꪽ,True
khoan,ꪜ꪿ꪽ,False
đơn,ꪜ꪿ꪽ,True
khoan,ꪜ꪿ꪽ,False
rốt,ꪜ꪿ꪽ,True
xoáy,ꪜ꪿ꪽ,False
xoáy,ꪹꪒꪸꪚ,True
nắm,ꪜ꫁ꪽ,False
"nắm, vắt",ꪜ꫁ꪽ,False
cưa vắt,ꪶꪏꪉ,True
vắt,ꪜ꫁ꪽ,False
húc,ꪜ꫁ꪽ,True
búi tóc,ꪜ꫁ꪽ ꪹꪀꪱ꫁,False
búi tóc,ꪼꪫ꫁ ꪹꪀꪱ꫁,True
"nghìn, ngàn",ꪝꪽ,False
"nghìn, ngàn",ꪶꪏꪝꪀ,True
"băng, băng bó",ꪝꪽ,False
quấn,ꪝꪽ,False
ghệt,ꪝꪽ ꪵꪁ꪿ꪉ,False
ghệt,ꪶꪁꪀ ꪵꪁ꪿ꪉ,True
quyến luyến,ꪝꪽ ꪩꪽ,False
quyến luyến,ꪶꪡ꫁ꪉ ꪩꪽ,True
quấn quýt,ꪝꪽ ꪹꪠ,False
quấn vỉ,ꪝꪽ ꪹꪠ,True
nghìn thu,ꪝꪽ ꪜꪲ,False
nghìn thu,ꪝꪽ ꪼꪀꪚ꪿,True
"chặn, thu",ꪝꪽ ꪜꪲ,True
cuốn tròn,ꪝꪽ ꪝꪮꪀ,False
kị tròn,ꪝꪽ ꪝꪮꪀ,True
vo tròn lại,ꪝꪽ ꪝꪮꪀ,False
chầu,ꪝ꫁ꪽ,False
chầu vải,ꪝ꫁ꪽ ꪬꪴꪀ,False
mồng tơi,ꪜꪰꪉ,False
"mật, tơi",ꪜꪰꪉ,True
"trả, giả",ꪜꪰꪉ,False
"trả, nhột,",ꪜꪰꪉ,True
"đền, bồi thường",ꪜꪰꪉ,False
dằng bồi thường,ꪜꪰꪉ,True
đền mạng,ꪜꪰꪉ ꪁ꪿ꪱ ꪬꪺ,False
đền mạng,ꪜꪰꪉ ꪐꪮꪚ ꪬꪺ,True
trả lãi,ꪜꪰꪉ ꪢ꫁ꪱ,False
"trả ơn, đền ơn",ꪜꪰꪉ ꪹꪮꪷꪙ,False
"trả miếng, trả đũa",ꪜꪰꪉ ꪜ꫁ꪱꪫ,False
trả gieo trả đũa,ꪜꪰꪉ ꪜ꫁ꪱꪫ,True
"trả miếng, trả đũa",ꪜꪰꪉ ꪁꪙꪱꪚ,True
trả thù,ꪜꪰꪉ ꪗꪴ,False
sằng thù,ꪜꪰꪉ ꪗꪴ,True
đền tội,ꪜꪰꪉ ꪶꪕ꫁ꪥ,False
sễ,ꪝꪰꪉ,False
trốn biệt,ꪝꪰꪉ ꪝ꪿ꪱꪥ,False
phệ,ꪝꪰ꪿ꪉ,False
lủn,ꪝꪰ꪿ꪉ,True
đăm đăm,ꪜꪾꪚ ꪜꪾꪚ,False
viện đăm,ꪜꪾꪚ ꪜꪾꪚ,True
canh cánh,ꪜꪾꪚ ꪜꪾꪚ,False
"quyển, cuốn",ꪝꪾꪚ,False
chớp,ꪝꪾꪚ,False
nháy,ꪝꪾꪚ,False
vẩy,ꪝꪾꪚ,False
nằn,ꪝꪾꪚ,True
gấp,ꪝꪾꪚ,False
gấp,ꪵꪚ꪿ꪀ,True
"sách, quyển sách",ꪝꪾꪚ ꪎꪳ,False
"sách, quyển sách",ꪝꪾꪚ ꪵꪄ꪿ꪉ,True
"sách, quyển sách",ꪝꪾꪚ ꪹꪕ,True
"vở, quyển vở",ꪝꪾꪚ ꪎꪳ ꪵꪔ꫁ꪣ,False
"mẫm ngầu, vở",ꪝꪾꪚ ꪎꪳ ꪵꪔ꫁ꪣ,True
nhấp nháy,ꪝꪾꪚ ꪀꪤꪱꪚ ꪀꪤꪱꪚ,False
nhấp nháy,ꪄꪮꪀ ꪶꪄ꪿ꪙ ꪀꪤꪱꪚ,True
"bắt, bức, bách",ꪜꪰꪒ,False
"bắt, bức, bách",ꪭ꫁ꪺꪥ,True
giữ,ꪜꪰꪒ,False
"đó,",ꪜꪰꪒ,True
bắt sống,ꪜꪰꪒ ꪵꪭꪉ,False
bắt mạch,ꪜꪰꪒ ꪵꪣ꫁ꪀ,False
bắt xuê,ꪜꪰꪒ ꪵꪣ꫁ꪀ,True
"đốp, mạch",ꪜꪰꪒ ꪵꪣ꫁ꪀ,True
bắt vạ,ꪜꪰꪒ ꪻꪢ,False
bắt vạ,ꪜꪰꪒ ꪋꪴꪚ,True
bắt phạt,ꪜꪰꪒ ꪡꪱꪒ,False
bắt lửa,ꪜꪰꪒ ꪼꪡ,False
bắt lỗi,ꪜꪰꪒ ꪠꪲꪒ,False
bắt phu,ꪜꪰꪒ ꪠꪴ,False
"lang, phu",ꪜꪰꪒ ꪠꪴ,True
bắt tội,ꪜꪰꪒ ꪶꪕ꫁ꪥ,False
vậy tội,ꪜꪰꪒ ꪶꪕ꫁ꪥ,True
sặt,ꪝꪰꪒ,False
"tải,",ꪝꪰꪒ,True
"vắt, vạt",ꪝꪰꪒ,False
chuyến,ꪝꪰꪒ,False
"dằng,",ꪝꪰꪒ,True
"rẩy, xức",ꪝꪰꪒ,False
muỗi xức,ꪝꪰꪒ,True
phe phẩy,ꪝꪰꪒ,False
phe tăn,ꪝꪰꪒ,True
thoảng,ꪝꪰꪒ,False
phẩy,ꪝꪰꪒ,False
ẽo,ꪝꪰꪒ,True
"trệch đường, trật nẻo",ꪝꪰꪒ ꪕꪱꪉ,False
"Phật đường, trật nẻo",ꪝꪰꪒ ꪕꪱꪉ,True
hiện,ꪝꪥꪮꪒ,False
ngoi,ꪶꪝꪥꪒ,False
chim,ꪶꪝꪥꪒ,True
chíu chít,ꪝꪥꪴꪚ ꪝꪥ꫁ꪺ,False
xắm chít,ꪝꪥꪴꪚ ꪝꪥ꫁ꪺ,True
nóc,ꪵꪜ,False
nóc,ꪶꪚ꪿ꪙ,True
nóc trên cùng,ꪵꪜ ꪶꪚꪙ,False
nóc trên cùng,ꪵꪜ ꪭꪫꪱꪀ,True
"xà giằng, xà xẻ",ꪵꪜ ꪵꪜ꫁ꪙ,False
"xà giằng, ngán nhang",ꪵꪜ ꪵꪜ꫁ꪙ,True
"búp giằng, xà sam",ꪵꪜ ꪵꪜ꫁ꪙ,True
hỏng,ꪵꪜ꪿,False
bọ,ꪵꪜ꪿,True
"giỡ, phá",ꪵꪜ꪿,False
"góp, phá",ꪵꪜ꪿,True
tan hoang,ꪵꪜ꪿ ꪝꪰꪉ,False
tan đì,ꪶꪁꪙ ꪝꪰꪉ,True
trái,ꪵꪜ꫁,False
"bẻ, vặn",ꪵꪜ꫁,False
"bẻ, vặn",ꪄꪸ꪿,True
tay cắp đít,ꪵꪜ꫁ ꪵꪩ꫁ ꪵꪄꪙ,False
tay cắp đít,ꪵꪜ꫁ ꪵꪚ꪿ꪀ ꪵꪄꪙ,True
tay cắp đít,ꪵꪜ꫁ ꪵꪩ꫁ ꪻꪝ,True
trận cánh khỉ,ꪵꪜ꫁ ꪵꪩ꫁ ꪵꪄꪙ,False
sít cánh chôn,ꪵꪜ꫁ ꪵꪩ꫁ ꪵꪄꪙ,True
trận cánh khỉ,ꪢꪲꪒ ꪵꪩ꫁ ꪵꪄꪙ,True
giật cánh khuỷu,ꪵꪜ꫁ ꪵꪩ꫁ ꪎꪮꪀ,False
"bè, mảng",ꪵꪝ,False
"mê, mảng",ꪵꪝ,True
the,ꪵꪝ,False
sinh sản,ꪵꪝ꪿,False
"váng, sản",ꪵꪝ꪿,True
mắn,ꪵꪝ꪿,False
nổi,ꪵꪝ꫁,False
chợp,ꪵꪝ,True
"đêm,",ꪵꪝ꫁,True
thắng,ꪵꪝ꫁,False
đõ,ꪵꪝ꫁,True
giống,ꪵꪜꪀ,False
như,ꪵꪜꪀ,False
"đồng, cùng",ꪵꪜꪀ,False
"ra dáng, ra vẻ",ꪵꪜꪀ ꪹꪚꪱ꪿ ꪉ꪿ꪱꪥ,False
"ra tới, ra mẩn",ꪵꪜꪀ ꪹꪚꪱ꪿ ꪉ꪿ꪱꪥ,True
"chìa dáng, ra vẻ",ꪨ꪿ꪽ ꪹꪚꪱ꪿ ꪉ꪿ꪱꪥ,True
"nhặng xị, nhặng bộ",ꪵꪜꪀ ꪹꪚꪱ꪿ ꪉ꪿ꪱꪥ,False
"nhặng xị, nhặng bộ",ꪏꪴ꫁ꪀ ꪹꪮꪷ꪿ꪉ ꪉ꪿ꪱꪥ,True
"đười xị, nhặng bộ",ꪵꪜꪀ ꪹꪚꪱ꪿ ꪉ꪿ꪱꪥ,True
"như thường, như cũ",ꪵꪜꪀ ꪹꪀꪱ꪿,False
"màu thường, như cũ",ꪵꪜꪀ ꪹꪀꪱ꪿,True
"nguyên, y nguyên",ꪵꪜꪀ ꪹꪀꪱ꪿,False
phong y ruột,ꪵꪜꪀ ꪹꪀꪱ꪿,True
"nguyên, tỉnh, nguyên",ꪵꪜꪀ ꪹꪀꪱ꪿,True
có vẻ,ꪵꪜꪀ ꪹꪙ꫁,False
có vẻ,ꪨꪲꪒ ꪹꪙ꫁,True
hình như,ꪵꪜꪀ ꪹꪏꪉ,False
hình sễ,ꪵꪜꪀ ꪹꪏꪉ,True
y như,ꪵꪜꪀ ꪹꪏꪉ,False
"dáng chừng, dáng như",ꪵꪜꪀ ꪹꪏꪉ,False
"dáng chừng, dáng ngẫm",ꪵꪜꪀ ꪹꪏꪉ,True
"dáng chừng, dáng như",ꪵꪜꪀ ꪵꪒ꪿ꪙ,True
sạch,ꪵꪝꪀ,False
sạch trụi,ꪵꪝꪀ ꪋꪰꪀ,False
sạch trụi,ꪵꪋꪙ ꪋꪰꪀ,True
sạch bóng,ꪵꪝꪀ ꪁ꫁ꪺꪀ,False
sạch bóng,ꪎꪲ꫁ꪙ ꪁ꫁ꪺꪀ,True
sạch moi,ꪵꪝꪀ ꪁ꫁ꪺꪀ,True
"trọi trơn, hết trơn",ꪵꪝꪀ ꪁ꫁ꪺꪀ,False
sạch sẽ,ꪵꪝꪀ ꪻꪎ,False
"xưa dọn,",ꪵꪝꪀ ꪻꪎ,True
sạch sẽ,ꪊ꫁ꪱꪥ ꪻꪎ,True
ván,ꪵꪜ꫁ꪙ,False
ván,ꪙꪳ꫁ꪀ,True
bức bàn,ꪵꪜ꫁ꪙ,False
khò bàn,ꪵꪜ꫁ꪙ,True
bẹt,ꪵꪜ꫁ꪙ,False
đoan,ꪵꪜ꫁ꪙ,True
bả vai,ꪵꪜ꫁ꪙ ꪹꪀ꫁ꪉ,False
bả nhộn,ꪵꪜ꫁ꪙ ꪹꪀ꫁ꪉ,True
bả vai,ꪵꪜ꫁ꪙ ꪼꪨ꪿,False
"bả đòi,",ꪵꪜ꫁ꪙ ꪼꪨ꪿,True
yếu,ꪵꪝꪙ,False
lùn,ꪵꪝꪙ,True
"mềm mại, óng ả",ꪵꪝꪙ,False
"mềm mại, óng sộc",ꪵꪝꪙ,True
mềm mại,ꪵꪝꪙ ꪹꪘꪀ ꪹꪘꪀ,False
dập dềnh,ꪵꪝꪙ ꪹꪘꪀ ꪹꪘꪀ,False
xẻng,ꪵꪝ꫁ꪙ,False
ngọn,ꪵꪜꪫ,False
ngọn,ꪩꪮꪙ,True
luồng,ꪵꪜꪫ,False
hơi nghẹo,ꪵꪝ꫁ꪫ,False
lòng thòng,ꪵꪝ꫁ꪫ ꪵꪝꪙꪫ,False
lòng thòng,ꪏꪴ꪿ ꪵꪝꪙꪫ,True
lòng thòng,ꪵꪝ꫁ꪫ ꪄꪱꪉ,True
tám,ꪵꪜꪒ,False
lây,ꪵꪜꪒ,False
gối,ꪵꪜꪒ,True
lây lan,ꪵꪜꪒ ꪝꪱꪙ,False
"cậu, ử",ꪀ꪿ꪱ ꪝꪱꪙ,True
tám mươi,ꪵꪜꪒ ꪎꪲꪚ,False
rành mươi,ꪵꪜꪒ ꪔꪰꪀ,True
"so, ví, bì",ꪵꪝꪒ,False
"so, ví, bì",ꪉ꪿ꪽ,True
"so, ví, bì",ꪎꪚꪴ,True
so sánh,ꪵꪝꪒ ꪵꪏꪉ,False
"mó, sánh",ꪵꪝꪒ ꪵꪏꪉ,True
cõng,ꪹꪜꪸ꫁,False
đeo,ꪹꪜꪸ꫁,False
chồi,ꪹꪜꪸ꫁,True
phịch,ꪹꪝꪸ꫁ꪀ,False
bén,ꪹꪝꪸ꫁ꪀ,True
bịch bịch,ꪹꪝꪸ꫁ꪀ ꪹꪝꪸ꫁ꪀ,False
"én, mừng",ꪹꪝꪸ꫁ꪀ ꪹꪝꪸ꫁ꪀ,True
nên,ꪹꪜꪸꪙ,False
nên,ꪭꪱꪫ,True
thành,ꪹꪜꪸꪙ,False
ken,ꪹꪜꪸꪙ,True
thành,ꪜꪸ꪿ꪫ,True
được,ꪹꪜꪸꪙ,False
xảy,ꪹꪜꪸꪙ,False
ra,ꪹꪜꪸꪙ,False
bị,ꪹꪜꪸꪙ,False
sao,ꪹꪜꪸꪙ,False
quắp,ꪹꪜꪸꪙ,True
tại,ꪹꪜꪸꪙ,False
tại,ꪔꪮꪚ,True
nên chăng,ꪹꪜꪸꪙ ꪹꪚꪱ꪿,False
nên chăng,ꪀꪤꪱꪚ ꪹꪚꪱ꪿,True
nên người,ꪹꪜꪸꪙ ꪶꪁꪙ,False
nên người,ꪁꪕꪱ ꪶꪁꪙ,True
nên rấm,ꪹꪜꪸꪙ ꪶꪁꪙ,True
sung sướng,ꪹꪜꪸꪙ ꪒꪲ,False
sung sướng,ꪹꪜꪸꪙ ꪜꪺꪒ,True
cẩm sệ,ꪹꪜꪸꪙ ꪒꪲ,True
thành gia thất,ꪹꪜꪸꪙ ꪹꪭꪙ,False
điềm gở,ꪹꪜꪸꪙ ꪹꪄꪸꪙ,False
điềm gở,ꪹꪔꪸꪉ ꪊꪸꪣ,True
ra bữa,ꪹꪜꪸꪙ ꪹꪝ꫁,False
ra xuôi,ꪵꪚꪒ ꪹꪝ꫁,True
dâng bữa,ꪹꪜꪸꪙ ꪹꪝ꫁,True
bị lại,ꪹꪜꪸꪙ ꪕꪾꪚ,False
"tại vì, bởi vì",ꪹꪜꪸꪙ ꪵꪔ꪿,False
"quỷ quái, quái quỷ",ꪹꪜꪸꪙ ꪹꪫꪸꪙ,False
"quỷ quái, cuội bảo,",ꪹꪜꪸꪙ ꪹꪫꪸꪙ,True
"dịu quái, quái quỷ",ꪹꪜꪸꪙ ꪹꪫꪸꪙ,True
làm sao,ꪹꪜꪸꪙ ꪎꪰꪉ,False
làm sao,ꪶꪀꪉ ꪎꪰꪉ,True
ra sao,ꪹꪜꪸꪙ ꪏꪳ,False
bợm sao,ꪹꪜꪸꪙ ꪏꪳ,True
bẩn mình,ꪹꪜꪸꪙ ꪏꪴꪥ,False
bẩn mình,ꪏꪉ꫁ꪱꪙ ꪏꪴꪥ,True
bẩn mình,ꪣꪲ꪿ꪉ ꪏꪴꪥ,True
"buông, xõa",ꪹꪜꪸ꪿ꪉ,False
giở,ꪹꪜꪸ꪿ꪉ,False
bật tung,ꪹꪜꪸ꪿ꪉ,False
teo tung,ꪹꪜꪸ꪿ꪉ,True
nõn tung,ꪬ꫁ꪮꪣ,True
mở mang,ꪹꪜꪸ꪿ꪉ ꪼꪄ,False
mở chắc,ꪹꪜꪸ꪿ꪉ ꪼꪄ,True
pưới lĩng,ꪹꪜꪸ꪿ꪉ ꪼꪄ,True
chính vụ,ꪹꪝꪸꪉ,False
chính tham,ꪹꪝꪸꪉ,True
vịt,ꪹꪜꪸꪒ,False
ngỗng,ꪹꪜꪸꪒ ꪬ꪿ꪱꪙ,False
vịt trời,ꪹꪜꪸꪒ ꪙꪾ꫁,False
năm,ꪜꪲ,False
tuổi,ꪜꪲ,False
năm tháng,ꪜꪲ ꪹꪚꪙ,False
"cù, tháng",ꪜꪲ ꪹꪚꪙ,True
năm ngoái,ꪜꪲ ꪀꪱꪥ,False
năm tới,ꪜꪲ ꪊꪲ꪿ ꪣꪱ,False
năm tới,ꪜꪲ ꪹꪘꪸ꪿ꪙ ꪣꪱ,True
năm tới,ꪹꪕꪱ꪿ ꪊꪲ꪿ ꪣꪱ,True
"năm kia, năm truớc",ꪜꪲ ꪀ꪿ꪮꪙ,False
"năm kia, rình truớc",ꪜꪲ ꪀ꪿ꪮꪙ,True
"nom, kia, năm truớc",ꪜꪲ ꪀ꪿ꪮꪙ,True
năm sau,ꪜꪲ ꪨꪰꪉ,False
dúm sau,ꪜꪲ ꪨꪰꪉ,True
năm sau,ꪶꪄꪚ ꪩꪺꪉ,True
năm một,ꪜꪲ ꪩꪴꪀ,False
nua cao,ꪜꪲ ꪩꪴꪀ,True
sang năm,ꪜꪲ ꪘ꫁ꪱ,False
năm nhuận,ꪜꪲ ꪑꪴꪙ,False
năm nhuận,ꪁꪕꪳ꫁ꪙ ꪑꪴꪙ,True
"năm nay, năm này",ꪜꪲ ꪙꪲ꫁,False
"năm nay, năm này",ꪜꪲ ꪎꪸꪚ,True
"năm nay, ẩm này",ꪜꪲ ꪙꪲ꫁,True
năm kia,ꪜꪲ ꪹꪘ,False
"năm nghển,",ꪜꪲ ꪹꪘ,True
"rồ, kia",ꪜꪲ ꪮ꫁ꪺꪙ,True
cấp tốc,ꪜꪲ ꪜꪷ,False
cấp nghểnh,ꪜꪲ ꪜꪷ,True
rốt rít,ꪜꪲ ꪜꪷ,False
rốt rít,ꪜꪲ ꪵꪥ꪿ꪉ,True
vò đầu,ꪜꪲ ꪜꪷ ꪬꪺ,False
vò đầu,ꪠꪴꪀ ꪜꪷ ꪬꪺ,True
vò đầu,ꪜꪲ ꪥꪲ꪿ ꪬꪺ,True
đầy năm,ꪜꪲ ꪹꪔꪸꪣ,False
đầy phèo,ꪜꪲ ꪹꪔꪸꪣ,True
năm tháng trôi qua,ꪜꪲ ꪶꪔ꪿ꪀ ꪹꪚꪙ,False
năm tháng gáo qua,ꪜꪲ ꪶꪔ꪿ꪀ ꪹꪚꪙ,True
sáo,ꪜꪲ꪿,False
sáo,ꪝ꫁ꪱ,True
sáo trúc dài,ꪜꪲ꪿ ꪩꪱꪫ,False
sao trúc ngắn,ꪜꪲ꪿ ꪩꪱꪫ ꪙ꫁ꪮꪥ,False
"sao trúc thỏm,",ꪜꪲ꪿ ꪤꪲ꫁ꪫ ꪩꪴ꫁ꪣ,True
sáo trúc nhỏ,ꪜꪲ꪿ ꪝꪾꪚ,False
bảng trúc nhỏ,ꪜꪲ꪿ ꪜꪸ꪿ꪉ,True
sáo bè,ꪜꪲ꪿ ꪵꪜ꫁,False
hội bè,ꪜꪲ꪿ ꪣꪸ꫁ꪙ,True
sáo ống rạ,ꪜꪲ꪿ ꪵꪝꪫ,False
"sì sì, trùi trũi",ꪜꪲ꫁ ꪜꪲ꫁,False
sì nả: trùi trũi,ꪜꪲ꫁ ꪜꪲ꫁,True
mỡ,ꪝꪲ,False
béo,ꪝꪲ,False
béo,ꪵꪭ,True
vỏng,ꪝꪲ,True
"béo phị, béo phì",ꪝꪲ ꪩꪴ꫁ꪥ,False
béo mui béo xứ,ꪵꪠꪀ ꪩꪴ꫁ꪥ,True
phổng phao,ꪝꪲ ꪝꪮꪉ,False
béo bở,ꪝꪲ ꪝꪮꪉ,False
bán bở,ꪝꪲ ꪝꪮꪉ,True
béo trào,ꪝꪲ ꪝꪮꪉ,True
húp,ꪝꪲ ꪶꪝ,False
bủng,ꪝꪲ ꪶꪝ,False
sơn,ꪝꪲ ꪶꪝ,True
"mỡ lá, mỡ sa",ꪝꪲ ꪶꪔꪚ,False
béo múp,ꪝꪲ ꪮꪴ꫁ꪥ ꪔꪴ꫁ꪥ,False
béo múp,ꪝꪲ ꪮꪴ꫁ꪥ ꪶꪤ꪿ꪉ,True
"béo ụ, béo xụ",ꪝꪲ ꪮꪴ꫁ꪥ ꪎꪴ꫁ꪥ,False
"rỗi ụ, béo xụ",ꪝꪲ ꪮꪴ꫁ꪥ ꪎꪴ꫁ꪥ,True
anh,ꪝꪲ꪿,False
anh,ꪩꪲ,True
chị,ꪝꪲ꪿,False
"anh trai, anh giai",ꪝꪲ꪿ ꪋ꪿ꪱꪥ,False
anh rể,ꪝꪲ꪿ ꪹꪄꪥ,False
anh rể,ꪝꪲ꪿ ꪶꪤꪉ,True
nục rể,ꪝꪲ꪿ ꪹꪄꪥ,True
anh chồng,ꪝꪲ꪿ ꪩꪴꪉ,False
ụ chồng,ꪝꪲ꪿ ꪩꪴꪉ,True
anh vợ,ꪝꪲ꪿ ꪩꪴꪉ,False
oán vợ,ꪜꪰꪒ ꪵꪀꪫ꪿ꪉ,True
chị gái,ꪝꪲ꪿ ꪑꪲꪉ,False
"nửa, gái",ꪝꪲ꪿ ꪑꪲꪉ,True
chị sùm,ꪝꪲ꪿ ꪑꪲꪉ,True
anh em,ꪝꪲ꪿ ꪙ꫁ꪮꪉ,False
anh em,ꪵꪩꪒ ꪙ꫁ꪮꪉ,True
"anh cốc,",ꪝꪲ꪿ ꪙ꫁ꪮꪉ,True
bà con,ꪝꪲ꪿ ꪙ꫁ꪮꪉ,False
bà tếch,ꪝꪲ꪿ ꪙ꫁ꪮꪉ,True
chị vợ,ꪝꪲ꪿ ꪜ꫁ꪱ,False
chị vợ,ꪶꪓ꫁ꪀ ꪜ꫁ꪱ,True
chị chồng,ꪝꪲ꪿ ꪜ꫁ꪱ,False
ráp chồng,ꪝꪲ꪿ ꪜ꫁ꪱ,True
chị chồng,ꪹꪝꪷꪥ ꪜ꫁ꪱ,True
chị dâu,ꪝꪲ꪿ ꪻꪝ꫁,False
đây,ꪝꪲ꫁,False
đây,ꪶꪈ,True
"guồng, vày",ꪜꪸ,False
quay,ꪜꪸ,False
lạch đạch,ꪜꪸ꫁ ꪵꪩꪒ,False
lạch đạch,ꪶꪣꪉ ꪵꪩꪒ,True
bong gân,ꪝꪸ꪿,False
lũ má,ꪝꪸ꪿,True
phèo,ꪝꪸ꫁,False
lê,ꪝꪸ꫁,True
li bì,ꪝꪸ꫁ ꪶꪩ꪿ꪙ,False
"lật, trở, chuyển hướng",ꪝꪲ꫁ꪀ,False
"bấc trở, chuyển hâu",ꪝꪲ꫁ꪀ,True
"lật, trở, chuyển thiết,",ꪝꪲ꫁ꪀ,True
tràng,ꪝꪲ꫁ꪀ,False
á,ꪝꪲ꫁ꪀ,True
quay trở về,ꪝꪲ꫁ꪀ ꪣꪱ,False
quay nịu về,ꪝꪲ꫁ꪀ ꪣꪱ,True
"trở mặt, giở mặt",ꪝꪲ꫁ꪀ ꪠꪱꪙ,False
trở đũa giở mặt,ꪝꪲ꫁ꪀ ꪠꪱꪙ,True
lật trở,ꪝꪲ꫁ꪀ ꪡꪳ꫁ꪙ,False
lật chuyển,ꪝꪲ꫁ꪀ ꪡꪳ꫁ꪙ,True
trằn trọc,ꪝꪲ꫁ꪀ ꪡꪳ꫁ꪙ,False
lăn lóc,ꪝꪲ꫁ꪀ ꪝꪮꪀ,False
lăn rề,ꪝꪲ꫁ꪀ ꪝꪮꪀ,True
lăn trình,ꪝꪲ꫁ꪀ ꪝꪮꪀ,True
ngoặt,ꪝꪲ꫁ꪀ ꪏꪩꪰꪀ,False
ngoặt,ꪝꪲ꫁ꪀ ꪵꪀꪘ꪿ꪀ,True
"nhão, nát",ꪜꪸꪀ,False
"tự, ngấy,",ꪜꪸꪀ,True
"nhão, hình",ꪜꪸꪀ,True
sũng,ꪜꪸꪀ,False
sũng,ꪀꪺ,True
dẻo quẹo,ꪜꪸꪀ,False
"mèm, mềm",ꪜꪸꪀ,False
"mèm, phôi",ꪜꪸꪀ,True
"mèm, mềm",ꪉꪺꪚ,True
"nhão nhoét, nhão bét, nhão nhạo",ꪜꪸꪀ ꪹꪯꪸꪩꪒ,False
"phức nhoét, nhão bét, bóng nhạo",ꪜꪸꪀ ꪹꪯꪸꪩꪒ,True
"nhệu nhạo, nhẽo, nhèo",ꪜꪸꪀ ꪹꪝꪸ꫁ꪙ,False
"nhũn, nhũn nhùn",ꪜꪸꪀ ꪹꪝꪸ꫁ꪙ,False
"lẻ, vút nhùn",ꪜꪸꪀ ꪹꪝꪸ꫁ꪙ,True
ngoặt ngoẹo,ꪜꪸꪀ ꪹꪝꪸ꫁ꪙ,False
giảm nhẵng,ꪜꪸꪀ ꪹꪝꪸ꫁ꪙ,True
tấm,ꪜꪸꪙ,False
dập,ꪜꪸꪙ,True
nòng,ꪜꪸꪙ,True
tấm cám,ꪜꪸꪙ ꪭꪾ,False
đổi,ꪜꪸ꪿ꪙ,False
"thay, thay thế",ꪜꪸ꪿ꪙ,False
"cải, cải biến",ꪜꪸ꪿ꪙ,False
"cải, sụp, biến",ꪜꪸ꪿ꪙ,True
"in, cải biến",ꪜꪸ꪿ꪙ,True
biến,ꪜꪸ꪿ꪙ,False
điều động,ꪜꪸ꪿ꪙ ꪼꪁ,False
đổi mới,ꪜꪸ꪿ꪙ ꪻꪢ꪿,False
"mác, mới",ꪜꪸ꪿ꪙ ꪻꪢ꪿,True
lọm mới,ꪜꪸ꪿ꪙ ꪻꪢ꪿,True
cải tiến,ꪜꪸ꪿ꪙ ꪵꪜꪉ,False
cải độc,ꪜꪸ꪿ꪙ ꪵꪜꪉ,True
luân phiên,ꪜꪸ꪿ꪙ ꪠꪸꪙ,False
luân 1,ꪜꪸ꪿ꪙ ꪠꪸꪙ,True
luân bớn,ꪜꪸ꪿ꪙ ꪠꪸꪙ,True
"thay đổi, đổi thay",ꪜꪸ꪿ꪙ ꪖ꪿ꪱꪥ,False
"thay đổi, mưỡi thay",ꪜꪸ꪿ꪙ ꪖ꪿ꪱꪥ,True
"khựng đổi, đổi gói,",ꪜꪸ꪿ꪙ ꪖ꪿ꪱꪥ,True
"biến cách, biến cải, biến đổi",ꪜꪸ꪿ꪙ ꪖ꪿ꪱꪥ,False
"vờ, giả",ꪝꪸ꫁ꪙ,False
"tấm, miếng, phiến",ꪜꪸ꪿ꪉ,False
"vở miếng, phên",ꪜꪸ꪿ꪉ,True
"gổ miếng, phiến",ꪜꪸ꪿ꪉ,True
đám,ꪜꪸ꪿ꪉ,False
"bỉm, đồ",ꪜꪸ꪿ꪉ ꪘꪰꪉ ꪙ꫁ꪮꪥ,False
"bỉm, đồ",ꪜꪸ꪿ꪉ ꪘꪰꪉ ꪎꪰꪒ,True
"bỉm, khuya,",ꪜꪸ꪿ꪉ ꪘꪰꪉ ꪙ꫁ꪮꪥ,True
"phẳng, bằng",ꪝꪸꪉ,False
ngang,ꪝꪸꪉ,False
"xắp, mấp mé",ꪝꪸꪉ,False
mẩu mấp mé,ꪝꪸꪉ,True
"xắp, mấp mớn",ꪶꪚ꪿ꪉ,True
bằng vai,ꪝꪸꪉ ꪀꪽ,False
phẳng phắn,ꪝꪸꪉ ꪡꪾꪚ,False
"phẳng nỉ,",ꪝꪸꪉ ꪡꪾꪚ,True
phẳng tốn,ꪝꪸꪉ ꪡꪾꪚ,True
"bằng phẳng, phẳng lì",ꪝꪸꪉ ꪏꪲꪒ,False
"xưa phẳng, phẳng lì",ꪝꪸꪉ ꪏꪲꪒ,True
"bằng phẳng, phẳng áp",ꪝꪸꪉ ꪏꪲꪒ,True
bằng bặn,ꪝꪸꪉ ꪏꪲꪒ,False
piêu,ꪜꪸꪫ,False
lẻ,ꪜꪸ꪿ꪫ,False
đế,ꪜꪸ꪿ꪫ,True
lẻ loi,ꪜꪸ꪿ꪫ ꪒꪸꪫ,False
cánh,ꪜꪲꪀ,False
ngách,ꪜꪲꪀ,False
rẽ,ꪜꪲꪀ,False
chia tay,ꪜꪲꪀ,False
chia tay,ꪔꪴ꪿,True
sã cánh,ꪜꪲꪀ ꪹꪨ꪿ꪥ,False
sã mặn,ꪜꪲꪀ ꪹꪨ꪿ꪥ,True
trèo,ꪜꪲꪙ,False
trèo,ꪼꪎ꫁,True
quay,ꪜꪲ꪿ꪙ,False
quay,ꪄꪺꪉ,True
vần,ꪜꪲ꪿ꪙ,False
xoay,ꪜꪲ꪿ꪙ,False
dụng,ꪜꪲ꪿ꪙ,True
xoay,ꪊꪷ,True
chĩa,ꪜꪲ꪿ꪙ,False
tuồng,ꪜꪲ꪿ꪙ,True
rinh,ꪜꪲ꪿ꪙ,True
xoáy,ꪜꪲ꪿ꪙ ꪹꪁꪱ꫁,False
quay từ từ,ꪜꪲꪙ ꪋ꫁ꪱꪫ ꪋ꫁ꪱꪫ,False
quay ngái từ,ꪜꪲꪙ ꪋ꫁ꪱꪫ ꪋ꫁ꪱꪫ,True
nháo nhào,ꪜꪲ꪿ꪙ ꪹꪣꪱ,False
nhắt nhào,ꪜꪲ꪿ꪙ ꪹꪣꪱ,True
quay lơ,ꪜꪲ꪿ꪙ ꪶꪣꪙ,False
tức tốc,ꪜꪲ꪿ꪙ ꪶꪣꪙ,False
"phên, tốc",ꪜꪲ꪿ꪙ ꪶꪣꪙ,True
quay,ꪜꪲ꪿ꪙ ꪜꪸ,False
quay,ꪹꪠꪷꪙ ꪜꪸ,True
cúng tế,ꪜꪲ꪿ꪙ ꪜꪺ,False
thờ phụng,ꪜꪲ꪿ꪙ ꪜꪺ,False
thờ phụng,ꪜꪲ꪿ꪙ ꪥꪴꪉ,True
thờ đẫn,ꪜꪲ꪿ꪙ ꪜꪺ,True
tuần tự từng người một,ꪜꪲ꪿ꪙ ꪫꪸꪙ,False
"tuần tự tà chà, rịch,",ꪜꪲ꪿ꪙ ꪫꪸꪙ,True
"bặt, thít",ꪜꪲ꫁ꪙ,False
"bặt, đùn",ꪣ꫁ꪮꪙ,True
"sái lũy,",ꪜꪲ꫁ꪙ,True
lộn,ꪜꪲ꫁ꪙ,False
cộc,ꪜꪲ꫁ꪙ,True
"đảo, đảo lại",ꪜꪲ꫁ꪙ,False
thịt đảo lại,ꪜꪲ꫁ꪙ,True
kìm đảo lại,ꪜꪲ꫁ꪙ,True
quanh,ꪜꪲ꫁ꪙ,False
quanh,ꪕꪱ,True
quẹo,ꪜꪲ꫁ꪙ,False
thuổng,ꪜꪲ꫁ꪙ,True
ngược,ꪜꪲ꫁ꪙ,False
xọ,ꪜꪲ꫁ꪙ,False
xuýt,ꪜꪲ꫁ꪙ,False
"lộn tùng phèo, lộn phèo",ꪜꪲ꫁ꪙ ꪊ꫁ꪮꪙ,False
"lộn đắp, phèo, lộn phèo",ꪜꪲ꫁ꪙ ꪊ꫁ꪮꪙ,True
"uổng, ngoẹo phèo, lộn phèo",ꪜꪲ꫁ꪙ ꪊ꫁ꪮꪙ,True
nhào,ꪜꪲ꫁ꪙ ꪊ꫁ꪮꪙ,False
nhào,ꪜꪲ꫁ꪙ ꪀꪨꪴ꪿ꪀ,True
mậu,ꪒ꫁ꪱꪉ ꪊ꫁ꪮꪙ,True
bổ nhào,ꪜꪲ꫁ꪙ ꪄ꫁ꪺꪣ,False
"bổ chắc,",ꪜꪲ꫁ꪙ ꪄ꫁ꪺꪣ,True
lật nhào,ꪜꪲ꫁ꪙ ꪄ꫁ꪺꪣ,False
lật mỏ,ꪜꪲ꫁ꪙ ꪄ꫁ꪺꪣ,True
đảo ngược,ꪜꪲ꫁ꪙ ꪹꪩꪱ꪿,False
đảo trói,ꪜꪲ꫁ꪙ ꪹꪩꪱ꪿,True
quặn quẹo,ꪜꪲ꫁ꪙ ꪵꪜ꫁,False
thái quẹo,ꪜꪲ꫁ꪙ ꪵꪜ꫁,True
"quanh co, loanh quanh",ꪜꪲ꫁ꪙ ꪵꪜ꫁,False
"chốc co, loanh chọn,",ꪜꪲ꫁ꪙ ꪵꪜ꫁,True
ngoằn ngoèo,ꪜꪲ꫁ꪙ ꪵꪜ꫁,False
bằn bặt,ꪜꪲ꫁ꪙ ꪜꪲ꫁ꪙ,False
lật lại vấn đề,ꪜꪲ꫁ꪙ ꪁꪫꪱꪣ,False
gõ lại nạp đề,ꪜꪲ꫁ꪙ ꪁꪫꪱꪣ,True
lật ngược,ꪜꪲ꫁ꪙ ꪏꪩꪰꪀ,False
lật ngược,ꪜꪲ꫁ꪙ ꪮꪴ꫁ꪣ,True
đổ riệt,ꪜꪲ꫁ꪙ ꪏꪩꪰꪀ,False
bòn mót,ꪝꪲꪙ,False
bòn vạm,ꪝꪲꪙ,True
"cóp nhặt, bòn nhặt",ꪝꪲꪙ ꪶꪝꪥ,False
"ngờ nhặt, bòn thỗn",ꪝꪲꪙ ꪶꪝꪥ,True
"cóp nhặt, bòn kéo",ꪝꪲꪙ ꪶꪝꪥ,True
"vẽ chuyện, vẽ vời",ꪝꪲꪙ ꪁꪫꪱꪣ,False
vẽ két roi vời,ꪝꪲꪙ ꪁꪫꪱꪣ,True
đỉa,ꪜꪲꪉ,False
đà rầm,ꪜꪲꪉ,False
đà rụng,ꪜꪲꪉ,True
nướng,ꪜꪲ꫁ꪉ,False
ù,ꪝꪲꪉ ꪝꪲꪉ,False
lệnh,ꪝꪲꪉ ꪝꪲꪉ,True
bóng bàn,ꪝꪲꪉ ꪝ꪿ꪮꪉ,False
hiên,ꪜꪲꪚ,False
hiên,ꪹꪁꪸꪩꪒ,True
nhánh,ꪜꪲꪚ,False
"hộ,",ꪜꪲꪚ,True
"hái, bứt, vặt, ngắt",ꪜꪲꪒ,False
"hái, bứt, vặt, ngắt",ꪋ꫁ꪮꪙ,True
rời,ꪜꪲꪒ,False
dứt,ꪜꪲꪒ,False
gạt,ꪜꪲꪒ ꪜ꪿ꪱꪥ,False
"rời miệng, dứt lời",ꪜꪲꪒ ꪶꪎꪚ,False
"rời miệng, dứt chiết",ꪜꪲꪒ ꪶꪎꪚ,True
rời mâm,ꪜꪲꪒ ꪶꪎꪚ,False
rời mâm,ꪵꪚꪣ ꪶꪎꪚ,True
xô đẩy,ꪜꪲꪒ ꪎꪴꪥ,False
xô đẩy,ꪎ꫁ꪮꪉ ꪤ꪿ꪱꪉ,True
bay,ꪜꪲꪫ,False
"bôi bác, nhuế nhóa, quyềnh quàng",ꪝꪩꪱꪣ ꪝꪩꪱ,False
"nhiễu bác, nhuế nhóa, đỡm quàng",ꪝꪩꪱꪣ ꪝꪩꪱ,True
"lơ mơ, lờ mờ",ꪝꪩꪱꪣ ꪝꪩꪱ,False
"chấp chới, lờ mờ",ꪝꪩꪱꪣ ꪝꪩꪱꪣ,False
"chấp hơi, lờ mờ",ꪝꪩꪱꪣ ꪝꪩꪱꪣ,True
lem lém,ꪝꪩꪱꪣ ꪝꪩꪲꪣ,False
lam nham,ꪝꪩꪱꪣ ꪝꪩꪲꪣ,False
"vút, nhanh như cắt",ꪵꪜꪨꪚ,False
bằng nhanh như cắt,ꪵꪜꪨꪚ,True
lém,ꪵꪜꪨꪚ,False
chán,ꪵꪜꪨꪚ,True
"chớp, chớp nhoáng, nhoang nhoáng, nhay nháy",ꪜꪨꪱꪚ ꪹꪨ꫁ꪣ,False
"chớp, nghiêng nhoáng, cỏi, nhoáng, gián nháy",ꪜꪨꪱꪚ ꪹꪨ꫁ꪣ,True
"chớp, chớp nhoáng, ngầm nhoáng, nhay nháy",ꪜꪨꪱꪚ ꪹꪨ꫁ꪣ,True
chớp nhoáng,ꪜꪨꪱꪚ ꪜꪨꪲꪚ,False
khò nhoáng,ꪜꪨꪱꪚ ꪜꪨꪲꪚ,True
chớp nết,ꪜꪨꪱꪚ ꪜꪨꪲꪚ,True
chí chóe,ꪹꪝꪩꪱ ꪹꪝꪩꪱ,False
"chí có,",ꪹꪝꪩꪱ ꪹꪝꪩꪱ,True
om sòm,ꪹꪝꪩꪱ ꪹꪝꪩꪱ,False
om lệnh,ꪹꪝꪩꪱ ꪹꪝꪩꪱ,True
giâm sòm,ꪹꪝꪩꪱ ꪹꪝꪩꪱ,True
"loe lét, nhom nhem",ꪵꪝꪩꪣ ꪵꪝꪩꪣ,False
"nghẹ lét, nhom nhem",ꪵꪝꪩꪣ ꪉꪺꪉ,True
"loe lét, nhom phắt",ꪵꪝꪩꪣ ꪵꪝꪩꪣ,True
đét,ꪵꪜꪘ꫁ꪫ,False
"sờ sờ, trờ trờ",ꪜꪈ꫁ꪮꪉ ꪵꪜꪈ꫁ꪉ,False
sờ dứa trờ trờ,ꪖꪴ ꪵꪜꪈ꫁ꪉ,True
thanh la,ꪝꪉꪮꪉ,False
"thanh trộn,",ꪝꪉꪮꪉ,True
thanh răng,ꪝꪉꪮꪉ,True
"sờ sờ, trờ trờ",ꪶꪜꪈ꫁ꪉ ꪹꪜꪸꪈ꫁ꪉ,False
eo sèo,ꪝꪙꪲꪉ ꪝꪙꪲꪉ,False
eo màn,ꪬꪷ꪿ ꪖ꫁ꪱꪫ,True
nhao nhao,ꪝꪙꪺ ꪝꪙꪺ,False
đùng nhao,ꪝꪙꪺ ꪝꪙꪺ,True
hốc nhao,ꪝꪙꪺ ꪝꪙꪺ,True
gió,ꪜꪷ,False
vỏ,ꪜꪷ꫁,False
đủ,ꪝꪷ,False
đến nỗi,ꪝꪷ,False
"thỏa, toại",ꪝꪷ,False
"thỏa, bí,",ꪝꪷ,True
cương toại,ꪝꪷ,True
mới,ꪝꪷ,False
mới,ꪵꪔ꪿ꪉ,True
"thỏa lòng, thỏa chí, toại chí",ꪝꪷ ꪻꪊ,False
"thỏa lòng, ngồi...) chí, toại chí",ꪝꪷ ꪻꪊ,True
"bằn lòng, đáu chí, toại chí",ꪝꪷ ꪻꪊ,True
thỏa thích,ꪝꪷ ꪻꪊ,False
đủ quá,ꪝꪷ ꪡꪰꪉ,False
thấm mệt,ꪝꪷ ꪡꪰꪉ,False
thấm rựa,ꪝꪷ ꪨꪴ꪿ꪀ,True
thấm mệt,ꪝꪷ ꪭꪸ꪿ꪫ,True
"trống, đực",ꪝꪷ꪿,False
"cha, thầy",ꪝꪷ꪿,False
"thế, thầy",ꪝꪷ꪿,True
"cha, thầy",ꪒꪲ꫁,True
"ông, viên",ꪝꪷ꪿,False
cha,ꪝꪷ꪿ ꪮ꫁ꪱꪥ,False
cha,ꪝꪷ꪿ ꪩꪾ꪿,True
cha,ꪝꪷ꪿ ꪀꪨꪴ꫁ꪙ,True
chồng,ꪝꪷ꪿ ꪮ꫁ꪱꪥ,False
bùng,ꪝꪷ꪿ ꪮ꫁ꪱꪥ,True
nhân tình,ꪝꪷ꪿ ꪋꪴ꫁,False
nhân ngạc,ꪝꪷ꪿ ꪋꪴ꫁,True
"gia trưởng, trưởng gia",ꪝꪷ꪿ ꪹꪭꪙ,False
ông bác,ꪝꪷ꪿ ꪩꪴꪉ,False
"cha mẹ, thầy mẹ, bác mẹ",ꪝꪷ꪿ ꪵꪣ꪿,False
"cha nhếu thầy đoản, bác mẹ",ꪝꪷ꪿ ꪶꪨ꪿ꪣ,True
"sáng, mẹ, thầy mẹ, bác mẹ",ꪎꪸ꫁ꪣ ꪵꪣ꪿,True
ông bà,ꪝꪷ꪿ ꪵꪣ꪿,False
ông bà,ꪶꪚ꪿ꪥ ꪵꪣ꪿,True
bà con,ꪝꪷ꪿ ꪵꪣ꪿,False
bố chồng,ꪝꪷ꪿ ꪜꪴ꪿,False
bố thẳm,ꪝꪷ꪿ ꪏꪩꪲ꫁ꪀ,True
bố vợ,ꪝꪷ꪿ ꪔꪱ,False
đàn ông,ꪝꪷ꪿ ꪼꪕ,False
đàn ngạt,ꪝꪷ꪿ ꪼꪕ,True
ông,ꪝꪷ꪿ ꪼꪕ,False
chủ nhân,ꪝꪷ꪿ ꪼꪕ ꪹꪭꪙ,False
"chủ phương,",ꪜꪲ꪿ ꪼꪕ ꪹꪭꪙ,True
ông chủ gia đình,ꪝꪷ꪿ ꪼꪕ ꪹꪭꪙ,False
"ông sờ, gia đình",ꪝꪷ꪿ ꪼꪕ ꪹꪭꪙ,True
gặp,ꪝꪷ꫁,False
bạ,ꪝꪷ꫁,False
gặp mặt,ꪝꪷ꫁ ꪘ꫁ꪱ,False
vóc,ꪜ꪿ꪮꪀ,False
"vóc lĩnh, gấm vóc",ꪜ꪿ꪮꪀ ꪩꪲ꫁ꪉ,False
"vóc lĩnh, gấm vóc",ꪚꪷ ꪩꪲ꫁ꪉ,True
"vóc lĩnh, gấm cúp,",ꪜ꪿ꪮꪀ ꪮꪾꪚ,True
chùn chụt,ꪜ꪿ꪮꪀ ꪜ꪿ꪮꪀ,False
chùn chụt,ꪶꪯ ꪜ꪿ꪮꪀ,True
nói chọc,ꪝ꫁ꪮꪀ,False
thúc chọc,ꪝ꫁ꪮꪀ,True
bả,ꪜꪮꪥ,False
thả,ꪜ꪿ꪮꪥ,False
xả,ꪜ꪿ꪮꪥ,False
phóng thích,ꪜ꪿ꪮꪥ,False
phóng bầy,ꪜ꪿ꪮꪥ,True
tha bổng,ꪜ꪿ꪮꪥ ꪎꪱ,False
tha nhịn,ꪜ꪿ꪮꪥ ꪎꪱ,True
tha bổng,ꪜ꪿ꪮꪥ ꪎꪳ,True
khâu,ꪜꪮꪀ,False
"đêm,",ꪚꪴ,True
vòng,ꪜꪮꪀ,False
"bóc, róc",ꪜꪮꪀ,False
"bóc, vó,",ꪜꪮꪀ,True
vòng cổ,ꪜꪮꪀ ꪁꪷ,False
thoại cổ,ꪜꪮꪀ ꪁꪷ,True
vòng tay,ꪜꪮꪀ ꪵꪄꪙ,False
bóc lột,ꪜꪮꪀ ꪩꪮꪀ,False
"trần truồng, lõa đồ",ꪜꪮꪀ ꪹꪜꪥ,False
"têu truồng, lõa đồ",ꪜꪮꪀ ꪹꪜꪥ,True
"trần truồng, lụ, đồ",ꪜꪮꪀ ꪹꪜꪥ,True
đắp,ꪝꪮꪀ,False
be,ꪝꪮꪀ,False
cạp,ꪝꪮꪀ,False
bám đầy,ꪝꪮꪀ,False
đén đầy,ꪝꪮꪀ,True
bám lạy,ꪝꪮꪀ,True
cái,ꪜꪮꪣ,False
quả,ꪜꪮꪣ,False
ngước,ꪜꪮꪣ,True
"muối,",ꪜꪮꪣ,True
"giả bộ, giả sách",ꪜꪮꪣ,False
"mền rễ, giả sách",ꪜꪮꪣ,True
"giả dạng, giả hình",ꪜꪮꪣ,False
giả mạo,ꪜꪮꪣ,False
"gò đất, đống đất",ꪜꪮꪣ ꪝꪩ꫁ꪮꪀ,False
"gò đất, lẻo đất",ꪜꪮꪣ ꪝꪩ꫁ꪮꪀ,True
cái đầu không,ꪜꪮꪣ ꪝꪩ꫁ꪮꪀ,False
cái đầu dễ,ꪜꪮꪣ ꪝꪩ꫁ꪮꪀ,True
đầu lâu,ꪜꪮꪣ ꪝꪩ꫁ꪮꪀ,False
"đầu xoạc,",ꪜꪮꪣ ꪬꪸꪒ,True
tì,ꪜ꪿ꪮꪣ,False
"khí,",ꪜ꪿ꪮꪣ,True
tì,ꪏ꫁ꪱꪥ,True
sao,ꪜ꪿ꪮꪣ,False
cục chì,ꪜ꪿ꪮꪣ ꪹꪚꪸꪒ,False
tròn,ꪜ꫁ꪮꪣ,False
hình cầu,ꪜ꫁ꪮꪣ,False
tròn tròn,ꪜ꫁ꪮꪣ ꪮꪢꪮꪀ,False
thê tròn,ꪜ꫁ꪮꪣ ꪮꪢꪮꪀ,True
"tròn nhớt,",ꪜ꫁ꪮꪣ ꪮꪢꪮꪀ,True
tròn trĩnh,ꪜ꫁ꪮꪣ ꪜꪲ꪿ꪉ,False
kháy trĩnh,ꪜ꫁ꪮꪣ ꪜꪲ꪿ꪉ,True
bầu bĩnh,ꪜ꫁ꪮꪣ ꪜꪲ꪿ꪉ,False
cuộn tròn,ꪜ꫁ꪮꪣ ꪜꪮꪀ,False
tĩnh tròn,ꪜ꫁ꪮꪣ ꪜꪮꪀ,True
cuộn nậm,ꪜ꫁ꪮꪣ ꪀ꫁ꪱꪫ,True
"thùm thùm, thòm thòm",ꪝ꪿ꪮꪣ ꪝ꪿ꪮꪣ,False
"thùm thùm, thòm thòm",ꪹꪁ꪿ꪣ ꪝ꪿ꪮꪣ,True
"thùm thùm, thòm thòm",ꪝ꪿ꪮꪣ ꪮꪱꪙ,True
"cùng, đồng",ꪝ꫁ꪮꪣ,False
chung,ꪝ꫁ꪮꪣ,False
rốn,ꪝ꫁ꪮꪣ,True
chung,ꪮꪴꪀ,True
đều,ꪝ꫁ꪮꪣ,False
"đồng tâm, đồng lòng",ꪝ꫁ꪮꪣ ꪻꪊ,False
"đồng tâm, đồng xọp",ꪝ꫁ꪮꪣ ꪏ꫁ꪱꪥ,True
nhất tề,ꪝ꫁ꪮꪣ ꪘ꫁ꪱ,False
nhất bỏng,ꪝ꫁ꪮꪣ ꪘ꫁ꪱ,True
lau nhau,ꪝ꫁ꪮꪣ ꪵꪝ꪿ꪉ,False
lau nhau,ꪎꪸ꪿ꪫ ꪵꪝ꪿ꪉ,True
răm rắp,ꪝ꫁ꪮꪣ ꪝꪾꪚ,False
bón,ꪜ꫁ꪮꪙ,False
bú mớm,ꪜ꫁ꪮꪙ ꪣ꪿ꪱꪣ,False
"nhàu, mớm",ꪜ꫁ꪮꪙ ꪣ꪿ꪱꪣ,True
bú dự,ꪜ꫁ꪮꪙ ꪣ꪿ꪱꪣ,True
chăm chút,ꪜ꫁ꪮꪙ ꪶꪎꪚ,False
chăm chút,ꪜ꫁ꪮꪙ ꪶꪊꪒ,True
"dù cho, dầu cho",ꪜꪮꪉ ꪫ꪿ꪱ,False
"dù cho, dầu chỏm,",ꪜꪮꪉ ꪫ꪿ꪱ,True
khoảng trống,ꪜ꪿ꪮꪉ,False
neo loã,ꪜ꪿ꪮꪉ,True
khoảng ꪔꪰ꫁ꪉ,ꪜ꪿ꪮꪉ,True
gặp lại,ꪜ꪿ꪮꪉ,False
phản ánh,ꪜ꪿ꪮꪉ,False
vận vào,ꪜ꪿ꪮꪉ,False
vận ghẻ,ꪜ꪿ꪮꪉ,True
điềm,ꪜ꪿ꪮꪉ,False
điềm,ꪶꪏꪩꪚ,True
gặp gỡ,ꪜ꪿ꪮꪉ ꪖꪮꪉ,False
"quá, gỡ",ꪜ꪿ꪮꪉ ꪖꪮꪉ,True
"gióng, đốt, đẵn",ꪜ꫁ꪮꪉ,False
"ráng đốt, vòm",ꪹꪯ꫁ꪀ,True
ngấn,ꪜ꫁ꪮꪉ,False
lùa,ꪜ꫁ꪮꪉ,False
"phồng, phùng, rộp",ꪝꪮꪉ,False
phính,ꪝꪮꪉ,False
"kếch, kềnh",ꪝꪮꪉ,False
phập phồng,ꪝꪮꪉ ꪛꪱꪚ,False
phập ngong,ꪝꪮꪉ ꪛꪱꪚ,True
"phập tật,",ꪝꪮꪉ ꪛꪱꪚ,True
bọng,ꪝꪮꪉ ꪶꪩꪣ,False
bọng,ꪹꪁꪸ꪿ꪫꪥ ꪶꪩꪣ,True
bọng đái,ꪝꪮꪉ ꪵꪙ꪿ꪫ,False
bọng lả,ꪝꪮꪉ ꪁꪳꪒ,True
phung phúng,ꪝꪮꪉ ꪯꪥꪮꪒ,False
rộp mọng nước,ꪝꪮꪉ ꪮꪷ꫁ ꪔꪷ꫁,False
rộp mọng nước,ꪝꪮꪉ ꪮꪷ꫁ ꪹꪤꪱ,True
rộp mọng xiêu,ꪝꪮꪉ ꪮꪷ꫁ ꪔꪷ꫁,True
phinh pính,ꪝꪮꪉ ꪮꪷ꫁ ꪔꪷ꫁,False
phinh pính,ꪝꪮꪉ ꪶꪭ꫁ ꪔꪷ꫁,True
"lõng bõng, lõng võng, lỏng vỏng",ꪝꪮꪉ ꪝ꪿ꪱꪫ,False
"lõng xan lõng võng, nuôi vỏng",ꪝꪮꪉ ꪝ꪿ꪱꪫ,True
"lõng bõng, lõng dúm, cáo, cũng",ꪝꪮꪉ ꪝ꪿ꪱꪫ,True
mò,ꪝꪮꪉ ꪝꪲ꪿,False
nói bập bẹ,ꪝ꫁ꪮꪉ,False
"soi, lướt bẹ",ꪝ꫁ꪮꪉ,True
nói tiếng lóng,ꪝ꫁ꪮꪉ ꪅ꫁ꪱꪉ,False
dảnh tiếng lóng,ꪝ꫁ꪮꪉ ꪅ꫁ꪱꪉ,True
đánh vần,ꪝ꫁ꪮꪉ ꪎꪳ,False
nhắc,ꪝꪮꪚ,False
nhắc nhỏm,ꪝꪮꪚ ꪝꪾ꪿,False
nhắc nhỏm,ꪝꪮꪚ ꪁꪴꪚ,True
phổi,ꪜꪮꪒ,False
xài,ꪜꪮꪒ,True
lành,ꪜꪮꪒ,False
quân,ꪜꪮꪒ,True
nguyên lành,ꪜꪮꪒ,False
lành lặn,ꪜꪮꪒ ꪎꪲꪒ,False
"lành kêu,",ꪜꪮꪒ ꪎꪲꪒ,True
cây đa,ꪶꪝ,False
"tại, bởi, do",ꪶꪝ꫁,False
"gói bởi, do",ꪶꪝ꫁,True
"bởi thế, bởi vậy",ꪶꪝ꫁ ꪹꪋꪸ꫁ꪙ,False
"khàn thế, bởi vậy",ꪶꪝ꫁ ꪹꪋꪸ꫁ꪙ,True
"đườn thế, bởi vậy",ꪹꪒ꫁ꪉ ꪹꪋꪸ꫁ꪙ,True
"tại sao, cớ sao, bởi sao",ꪶꪝ꫁ ꪏꪳ,False
"tại sao, cớ xòe bởi sao",ꪶꪝ꫁ ꪏꪳ,True
"tại sao, cớ vào bởi lừng,",ꪶꪝ꫁ ꪏꪳ,True
bập,ꪶꪜ꪿ꪀ,False
đốp,ꪶꪜ꪿ꪀ,False
"buổi,",ꪶꪜ꪿ꪀ,True
đậy,ꪶꪜ꪿ꪀ,False
đội,ꪶꪜ꪿ꪀ,False
"trùm, phủ",ꪶꪜ꪿ꪀ,False
tanh phủ,ꪶꪜ꪿ꪀ,True
đậy điệm,ꪶꪜ꪿ꪀ ꪉꪺꪣ,False
bao bọc,ꪶꪜ꪿ꪀ ꪉꪺꪣ,False
rút bọc,ꪶꪜ꪿ꪀ ꪉꪺꪣ,True
"rấm bếp, ủ bếp",ꪶꪜ꪿ꪀ ꪼꪡ,False
"trám bếp, ủ bếp",ꪶꪜ꪿ꪀ ꪼꪡ,True
"rấm bếp, ủ bếp",ꪎ꫁ꪱꪣ ꪼꪡ,True
đôm đốp,ꪶꪜ꪿ꪀ ꪶꪜ꪿ꪀ,False
"dậu như,",ꪖꪲ ꪶꪜ꪿ꪀ,True
lòng,ꪶꪝ꫁ꪀ,False
ủ,ꪶꪝ꫁ꪀ,False
mớ,ꪶꪜ꫁ꪥ,False
búi,ꪶꪜ꫁ꪥ,False
"bết, bê bết",ꪶꪝꪥ,False
khênh bê nhếc,ꪵꪁ,True
"tuôn, tuôn trào",ꪶꪝꪥ,False
"tuôn, tuôn trào",ꪹꪮꪱ꫁,True
bồ,ꪶꪝ꫁ꪥ,False
bồ bịch,ꪶꪝ꫁ꪥ ꪵꪝ꪿ꪉ,False
mả dẻ,ꪶꪝ꫁ꪥ ꪵꪝ꪿ꪉ,True
vỏ quả bầu khô,ꪶꪜꪀ,False
vỏ quả bầu khô,ꪵꪎ꫁,True
bỏng,ꪶꪜꪀ,False
"xước, sướt",ꪶꪜꪀ,False
"rủi, sướt",ꪯꪸ,True
đấm sướt,ꪁꪩ꫁ꪮꪀ,True
trầy trụa,ꪶꪜꪀ ꪜ꫁ꪱꪫ,False
bùm,ꪶꪝ꪿ꪣ,False
tán,ꪶꪜ꪿ꪙ,False
giằm,ꪶꪜ꪿ꪙ,False
giã,ꪶꪜ꪿ꪙ,False
tở,ꪶꪜ꪿ꪙ,True
giã,ꪶꪜ꪿ꪙ,False
nhổ,ꪶꪝ꪿ꪙ,False
qua,ꪶꪝ꫁ꪙ,False
"vượt, qua",ꪶꪝ꫁ꪙ,False
"vượt, vội",ꪶꪝ꫁ꪙ,True
trội,ꪶꪝ꫁ꪙ,False
neo,ꪶꪝ꫁ꪙ,True
cân ta,ꪶꪜꪉ,False
cấm ta,ꪶꪜꪉ,True
mẹp ta,ꪶꪜꪉ,True
bắc,ꪶꪜꪉ,False
mừng,ꪶꪜꪉ,True
đặt,ꪶꪜꪉ,False
hội,ꪶꪜꪉ,True
táng,ꪶꪜꪉ,False
dồn,ꪶꪜꪉ,False
"lè,",ꪶꪜꪉ,True
dồn,ꪤ꫁ꪱꪣ,True
ra,ꪶꪜꪉ,False
tanh,ꪶꪜꪉ,True
diện,ꪶꪜꪉ,True
"để ý, để tâm",ꪶꪜꪉ ꪻꪊ,False
nặng lòng,ꪶꪜꪉ ꪻꪊ,False
"nặng víu,",ꪶꪜꪉ ꪻꪊ,True
dồn sức,ꪶꪜꪉ ꪵꪭꪉ,False
ra tay,ꪶꪜꪉ ꪣꪳ,False
ra tay,ꪭꪰꪒ ꪣꪳ,True
đặt chân,ꪶꪜꪉ ꪔꪲꪙ,False
"chính, chân",ꪶꪜꪉ ꪔꪲꪙ,True
"đặt mình, đặt lưng",ꪶꪜꪉ ꪶꪔ,False
"đặt mình, miến lưng",ꪶꪜꪉ ꪶꪔ,True
"lúm mình, bấy lưng",ꪶꪜꪉ ꪶꪔ,True
mọc,ꪶꪜ꪿ꪉ,False
mọc,ꪶꪯ꪿-ꪶꪥ,True
trổ,ꪶꪜ꪿ꪉ,False
trổ,ꪀꪨꪴ꪿ꪀ,True
"nảy, nảy nở",ꪶꪜ꪿ꪉ ꪼꪄ,False
"nảy, liệm nở",ꪶꪜ꪿ꪉ ꪼꪄ,True
nở hoa,ꪶꪜ꪿ꪉ ꪼꪄ,False
than hoa,ꪶꪜ꪿ꪉ ꪼꪄ,True
nở hoa,ꪵꪭ ꪼꪄ,True
đâm chồi,ꪶꪜ꪿ꪉ ꪑꪮꪒ,False
bay phấp phới,ꪶꪜ꪿ꪉ ꪜꪲꪫ,False
"bay lờ, phái",ꪶꪜ꪿ꪉ ꪜꪲꪫ,True
bay thẫm phới,ꪶꪜ꪿ꪉ ꪜꪲꪫ,True
bùn,ꪶꪝꪉ,False
lầy,ꪶꪝꪉ,False
"thành, lợi",ꪶꪝ꫁ꪉ,False
"thành, lợi",ꪵꪒꪫ,True
"kiêm, trùng",ꪶꪝꪚ,False
"kiêm, sắp",ꪶꪝꪚ,True
kèm theo,ꪶꪝꪚ,False
"kèm khùng,",ꪶꪝꪚ,True
hội ngộ,ꪶꪝꪚ,False
dồn,ꪶꪝꪚ ꪝꪱꪙ,False
thu hoạch,ꪶꪜꪒ,False
buông,ꪶꪜꪒ,False
"bỏ, ngả",ꪶꪜꪒ,False
trật,ꪶꪜꪒ,False
đậy,ꪶꪜꪒ,True
gỡ,ꪶꪜꪒ,False
"cất, bãi, truất",ꪶꪜꪒ,False
bục,ꪶꪜꪒ,False
bục,ꪨꪲ꪿,True
bục,ꪩꪺ,True
"toạc, bung",ꪶꪜꪒ,False
"toạc, loang",ꪶꪜꪒ,True
đeo chắc,ꪶꪜꪒ,True
mãn tang,ꪶꪜꪒ ꪤ꪿ꪱꪫ,False
mãn vớt,ꪶꪜꪒ ꪤ꪿ꪱꪫ,True
quai bị,ꪹꪝꪷ꪿,False
quai nổi,ꪹꪝꪷ꪿,True
mậu,ꪹꪜꪷ꪿ꪀ,False
vỏ lụa,ꪹꪝꪷꪥ,False
thả,ꪹꪝꪷ꪿ꪥ,False
thả cửa,ꪹꪝꪷ꪿ꪥ,False
nhả,ꪹꪜꪷꪀ,False
xoẳn,ꪹꪜꪷꪀ,False
suông,ꪹꪜꪷꪀ,False
"đống, bãi",ꪹꪜꪷꪣ,False
"đống, tiến,",ꪹꪜꪷꪣ,True
cót,ꪹꪝꪷꪙ,False
đều,ꪹꪝꪷꪉ,False
"đồng đều, cân đối",ꪹꪝꪷꪉ,False
đắc ý,ꪹꪝꪷꪉ ꪻꪊ,False
tựa,ꪹꪝꪷ꪿ꪉ,False
tựa,ꪹꪄꪥ,True
tựa,ꪶꪏꪉ,True
"nương, cậy",ꪹꪝꪷ꪿ꪉ,False
"nương, cậy",ꪙ꪿ꪮꪥ,True
"nương, cậy",ꪀ꫁ꪫꪱ,True
nương nhờ,ꪹꪝꪷ꪿ꪉ ꪻꪊ,False
"nương tựa, nương cậy",ꪹꪝꪷ꪿ꪉ ꪮꪲꪉ,False
"nương tựa, nương kì",ꪹꪝꪷ꪿ꪉ ꪮꪲꪉ,True
"nương tựa, nương cậy",ꪹꪝꪷ꪿ꪉ ꪹꪏꪸꪉ,True
mảng,ꪹꪝꪷ꫁ꪉ,False
nổ,ꪹꪝꪷ꫁ꪉ,True
"xăng,",ꪹꪝꪷ꫁ꪉ,True
cánh,ꪹꪜꪷꪚ,False
thoai thoải,ꪹꪝꪷꪚ,False
"chán, ngán",ꪹꪜꪷꪒ,False
"chán, súc,",ꪹꪜꪷꪒ,True
chán ngấy,ꪹꪜꪷꪒ ꪹꪚ꪿,False
chán ngấy,ꪎꪳ꪿ ꪐꪴꪥ,True
chán chê,ꪹꪜꪷꪒ ꪹꪚ꪿,False
"chán sàn,",ꪵꪬꪚ ꪹꪚ꪿,True
chán chường,ꪹꪜꪷꪒ ꪹꪚ꪿,False
chán chường,ꪼꪫ꫁ ꪹꪚ꪿,True
chán quàng,ꪹꪜꪷꪒ ꪹꪚ꪿,True
chán phè,ꪹꪜꪷꪒ ꪊ꪿ꪱꪉ,False
chán phè,ꪹꪮꪸ꪿ꪀ ꪊ꪿ꪱꪉ,True
chán tại,ꪹꪜꪷꪒ ꪬꪴ,False
chán pính,ꪹꪜꪷꪒ ꪬꪴ,True
chán ghét,ꪹꪜꪷꪒ ꪘ꪿ꪱꪥ,False
súm ghét,ꪹꪜꪷꪒ ꪭꪱꪉ,True
chĩa lường,ꪹꪜꪷꪒ ꪘ꪿ꪱꪥ,True
chán mắt,ꪹꪜꪷꪒ ꪔꪱ,False
"chán bụng,",ꪹꪜꪷꪒ ꪔꪱ,True
tô mắt,ꪹꪜꪷꪒ ꪔꪱ,True
cua,ꪜꪴ,False
"giải, trải",ꪜꪴ,False
"quang tay,",ꪜꪴ,True
"thẳm, trải",ꪜꪴ,True
"rạp, lướt",ꪜꪴ,False
"rạp, xám",ꪜꪴ,True
cua biển,ꪜꪴ ꪹꪚꪸ꫁,False
cua nước,ꪜꪴ ꪬ꫁ꪺꪥ,False
cua đồng,ꪜꪴ ꪙꪱ,False
lỉnh đồng,ꪜꪴ ꪙꪱ,True
cua cá,ꪜꪴ ꪜꪱ,False
"cua lột, cua bấy, cua dẽ",ꪜꪴ ꪹꪜꪷ꫁ꪙ,False
"cua lột, đây, bấy, cua dẽ",ꪜꪴ ꪹꪜꪷ꫁ꪙ,True
"ngoặt lột, cua bấy, cua dẽ",ꪜꪴ ꪹꪜꪷ꫁ꪙ,True
ông nội,ꪜꪴ꪿,False
ông tĩnh,ꪜꪴ꪿,True
cụ nội,ꪜꪴ꪿ ꪹꪋ꫁,False
ông bà nội,ꪜꪴ꪿ ꪥ꪿ꪱ,False
"ông bà mó,",ꪜꪴ꪿ ꪥ꪿ꪱ,True
"núi, đồi, núi non",ꪝꪴ,False
"núi, già, núi non",ꪝꪴ,True
"núi, đồi, núi non",ꪹꪊꪱ꪿,True
dốc,ꪝꪴ,False
xen,ꪝꪴ,True
láu,ꪜꪴ,True
trầu,ꪝꪴ,False
trầu không lá to,ꪝꪴ ꪋꪺꪉ,False
"bội, không lá to",ꪝꪴ ꪋꪺꪉ,True
"giỏ, không lá to",ꪝꪴ ꪋꪺꪉ,True
núi non,ꪝꪴ ꪹꪄꪱ,False
núi non,ꪝꪴ ꪒ꪿ꪱꪙ,True
trầu không lá nhỏ,ꪝꪴ ꪵꪝ,False
trầu thết lá nhỏ,ꪝꪴ ꪵꪝ,True
núi lửa,ꪝꪴ ꪼꪡ,False
hoắc,ꪝꪴ ꪝꪴ,False
xoài,ꪝꪴ ꪝꪴ,True
vua,ꪜꪺ,False
"mang, mang theo",ꪜꪺ,False
phụng dưỡng,ꪜꪺ,False
rỏ dưỡng,ꪜꪺ,True
cúng ma,ꪜꪺ,False
cúng khục,ꪜꪺ,True
vua quan,ꪜꪺ ꪀꪫꪱꪙ,False
"tướng, quan",ꪜꪺ ꪀꪫꪱꪙ,True
mấc quan,ꪜꪺ ꪀꪫꪱꪙ,True
"đỡ, nâng, nưng",ꪝꪺ,False
"choảng nâng, nưng",ꪝꪺ,True
chùm,ꪝ꫁ꪺ,False
hạ,ꪝ꫁ꪺ,True
xâu,ꪝ꫁ꪺ,False
nhâu nhâu,ꪝ꫁ꪺ,False
"dựng, cất",ꪜꪴ꪿ꪀ,False
"dựng, cất",ꪬꪲ,True
"dựng, ram",ꪜꪴ꪿ꪀ,True
đánh thức: púc lụk pày ép sừ: đánh thức con đi học,ꪜꪴ꪿ꪀ,False
đánh thức: púc lụk pày ép sừ: cử thức con đi học,ꪜꪴ꪿ꪀ,True
đánh thức: púc lụk pày ép sừ: đánh thức con bõm ngồi...),ꪜꪴ꪿ꪀ,True
"bốc, xông",ꪜꪴ꪿ꪀ,False
lim xông,ꪜꪴ꪿ꪀ,True
đẩy mạnh,ꪜꪴ꪿ꪀ ꪝꪺ,False
đẩy vừng,ꪏꪲ ꪝꪺ,True
đẩy mạnh,ꪜꪴ꪿ꪀ ꪵꪎꪙ,True
trồng cây chuối ngược,ꪜꪴ꪿ꪀ ꪎꪮꪉ ꪔꪲꪙ,False
trồng cây tía ngược,ꪜꪴ꪿ꪀ ꪎꪮꪉ ꪔꪲꪙ,True
"trồng cây chuối bảo,",ꪜꪴ꪿ꪀ ꪎꪮꪉ ꪔꪲꪙ,True
bưởi,ꪝꪴ꫁ꪀ,False
bưởi đào,ꪝꪴ꫁ꪀ ꪓꪱꪫ,False
đèo đào,ꪝꪴ꫁ꪀ ꪓꪱꪫ,True
tua,ꪝꪴ꪿ꪥ,False
phiếu,ꪝꪴ꪿ꪥ,True
"trồng, cấy",ꪜꪴꪀ,False
"đáng, cấy",ꪁꪲ꫁,True
nghịch cấy,ꪜꪴꪀ,True
phong,ꪜꪴꪀ,False
đặt,ꪜꪴꪀ,False
trồng trọt,ꪜꪴꪀ ꪶꪚꪉ,False
ép trọt,ꪜꪴꪀ ꪶꪚꪉ,True
cày cấy,ꪜꪴꪀ ꪤꪱꪣ,False
"chủng đậu, trồng đậu",ꪜꪴꪀ ꪢꪱꪀ,False
"vạ đậu, trồng đậu",ꪜꪴꪀ ꪢꪱꪀ,True
sắp xếp,ꪜꪴꪀ ꪵꪜꪉ,False
"sắp đá,",ꪶꪓꪙ ꪭꪮꪥ,True
chỉnh đốn,ꪜꪴꪀ ꪵꪜꪉ,False
mai,ꪝꪴꪀ,False
mại,ꪝꪴꪀ,True
"mai kia, mai mốt",ꪝꪴꪀ ꪭꪳ,False
bụng,ꪜꪴꪣ,False
bụng,ꪹꪬꪷꪉ,True
bụng ỏng,ꪜꪴꪣ ꪵꪮ,False
"buông, hát,",ꪜꪴꪣ ꪵꪮ,True
bụng trống,ꪜꪴꪣ ꪹꪮꪸ,False
bụng chửa,ꪜꪴꪣ ꪹꪮꪸ,False
dạk dày,ꪜꪴꪣ ꪨꪺꪉ,False
dạk cỗ,ꪜꪴꪣ ꪨꪺꪉ,True
"nẹt, dày",ꪜꪴꪣ ꪕꪱꪣ,True
rộp,ꪜꪴꪣ ꪜꪱ,False
rộp,ꪬꪮꪀ ꪜꪱ,True
bụng bầu,ꪜꪴꪣ ꪶꪝ꫁ꪥ,False
"dẫy, bầu",ꪜꪴꪣ ꪶꪝ꫁ꪥ,True
hình cầu,ꪜꪴ꫁ꪣ,False
tròn trùng trục,ꪜꪴ꫁ꪣ ꪮꪢꪴꪀ,False
"tròn tiếng cõi,",ꪜꪴ꫁ꪣ ꪮꪢꪴꪀ,True
"bùm, ùm",ꪝꪴ꪿ꪣ,False
lớp,ꪜꪴꪙ,False
"cùng lứa tuổi, đồng thời",ꪜꪴꪙ ꪜꪱꪙ,False
cùng lứa thở đồng thời,ꪜꪴꪙ ꪜꪱꪙ,True
nở rộ,ꪝꪴꪙ,False
"quả thực, quả tình",ꪝꪴ꫁ꪙ ꪩ꫁ꪱꪥ,False
"bong, thực, quả tình",ꪝꪴ꫁ꪙ ꪩ꫁ꪱꪥ,True
quả là,ꪝꪴ꫁ꪙ ꪩ꫁ꪱꪥ,False
quả là,ꪝꪴ꫁ꪙ ꪵꪬ꫁ꪙ,True
"khoảnh rừng rú trâu bò, hươu nai trú ngụ",ꪜꪴ꪿ꪉ,False
"khoảnh rừng rú trâu bò, hươu banh trú sau",ꪜꪴ꪿ꪉ,True
"khoảnh rừng rú trâu bò, hươu nai toan ngụ",ꪜꪴ꪿ꪉ,True
"lao, phóng",ꪝꪴ꪿ꪉ,False
têu phóng,ꪝꪴ꪿ꪉ,True
"phọt, thốc",ꪝꪴ꪿ꪉ,False
"phọt, hốt,",ꪝꪴ꪿ꪉ,True
"phọt, đợi",ꪝꪴ꪿ꪉ,True
chuồi,ꪝꪴ꪿ꪉ,False
hen,ꪝꪴ꪿ꪉ,True
loáng,ꪝꪴ꪿ꪉ,False
vọt,ꪝꪴ꪿ꪉ ꪊꪨꪺꪀ,False
ốm,ꪜ꪿ꪺꪥ,False
ốm nặng đột ngột,ꪜ꪿ꪺꪥ ꪒꪲꪚ,False
ốm nặng đột ngột,ꪜ꪿ꪺꪥ ꪊ꪿ꪱꪉ,True
khỏi ốm,ꪜ꪿ꪺꪥ ꪔꪳ꪿ꪙ,False
hạ ốm,ꪜ꪿ꪺꪥ ꪔꪳ꪿ꪙ,True
bương,ꪜꪺꪀ,False
mối,ꪜꪺꪀ,False
mối tràm,ꪜꪺꪀ ꪩꪱꪣ,False
mối tràm,ꪜꪺꪀ ꪵꪚꪉ,True
nông nô,ꪝꪺꪀ ꪝꪱꪥ,False
gặp nô,ꪝꪺꪀ ꪝꪱꪥ,True
loa quái,ꪝꪺꪙ ꪭꪱꪙ,False
léo quái,ꪝꪺꪙ ꪭꪱꪙ,True
lo lắng,ꪝꪺꪙ ꪨꪷ,False
lo lắng,ꪝꪺꪙ ꪐꪳ꫁,True
bức,ꪜꪺꪉ,False
cường độ,ꪜꪺꪉ ꪵꪭꪉ,False
cường hừ,ꪜꪺꪉ ꪵꪭꪉ,True
chơi nhởn,ꪜ꪿ꪺꪉ,False
chơi nhởn,ꪚꪸ꪿,True
"lang thang, lang bang",ꪜ꪿ꪺꪉ,False
"lang thang, cập bang",ꪜ꪿ꪺꪉ,True
"lang thang, giục bang",ꪜ꪿ꪺꪉ,True
đâm bổ,ꪜ꪿ꪺꪉ,False
rạp bổ,ꪏ꫁ꪱꪀ,True
đâm tìm,ꪜ꪿ꪺꪉ,True
"lá, buồng",ꪝꪺꪉ,False
túi,ꪝꪺꪉ,False
hốt,ꪝꪺꪉ,True
bầu,ꪝꪺꪉ,False
to phình,ꪝꪺꪉ,False
"nổ, phình",ꪝꪺꪉ,True
mông đít,ꪝꪺꪉ ꪶꪀ꫁ꪙ,False
núm đuôi,ꪝꪺꪉ ꪬꪱꪉ,False
núm đuôi,ꪝꪺꪉ ꪀ꫁ꪺꪉ,True
bóng đái,ꪝꪺꪉ ꪵꪙ꪿ꪫ,False
bóng ràn,ꪝꪺꪉ ꪵꪙ꪿ꪫ,True
phát,ꪜꪺꪒ,False
phát,ꪵꪘ,True
"sinh ra, đâm ra",ꪜꪺꪒ,False
"động đĩ, nứng",ꪜꪺꪒ ꪤ꫁ꪱ,False
động lấm nứng,ꪜꪺꪒ ꪤ꫁ꪱ,True
động cỡn,ꪜꪺꪒ ꪁꪸꪫ,False
động đực,ꪜꪺꪒ ꪁꪸꪫ,False
động chuôi,ꪜꪺꪒ ꪁꪸꪫ,True
phát sốt,ꪜꪺꪒ ꪼꪎ꫁,False
giọt,ꪜꪴꪚ,False
hột máu,ꪜꪴꪒ ꪹꪩꪒ,False
hột nghênh,ꪜꪴꪒ ꪝ꫁ꪱ,True
hột máu,ꪹꪉꪷꪚ ꪹꪩꪒ,True
bộp,ꪝꪴꪚ,False
quấy quá,ꪝꪴꪚ ꪝꪱꪚ,False
quấy quá,ꪙ꫁ꪱ ꪝꪱꪚ,True
đùm đụp,ꪝꪴꪚ ꪝꪴꪚ,False
ước đụp,ꪝꪴꪚ ꪝꪴꪚ,True
phụt,ꪜꪴꪒ,False
ứa,ꪜꪴꪒ,False
bực tức,ꪜꪴꪒ ꪼꪐ,False
"bực ương,",ꪜꪴꪒ ꪼꪐ,True
"bực bội, bực mình, tức mình, tức khí, tức tối, hằn học",ꪜꪴꪒ ꪝꪮꪉ,False
"bực bội, bực mình, tức mình, thích, khí, tức tối, hằn học",ꪜꪴꪒ ꪝꪮꪉ,True
"cáu sườn, ngứa tiết",ꪜꪴꪒ ꪼꪎ꫁,False
xâu,ꪝꪴꪒ,False
kán,ꪝꪴꪒ,True
"giũ, động",ꪝꪳ,False
tung,ꪝꪳ,False
mót,ꪊꪴ,True
tung bay,ꪝꪳ ꪁꪥꪱꪚ ꪁꪥꪱꪚ,False
tung bay,ꪝꪳ ꪁꪥꪱꪚ ꪤꪸꪒ,True
bật tung,ꪝꪳ ꪥꪱꪚ,False
bật tung,ꪏꪾ꫁ ꪥꪱꪚ,True
vù,ꪝꪳ꪿,False
vì,ꪹꪝ꪿,False
xứ,ꪹꪝ꪿,True
bao,ꪹꪝ꪿,True
"vì thế, vì vậy, bởi chưng",ꪹꪝ꪿ ꪹꪋꪸ꫁ꪙ,False
"vì thế, vì vậy, bài chưng",ꪹꪝ꪿ ꪹꪋꪸ꫁ꪙ,True
"bởi vì, vì rằng",ꪹꪝ꪿ ꪫ꪿ꪱ,False
vì sao,ꪹꪝ꪿ ꪏꪳ,False
"vì dù,",ꪹꪝ꪿ ꪏꪳ,True
"bữa, chầu",ꪹꪝ꫁,False
nhún chầu,ꪹꪝ꫁,True
tên,ꪜꪳꪙ,False
tên tẩm độc,ꪜꪳꪙ ꪘ꫁ꪮꪉ,False
tên tẩm độc,ꪜꪳꪙ ꪨꪲ꫁ꪣ,True
"tên manh, độc",ꪔ꪿ꪱꪫ ꪘ꫁ꪮꪉ,True
tên lửa,ꪜꪳꪙ ꪼꪡ,False
"núi, lửa",ꪜꪳꪙ ꪼꪡ,True
lỏn lửa,ꪜꪳꪙ ꪼꪡ,True
tên nỏ có ngạnh,ꪜꪳꪙ ꪠꪮꪒ,False
"tên nỏ trào, ngạnh",ꪊꪺ ꪠꪮꪒ,True
xổ,ꪝꪳꪙ,False
xổ,ꪕꪺꪙ,True
cong tớn,ꪝꪳꪙ,False
"lát, tớn",ꪝꪳꪙ,True
cót to,ꪝꪳ꫁ꪙ,False
đế,ꪝꪳ꫁ꪙ,False
đế,ꪣ꫁ꪱ,True
gầm,ꪝꪳ꫁ꪙ,False
vượt,ꪝꪳ꫁ꪙ,True
"nền, nền móng, nền tảng",ꪝꪳ꫁ꪙ,False
"ấm, nền móng, nền tảng",ꪊꪰꪒ,True
"đấy, đó",ꪝꪳ꫁ꪙ,False
bàn chân,ꪝꪳ꫁ꪙ ꪔꪲꪙ,False
bàn triền,ꪝꪳ꫁ꪙ ꪔꪲꪙ,True
bụng dưới,ꪝꪳ꫁ꪙ ꪕ꫁ꪮꪉ,False
bụng rữa,ꪵꪁꪫ꫁ꪉ ꪕ꫁ꪮꪉ,True
hếch,ꪜꪳ꪿ꪉ,False
làn,ꪜꪳ꪿ꪉ,True
hếch hoác,ꪜꪳ꪿ꪉ,False
phượng vương,ꪜꪳ꪿ꪉ,True
"ngỏ, mở",ꪜꪳ꪿ꪉ,False
"đàn, bầy",ꪝꪳꪉ,False
đoàn,ꪝꪳꪉ,False
các,ꪝꪳꪉ,False
"các ông, các bà",ꪝꪳꪉ ꪹꪊꪱ꫁,False
"chúng ta, chúng mình",ꪝꪳꪉ ꪹꪭꪱ,False
"chúng ta, chúng mình",ꪹꪙꪸꪀ ꪹꪭꪱ,True
chúng tôi,ꪝꪳꪉ ꪄ꫁ꪮꪥ,False
nhênh tôi,ꪝꪳꪉ ꪄ꫁ꪮꪥ,True
"chúng tớ, chúng tao",ꪝꪳꪉ ꪠꪴ,False
chúng đau chúng tao,ꪝꪳꪉ ꪠꪴ,True
trần,ꪹꪜꪥ,False
"truồng, lõa",ꪹꪜꪥ,False
để trống,ꪹꪜꪥ,False
đang trống,ꪹꪜꪥ,True
"cởi trần, xoay trần",ꪹꪜꪥ ꪶꪔ,False
lở,ꪹꪜ꪿ꪥ,False
"nhừ, vực, rữa, vữa",ꪹꪜ꪿ꪥ,False
"nhừ, vực, méo vữa",ꪹꪜ꪿ꪥ,True
tan,ꪹꪜ꪿ꪥ,False
tan,ꪘꪸ꫁ꪉ,True
nhủn,ꪹꪜ꪿ꪥ ꪛ꫁ꪱꪣ ꪛ꫁ꪱꪣ,False
nhủn,ꪹꪄꪱ꪿ ꪛ꫁ꪱꪣ ꪛ꫁ꪱꪣ,True
nhụng nhiu&khỉ chăng sàng phãy pưới dạm dạm: cánh kiến hơi lửa nhụng nhịng,ꪹꪜ꪿ꪥ ꪥ꫁ꪱꪣ ꪥ꫁ꪱꪣ,False
nhụng nhiu&khỉ chăng sàng phãy pưới phục dạm: chà kiến hơi lửa nhụng nhịng,ꪹꪜ꪿ꪥ ꪥ꫁ꪱꪣ ꪥ꫁ꪱꪣ,True
nhụng nhiu&khỉ chăng sàng phãy tấp dạm dạm: cánh kiến hơi lửa nhụng nhịng,ꪹꪜ꪿ꪥ ꪥ꫁ꪱꪣ ꪥ꫁ꪱꪣ,True
nục&nhứa súc pưới đến đến: thịt chín nục,ꪹꪜ꪿ꪥ ꪹꪒꪸ꪿ꪙ ꪹꪒꪸ꪿ꪙ,False
"nục&nhứa súc pưới ghẽ, đến: fùa: lớt nục",ꪹꪜ꪿ꪥ ꪹꪒꪸ꪿ꪙ ꪹꪒꪸ꪿ꪙ,True
nục&nhứa bươn pưới đến đến: thịt chín nục,ꪹꪜ꪿ꪥ ꪹꪒꪸ꪿ꪙ ꪹꪒꪸ꪿ꪙ,True
"thối rữa, lữa",ꪹꪜ꪿ꪥ ꪝꪰꪉ,False
vỏ,ꪹꪜꪀ,False
"mảnh, mảnh vỏ",ꪹꪜꪀ,False
chén phúng xin,ꪹꪜꪀ,True
mày,ꪹꪜꪀ,False
bỏ bẵng,ꪹꪜꪀ ꪫꪱꪉ,False
bỏ bẵng,ꪒꪸ꫁ꪉ ꪶꪜꪈ꫁ꪉ,True
"xa lạ, dưng",ꪹꪝ꪿ꪙ,False
"khuỵu lạ, lu,",ꪹꪝ꪿ꪙ,True
"xa lạ, dưng",ꪋ꪿ꪱꪣ,True
người dưng,ꪹꪝ꪿ꪙ ꪕ꪿ꪱꪙ,False
tốn,ꪹꪜꪉ,False
mòn,ꪊꪱꪉ,True
hao,ꪹꪜꪉ,False
toác,ꪜꪳꪒ,False
"vén, tốc",ꪜꪳꪒ,False
háy tốc,ꪜꪳꪒ,True
"thãi, tốc",ꪜꪳꪒ,True
"giở, lật",ꪜꪳꪒ,False
"tót, phót",ꪝꪳꪒ,False
"tót, cuống",ꪝꪳꪒ,True
"tót, phót",ꪤ꪿ꪱꪙ,True
phựt,ꪝꪳꪒ,False
"không,",ꪝꪳꪒ,True
ba ba,ꪠꪱ,False
ba câm,ꪠꪱ,True
"vung, nắp",ꪠꪱ,False
ngón cuống,ꪠꪱ,True
"phên, liếp",ꪠꪱ,False
"phên, vĩ",ꪠꪱ,True
"phên, hệch",ꪠꪱ,True
"vách, tường",ꪠꪱ,False
nghề tường,ꪠꪱ,True
tưới,ꪠꪱ,False
dội,ꪠꪱ,False
dội,ꪹꪔꪷ꪿ꪀ,True
phà,ꪠꪱ,False
nệ,ꪠꪱ,True
"băng, vượt",ꪠꪱ,False
giày,ꪠꪱ,False
lị,ꪠꪱ,True
giày,ꪼꪮ,True
cái mê,ꪠꪱ ꪚꪸꪙ,False
cái mê,ꪠꪱ ꪼꪀꪚ꪿,True
cái nắp,ꪠꪱ ꪬꪾꪚ,False
bợm nắp,ꪠꪱ ꪬꪾꪚ,True
thắp,ꪠꪱ ꪬꪾꪚ,False
tịch thu tài sản,ꪠꪱ ꪹꪭꪙ,False
sơn thu tài sản,ꪹꪝꪷ꪿ꪉ ꪹꪭꪙ,True
xông pha,ꪠꪱ ꪠ꪿ꪮꪉ,False
xông trật,ꪠꪱ ꪠ꪿ꪮꪉ,True
chỗ vách đá ong thường làm tổ,ꪠꪱ ꪹꪠꪷ꫁ꪉ,False
chỗ vách thống ong thường làm tổ,ꪠꪱ ꪹꪠꪷ꫁ꪉ,True
cánh cửa sổ,ꪠꪱ ꪔ꪿ꪱꪉ,False
cánh dược sổ,ꪠꪱ ꪔ꪿ꪱꪉ,True
cánh cửa,ꪠꪱ ꪔꪴ,False
nóc chuồng,ꪠꪱ ꪕꪳꪣ,False
nóc rổ,ꪠꪱ ꪶꪎ꫁ꪙ,True
"xị, chuồng",ꪠꪱ ꪕꪳꪣ,True
"bổ, pha",ꪠ꪿ꪱ,False
"bổ, sữa",ꪠ꪿ꪱ,True
phá đám,ꪠ꪿ꪱ,False
"bổ, phân bổ",ꪠ꪿ꪱ,False
"bổ, phân ngẩng,",ꪡ꫁ꪱꪫ,True
"bổ, phân bể",ꪠ꪿ꪱ,True
phá hoại,ꪠ꪿ꪱ ꪭ꫁ꪱꪥ,False
"phá mụ,",ꪠ꪿ꪱ ꪭ꫁ꪱꪥ,True
mâm đựng xôi,ꪠ꪿ꪱ ꪹꪄꪱ꫁,False
bàn tay,ꪠ꪿ꪱ ꪣꪳ,False
cái mai rùa bằng gỗ để cất rượu,ꪠ꪿ꪱ ꪣꪳ ꪩꪲꪉ,False
"vót mai rùa bằng thò, toi cất rượu",ꪠ꪿ꪱ ꪣꪳ ꪩꪲꪉ,True
cái mai rùa hộ gỗ để chục rượu,ꪭꪱꪒ ꪣꪳ ꪩꪲꪉ,True
phá phách,ꪠ꪿ꪱ ꪹꪕꪸ,False
bàn chân,ꪠ꪿ꪱ ꪔꪲꪙ,False
bàn làn,꫟ ꪔꪲꪙ,True
vó,ꪠ꪿ꪱ ꪔꪲꪙ,False
vó,ꪚ꪿ꪺ ꪔꪲꪙ,True
mây,ꪠ꫁ꪱ,False
"lá, mảnh",ꪠ꫁ꪱ,False
"lá, chua",ꪠ꫁ꪱ,True
tã,ꪠ꫁ꪱ,False
tã,ꪀꪺꪒ,True
đám đông,ꪠ꫁ꪱ,False
đám đông,ꪄꪲ꪿ꪉ,True
ớm đông,ꪕꪮꪒ,True
"giẻ, giẻ rách",ꪠ꫁ꪱ ꪭ꫁ꪱꪥ,False
tã lót,ꪠ꫁ꪱ ꪭꪮꪉ,False
tã lót,ꪉꪮꪉ ꪭꪮꪉ,True
tã quà,ꪠ꫁ꪱ ꪁꪩꪱꪒ,True
"vải lót đệm, vải trải đệm, ga",ꪠ꫁ꪱ ꪶꪨꪚ,False
"vải lót đệm, vải chồn đệm, ga",ꪠ꫁ꪱ ꪻꪉ꪿,True
"vải lót đệm, vải trải đệm, giẻ,",ꪠ꫁ꪱ ꪶꪨꪚ,True
"màn che, rèm",ꪠ꫁ꪱ ꪼꪜ꫁,False
màn nính rèm,ꪠ꫁ꪱ ꪼꪜ꫁,True
sà cạp,ꪠ꫁ꪱ ꪝꪽ ꪵꪁ꪿ꪉ,False
"ếch, dùi",ꪠ꫁ꪱ ꪝꪽ ꪵꪁ꪿ꪉ,True
sà cạp,ꪵꪏ꪿ ꪝꪽ ꪵꪁ꪿ꪉ,True
vải đi mưa,ꪠ꫁ꪱ ꪶꪠꪙ,False
vải đi thảm,ꪠ꫁ꪱ ꪶꪠꪙ,True
vải lót yên ngựa,ꪠ꫁ꪱ ꪔꪲ꫁,False
vải lót yên ngựa,ꪊꪾ ꪔꪲ꫁,True
vải lót yên dịp,ꪠ꫁ꪱ ꪔꪲ꫁,True
tầng đõ ong,ꪠ꫁ꪱ ꪔꪷ꪿,False
"hạt, đõ ong",ꪎ꫁ꪮꪉ ꪔꪷ꪿,True
xăng đõ ong,ꪠ꫁ꪱ ꪔꪷ꪿,True
bọng ong,ꪠ꫁ꪱ ꪔꪷ꪿,False
bọng ong,ꪶꪚꪣ ꪔꪷ꪿,True
tã lót,ꪠ꫁ꪱ ꪔꪴ꫁ꪣ,False
chăn,ꪡꪱ,False
chăn bông,ꪡꪱ ꪹꪣꪸꪙ,False
chăn đơn,ꪡꪱ ꪵꪔꪚ,False
trời,ꪡ꫁ꪱ,False
"tái phát, phát lại",ꪡ꫁ꪱ,False
trời diệt,ꪡ꫁ꪱ ꪚꪱꪚ,False
rổ diệt,ꪡ꫁ꪱ ꪚꪱꪚ,True
sấm,ꪡ꫁ꪱ ꪒꪰꪉ,False
đầu,ꪡ꫁ꪱ ꪒꪰꪉ,True
sét đánh,ꪡ꫁ꪱ ꪄ꫁ꪱ,False
"chết tiệt, trời đánh",ꪡ꫁ꪱ ꪄ꫁ꪱ,False
"những tiệt, trời đánh",ꪡ꫁ꪱ ꪄ꫁ꪱ,True
"bịn tiệt, trời đánh",ꪡ꫁ꪱ ꪄ꫁ꪱ,True
sét,ꪡ꫁ꪱ ꪵꪠ꫁,False
mưa đầu mùa,ꪡ꫁ꪱ ꪶꪔ꪿ꪀ ꪛꪰꪉ,False
mưa cườm mùa,ꪡ꫁ꪱ ꪶꪔ꪿ꪀ ꪛꪰꪉ,True
"phát, vả, vỗ",ꪠ꪿ꪱꪀ,False
"phát, bèo vỗ",ꪠ꪿ꪱꪀ,True
tát bốp,ꪠ꪿ꪱꪀ ꪶꪔꪚ,False
vạch tô,ꪠ꪿ꪱꪀ ꪶꪔꪚ,True
đập,ꪠꪱꪥ,False
phái,ꪠ꪿ꪱꪥ,False
"ngừng,",ꪠ꪿ꪱꪥ,True
muôi,ꪠ꪿ꪱꪥ,True
phái,ꪠ꪿ꪱꪥ,False
má,ꪠ꪿ꪱꪥ ꪢꪲꪒ,False
thoai thoải,ꪠ꪿ꪱꪥ ꪹꪠꪉ,False
"đại thể, đại để",ꪠ꪿ꪱꪥ ꪹꪠꪉ,False
"đại thể, dạ để",ꪠ꪿ꪱꪥ ꪹꪠꪉ,True
bông,ꪠ꫁ꪱꪥ,False
vải,ꪠ꫁ꪱꪥ,False
vải,ꪶꪑꪉ,True
"băng qua, vượt qua",ꪠ꫁ꪱꪥ,False
băng xôi vượt qua,ꪠ꫁ꪱꪥ,True
"băng thì, vượt nhơm",ꪠ꫁ꪱꪥ,True
vải dệt,ꪠ꫁ꪱꪥ ꪚ꫁ꪮꪣ,False
vải dệt thủ công,ꪠ꫁ꪱꪥ ꪹꪋꪱ,False
"cấy, thảnh thủ công",ꪠ꫁ꪱꪥ ꪹꪋꪱ,True
bông hạt,ꪠ꫁ꪱꪥ ꪵꪀ꪿ꪙ,False
"bông não,",ꪠ꫁ꪱꪥ ꪵꪀ꪿ꪙ,True
vải kẻ,ꪠ꫁ꪱꪥ ꪩꪱꪥ,False
"vải gánh,",ꪠ꫁ꪱꪥ ꪩꪱꪥ,True
"sim, kẻ",ꪠ꫁ꪱꪥ ꪩꪱꪥ,True
bông màu nâu,ꪠ꫁ꪱꪥ ꪼꪘ꪿,False
bông màu nâu,ꪮꪮꪉ ꪼꪘ꪿,True
"tiền nong, tiền của",ꪠ꫁ꪱꪥ ꪹꪉꪷꪙ,False
tiền úp tiền của,ꪠ꫁ꪱꪥ ꪹꪉꪷꪙ,True
"tiền thìa, tiền nhô,",ꪠ꫁ꪱꪥ ꪹꪉꪷꪙ,True
bông nõn,ꪠ꫁ꪱꪥ ꪑꪮꪉ,False
sềnh nõn,ꪠ꫁ꪱꪥ ꪑꪮꪉ,True
bông hạt chưa nhặt rác,ꪠ꫁ꪱꪥ ꪹꪐꪉ,False
bông hạt trán nhặt rác,ꪹꪎꪷ꫁ꪉ ꪹꪐꪉ,True
bông hạt chưa nhặt rác,ꪠ꫁ꪱꪥ ꪕꪱꪀ,True
vải vóc,ꪠ꫁ꪱꪥ ꪼꪠ꪿,False
vải dông,ꪠ꫁ꪱꪥ ꪼꪠ꪿,True
vải tấm,ꪠ꫁ꪱꪥ ꪠꪰꪒ,False
ráp tấm,ꪠ꫁ꪱꪥ ꪬꪷ꪿,True
bông vải,ꪠ꫁ꪱꪥ ꪖꪺꪉ,False
"bõng, vải",ꪠ꫁ꪱꪥ ꪖꪺꪉ,True
bốc,ꪡꪱꪥ,False
ban,ꪡꪱꪥ,False
lễ cầu an gia đình,ꪡꪱꪥ ꪹꪭꪙ,False
lễ cầu an gia nuôi,ꪡꪱꪥ ꪹꪭꪙ,True
lễ cầu an quết đình,ꪡꪱꪥ ꪉꪺꪉ,True
bài cảu,ꪡ꫁ꪱꪥ,False
"bài phát,",ꪡꪴꪀ,True
lẳm cảu,ꪡ꫁ꪱꪥ,True
"vót, vát",ꪡ꫁ꪱꪥ,False
bài bạc,ꪡ꫁ꪱꪥ ꪵꪋꪙ,False
gửi,ꪠꪱꪀ,False
cọ,ꪠꪱꪀ,True
"tặng, gửi tặng",ꪠꪱꪀ,False
tuột manh tặng,ꪠꪱꪀ,True
lẫy gửi tặng,ꪠꪱꪀ,True
giát,ꪡꪱꪀ,False
"triền, bên bờ",ꪡꪱꪀ,False
"sư, vãi",ꪡꪱꪀ,False
"sư, cùng",ꪡꪱꪀ,True
tản,ꪡꪱꪀ,False
"giậu,",ꪡꪱꪀ,True
ràn,ꪡꪱꪣ,False
chõng,ꪡꪱꪣ,False
rồi,ꪋꪮꪉ,True
sâu quảng,ꪡ꪿ꪱꪣ,False
"hốt, hoảng",ꪡ꪿ꪱꪣ,False
thái dọc,ꪠꪱꪙ,False
"ngời, quắc",ꪠꪱꪙ ꪠꪱꪙ,False
"ngời, thói,",ꪠꪱꪙ ꪠꪱꪙ,True
"ngời, quắc",ꪠꪱꪙ ꪠꪰꪉ,True
loáng,ꪠꪱꪙ ꪠꪲꪙ,False
"lật ngược, lật ngửa",ꪠꪱꪙ ꪔ꪿ꪱꪉ ꪬꪱꪥ,False
"lật ngược, lật khỏi",ꪠꪱꪙ ꪔ꪿ꪱꪉ ꪬꪱꪥ,True
chổng kềnh,ꪠꪱꪙ ꪔ꪿ꪱꪉ ꪬꪱꪥ,False
thói quằn,ꪠꪱꪙ ꪔ꪿ꪱꪉ ꪬꪱꪥ,True
chổng kềnh,ꪶꪥ꫁ꪀ ꪶꪄ ꪔꪰꪀ,True
qua,ꪠ꪿ꪱꪙ,False
vắt qua,ꪠ꪿ꪱꪙ,False
phản,ꪠ꫁ꪱꪙ,False
lưới,ꪠ꫁ꪱꪙ,True
hươu,ꪡꪱꪙ,False
hoẵng,ꪡꪱꪙ ꪼꪀ꫁,False
hoẵng,ꪵꪯꪭ꪿ꪣ ꪼꪀ꫁,True
bán nhá,ꪡꪱꪙ ꪗꪷ,False
rã nhá,ꪡꪱꪙ ꪗꪷ,True
tô mộc,ꪠꪱꪉ,False
"tô vắt,",ꪠꪱꪉ,True
đĩa nhuộm răng,ꪠꪱꪉ ꪋꪲ꪿,False
đĩa nhuộm dở,ꪠꪱꪉ ꪋꪲ꪿,True
"quắm, nhuộm răng",ꪠꪱꪉ ꪋꪲ꪿,True
đĩa đèn,ꪠꪱꪉ ꪵꪓꪙ,False
màng,ꪠꪱꪉ ꪵꪠ꫁,False
màng nhĩ,ꪠꪱꪉ ꪵꪠ꫁ ꪬꪴ,False
màng cuồn,ꪠꪱꪉ ꪵꪠ꫁ ꪬꪴ,True
màng mỡ,ꪠꪱꪉ ꪵꪠ꫁ ꪝꪲ,False
màng mỡ,ꪠꪱꪉ ꪤꪳꪙ ꪝꪲ,True
màng mỡ,ꪋ꫁ꪺꪀ ꪒꪰ꫁ꪉ ꪝꪲ,True
"bay, hả, lạt",ꪠ꪿ꪱꪉ,False
"bay, o lạt",ꪠ꪿ꪱꪉ,True
"thả rông, thả cỏ, buông thả",ꪠ꪿ꪱꪉ,False
"thả khấu, thả hồ buông thả",ꪠ꪿ꪱꪉ,True
thả,ꪠ꪿ꪱꪉ,False
"hả hơi, bay mùi",ꪠ꪿ꪱꪉ ꪮꪱꪥ,False
hả xoạt bay tụ,ꪠ꪿ꪱꪉ ꪮꪱꪥ,True
"nương, dưỡng",ꪠ꫁ꪱꪉ,False
ngăn ngừa,ꪠ꫁ꪱꪉ,False
"hộ thân, phòng thân",ꪠ꫁ꪱꪉ ꪣꪷ꪿,False
"hộ thân, phòng lộn",ꪠ꫁ꪱꪉ ꪣꪷ꪿,True
đề phòng,ꪠ꫁ꪱꪉ ꪡꪮꪉ,False
"đề tanh,",ꪠ꫁ꪱꪉ ꪡꪮꪉ,True
phòng ngừa,ꪠ꫁ꪱꪉ ꪡꪮꪉ,False
phòng ngừa,ꪶꪋꪣ ꪑꪰꪀ,True
quáng,ꪡꪱꪉ,False
lòa,ꪡꪱꪉ,False
quáng gà,ꪡꪱꪉ ꪼꪀ꪿,False
"non, gà",ꪶꪚꪉ ꪼꪀ꪿,True
quáng gà,ꪡꪱꪉ ꪹꪯꪀ,True
phang,ꪡ꪿ꪱꪉ,False
nốc,ꪡ꫁ꪱꪉ,False
dằm,ꪡ꫁ꪱꪉ,True
"kề, cạnh",ꪵꪠꪉ,False
chạy cạnh,ꪹꪅꪷꪥ,True
sánh bước,ꪵꪠꪉ,False
sánh ngọn,ꪵꪠꪉ,True
sánh bước,ꪏꪴ,True
bên cạnh,ꪵꪠꪉ ꪎ꫁ꪱꪉ,False
hót cạnh,ꪵꪠꪉ ꪎ꫁ꪱꪉ,True
pháo,ꪠ꪿ꪱꪫ,False
"vội, kíp",ꪡ꫁ꪱꪫ,False
"vội, đành",ꪹꪔꪷ꪿ꪉ,True
"vội vàng, vội vã",ꪡ꫁ꪱꪫ ꪡꪴ,False
vội độ vội vã,ꪡ꫁ꪱꪫ ꪮꪾ꪿,True
hăm dọa,ꪠꪱꪚ,False
hăm dọa,ꪭꪸ꫁ꪫ,True
hăm dọa,ꪊꪲꪣ,True
làm phép trừ tà,ꪠꪱꪚ ꪹꪡꪸ,False
làm phép trừ tà,ꪏꪩꪮꪒ ꪹꪡꪸ,True
làm phép trừ tà,ꪠꪱꪚ ꪥꪾ꫁,True
chát,ꪠꪱꪒ,False
phắt,ꪠꪱꪒ,False
choàng,ꪠꪱꪒ,False
"bật dậy, đứng phắt dậy",ꪠꪱꪒ ꪠꪲꪒ ꪔꪳ꪿ꪙ,False
"bật dậy, om toi dậy",ꪠꪱꪒ ꪹꪚ꫁ꪣ ꪔꪳ꪿ꪙ,True
"bật dậy, đứng rẽ dậy",ꪀ꪿ꪫꪱ ꪹꪭꪷꪥ ꪒꪮꪥ,True
"ngồi dậy, nhổm dậy",ꪠꪱꪒ ꪔꪳ꪿ꪙ,False
"ngồi dậy, nhổm dậy",ꪬꪨꪲꪀ ꪔꪳ꪿ꪙ,True
bật lò xo,ꪠꪱꪒ ꪔꪳ꪿ꪙ,False
bật giọi xo,ꪠꪱꪒ ꪔꪳ꪿ꪙ,True
"bật xởn, mửa",ꪠꪱꪒ ꪔꪳ꪿ꪙ,True
toát,ꪡꪱꪒ,False
giam cầm,ꪡꪱꪒ ꪕꪱꪫ,False
đốt cháy,ꪹꪠꪱ,False
nung,ꪹꪠꪱ,False
rẻ,ꪹꪠꪱ,True
thui,ꪹꪠꪱ,False
rói,ꪹꪠꪱ,True
lùi,ꪹꪠꪱ,False
nướng,ꪹꪠꪱ,False
cáp,ꪹꪠꪱ,True
tàn,ꪹꪠꪱ꪿,False
tướng,ꪹꪠꪱ꪿,True
tro hài cốt,ꪹꪠꪱ꪿ ꪶꪁꪙ,False
tro hài lẽ,ꪹꪠꪱ꪿ ꪶꪁꪙ,True
nhác hài cốt,ꪹꪠꪱ꪿ ꪶꪁꪙ,True
"muội đèn, khối đèn",ꪹꪠꪱ꪿ ꪵꪓꪙ,False
"bồ hóng, mồ hóng",ꪹꪠꪱ꪿ ꪎ꪿ꪱ,False
"bồ đồi, mồ hóng",ꪹꪠꪱ꪿ ꪎ꪿ꪱ,True
"trông, giữ, canh",ꪹꪠꪱ꫁,False
"tóe giữ, canh",ꪹꪠꪱ꫁,True
chực,ꪹꪠꪱ꫁,False
phòng giữ,ꪹꪠꪱ꫁ ꪵꪬ꪿,False
"quay, kíp,cần",ꪹꪠꪱ꫁ ꪵꪬ꪿,True
ai,ꪻꪠ,False
trái,ꪻꪠ,True
ước,ꪻꪠ꪿,False
ước,ꪊꪸꪣ,True
gấm,ꪻꪠ꪿,True
"ước mong, ước ao, ao ước",ꪻꪠ꪿ ꪣꪮꪙ,False
"cửa nhem ước ao, ao ước",ꪻꪠ꪿ ꪣꪮꪙ,True
tre gai,ꪼꪠ꪿,False
"nhở, gai",ꪼꪠ꪿,True
dè,ꪼꪠ꫁,False
dành,ꪼꪠ꫁,False
"dành dụm, dè dụm: phảy dòm phải ngỡn: dành dụm tiền nong",ꪼꪠ꫁ ꪤꪮꪣ,False
dành hàm giụa dụm: phảy dòm phải ngỡn: dành dụm tiền nong,ꪼꪠ꫁ ꪏꪴꪥ,True
"dành dụm, dè dụm: phảy mặn bấy ngỡn: thớt dụm tiền nong",ꪼꪠ꫁ ꪶꪁꪩꪒ,True
tiết kiệm,ꪼꪠ꫁ ꪤꪮꪣ,False
nỗi kiệm,ꪼꪠ꫁ ꪤꪮꪣ,True
dâu da,ꪼꪡ,False
"ròng, da",ꪼꪡ,True
lửa,ꪼꪡ,False
súyt,ꪼꪡ,True
"đèn đóm, đèn lửa, đèn đuốc",ꪼꪡ ꪡꪳꪙ,False
"giời đóm, nhíp, lửa, đèn đuốc",ꪼꪡ ꪡꪳꪙ,True
"đèn đóm, đèn thào, đèn đuốc",ꪼꪡ ꪡꪳꪙ,True
củi lửa,ꪼꪡ ꪡꪳꪙ,False
rẽ,ꪼꪡ꪿,False
ghẽ,ꪼꪡ꪿,False
quả,ꪠꪰꪀ,False
rau,ꪠꪰꪀ,False
"bao, vỏ",ꪠꪰꪀ,False
"bao, ruột,",ꪠꪰꪀ,True
khui vỏ,ꪠꪰꪀ,True
đeo,ꪠꪰꪀ,False
"nhặt,",ꪠꪰꪀ,True
"éo,",ꪠꪰꪀ,True
rau sam,ꪠꪰꪀ ꪚꪸ꫁,False
rau muống,ꪠꪰꪀ ꪶꪚ꫁ꪉ,False
rau cải,ꪠꪰꪀ ꪀꪱꪒ,False
su hào,ꪠꪰꪀ ꪀꪱꪒ ꪚ꫁ꪽ,False
"cải bắp, bắp cải",ꪠꪰꪀ ꪀꪱꪒ ꪮꪴꪚ,False
"riu bắp, bắp cải",ꪠꪰꪀ ꪀꪱꪒ ꪮꪴꪚ,True
"cải bắp, bắp cải",ꪶꪨꪣ ꪀꪱꪒ ꪮꪴꪚ,True
rau dớn,ꪠꪰꪀ ꪀꪴꪒ,False
"lẫn, dớn",ꪠꪰꪀ ꪀꪴꪒ,True
rau sống,ꪠꪰꪀ ꪒꪲꪚ,False
nặc sống,ꪠꪰꪀ ꪒꪲꪚ,True
"rau cuống,",ꪠꪰꪀ ꪒꪲꪚ,True
rau đậu,ꪠꪰꪀ ꪬꪮꪣ,False
rau đậu,ꪼꪮ ꪬꪮꪣ,True
rau sảy,ꪠꪰꪀ ꪬꪮꪣ,True
rau dền,ꪠꪰꪀ ꪶꪬꪣ,False
rau dền,ꪶꪔꪣ ꪶꪬꪣ,True
rau tàu bay,ꪠꪰꪀ ꪐ꫁ꪱ ꪻꪚ ꪻꪋ,False
"đanh tàu trình,",ꪠꪰꪀ ꪐ꫁ꪱ ꪮꪾ꫁ ꪻꪋ,True
"rau thiếp, bay",ꪠꪰꪀ ꪐ꫁ꪱ ꪻꪚ ꪻꪋ,True
"rau cỏ, rau dưa",ꪠꪰꪀ ꪘꪷ꪿,False
"rau cỏ, rau dưa",ꪵꪊꪨ ꪘꪷ꪿,True
rau má,ꪠꪰꪀ ꪘꪮꪀ,False
rau má,ꪮ꫁ꪱꪥ ꪘꪮꪀ,True
rau dền,ꪠꪰꪀ ꪘꪮꪀ,True
rau mồng tơi,ꪠꪰꪀ ꪜꪰꪉ,False
"rau mồng vượt,",ꪠꪰꪀ ꪜꪰꪉ,True
rau mồng soi,ꪠꪰꪀ ꪜꪰꪉ,True
lá lốt,ꪠꪰꪀ ꪹꪯꪷꪩꪒ,False
rau bí,ꪠꪰꪀ ꪮꪳꪀ,False
rau ngót,ꪠꪰꪀ ꪪꪱꪙ ꪮꪮꪒ,False
rau ngót,ꪠꪰꪀ ꪶꪬ꪿ ꪮꪮꪒ,True
dưng côi,ꪠꪰꪀ ꪪꪱꪙ ꪮꪮꪒ,True
"rau cỏ bợ, rau bợ",ꪠꪰꪀ ꪵꪫ꪿ꪙ,False
"nón phấn bợ, ngon bợ",ꪠꪰꪀ ꪵꪫ꪿ꪙ,True
bí xanh,ꪡꪰꪀ,False
"bí nữa,",ꪡꪰꪀ,True
bí uyển,ꪡꪰꪀ,True
ấp,ꪡꪰꪀ,False
ấp,ꪝꪸ꪿,True
băm,ꪡꪰꪀ,False
sởn,ꪡꪰꪀ,True
lập cập,ꪡꪰꪀ ꪡꪰꪀ,False
băm vằm,ꪡꪰꪀ ꪠꪾ,False
đinh nhọt,ꪠꪾ꫁,False
"đinh hang,",ꪠꪾ꫁,True
nhẩm,ꪡꪾ꪿,False
mách lẻo,ꪡꪾ꪿,False
mách kí,ꪡꪾ꪿,True
mơ,ꪠꪽ,False
mộng,ꪠꪽ,False
rậm,ꪠ꫁ꪽ,False
rậm,ꪎꪲ꫁ꪫ,True
sai,ꪠ꫁ꪽ,False
bống,ꪠ꫁ꪽ,True
se,ꪠ꫁ꪽ,False
lùng,ꪠ꫁ꪽ,True
"bện, đánh",ꪠ꫁ꪽ,False
"bện, đánh",ꪜ꫁ꪱꪙ,True
xoắn,ꪠ꫁ꪽ,False
hàm,ꪡꪽ,False
"ngữ, giống",ꪡꪽ,False
chém,ꪡꪽ,False
bia,ꪡꪽ,True
dân tộc,ꪡꪽ ꪶꪁꪙ,False
chủng tộc,ꪡꪽ ꪶꪁꪙ,False
vóc to,ꪡꪽ ꪶꪁꪙ,True
chép bặp,ꪡꪽ ꪶꪜ꪿ꪀ,False
chép bặp,ꪡꪽ ꪵꪀꪉ,True
chôn,ꪠꪰꪉ,False
âm,ꪶꪠꪉ,True
ở lì,ꪠꪰꪉ ꪕꪰ꪿ꪉ,False
chạm trán,ꪠꪰꪉ ꪕꪰ꪿ꪉ,False
chôn chân,ꪠꪰꪉ ꪔꪲꪙ,False
nghe,ꪡꪰꪉ,False
"địu,",ꪡꪰꪉ,True
"nghe lời, vâng lời",ꪡꪰꪉ ꪁꪫꪱꪣ,False
"nghe giặc, vâng ꪠꪲ",ꪡꪰꪉ ꪁꪫꪱꪣ,True
"chếnh lời, vâng lời",ꪡꪰꪉ ꪁꪫꪱꪣ,True
phăng,ꪡꪰ꪿ꪉ,False
"phụt,",ꪡꪰ꪿ꪉ,True
"súc, tấm",ꪠꪰꪒ,False
sảy,ꪠꪰꪒ,False
xõng,ꪠꪰꪒ,True
bức bách,ꪠꪰꪒ,False
bức dường,ꪠꪰꪒ,True
"định, quyết án",ꪠꪰꪒ,False
"định, quyết mạt",ꪠꪰꪒ,True
"định, cụn án",ꪠꪰꪒ,True
khoán,ꪠꪰꪒ,False
thách cưới,ꪠꪰꪒ ꪹꪮꪱ,False
thách cưới,ꪠꪰꪒ ꪤꪰꪉ,True
thách xổm,ꪠꪰꪒ ꪹꪮꪱ,True
keo kiệt,ꪠꪰꪒ ꪖꪲ꪿,False
định tội,ꪠꪰꪒ ꪶꪕ꫁ꪥ,False
pha miền,ꪠꪰꪒ ꪶꪕ꫁ꪥ,True
cổng chào,ꪠꪰꪒ ꪔꪴ ꪀꪴ꫁ꪉ,False
vụt,ꪡꪰꪒ,False
"quật, quất",ꪡꪰꪒ,False
"quật, lao,",ꪡꪰꪒ,True
"lẩm, nốc",ꪡꪰꪒ,False
"chứ tong,",ꪡꪰꪒ,True
đập,ꪡꪰꪒ,False
hỡn,ꪡꪰꪒ,True
vập,ꪡꪰꪒ,False
cầy,ꪡꪰꪒ,True
quẫy,ꪡꪰꪒ,False
vút,ꪡꪰꪒ ꪡꪲ꪿,False
rải,ꪡꪰꪒ ꪼꪎ꪿,False
rải,ꪶꪛ꪿ ꪼꪎ꪿,True
bẹp,ꪵꪠ꪿,False
phanh,ꪵꪠ꪿,False
phính,ꪵꪠ꪿,False
phính,ꪵꪬ꪿,True
phính,ꪀ꫁ꪱ,True
bẹt dính,ꪵꪠ꪿ ꪵꪩꪚ ꪵꪕꪚ,False
bẹt tàn,ꪵꪠ꪿ ꪵꪩꪚ ꪹꪯꪷ꫁,True
bẹt dính,ꪚꪲ ꪵꪩꪚ ꪵꪕꪚ,True
toét,ꪵꪠ꪿ ꪹꪜꪸꪨ꪿ꪙ,False
"hét, quát, thét",ꪵꪠ꫁,False
quát mắng,ꪵꪠ꫁ ꪒ꪿ꪱ,False
rảo mắng,ꪵꪠ꫁ ꪒ꪿ꪱ,True
quát mắng,ꪮꪮꪒ ꪒ꪿ꪱ,True
"hét ầm, thét ầm",ꪵꪠ꫁ ꪵꪠꪒ,False
bài tây,ꪵꪡ,False
bài tây,ꪁꪷ,True
vái,ꪵꪠꪀ,False
bì bạch,ꪵꪠꪀ ꪵꪠꪀ,False
bì bạch,ꪵꪠꪀ ꪹꪛꪱ,True
nhẵn,ꪵꪡꪀ ꪵꪡꪀ,False
tốp,ꪵꪠꪙ,False
"lũ, bọn, bầy",ꪵꪠꪙ,False
"lũ, thính bầy",ꪵꪠꪙ,True
"lũ, nghênh bầy",ꪵꪠꪙ,True
mụn,ꪵꪠ꪿ꪙ,False
mụn,ꪤ꫁ꪱꪉ,True
lượn lờ,ꪵꪠ꪿ꪙ ꪵꪋ꫁ꪙ,False
"vẫn, phứa",ꪵꪠ꪿ꪙ ꪵꪋ꫁ꪙ,True
"lượn him,",ꪵꪠ꪿ꪙ ꪵꪋ꫁ꪙ,True
"thế giới, hoàn cầu",ꪵꪠ꪿ꪙ ꪒꪲꪙ,False
"thế giới, mãi cầu",ꪵꪠ꪿ꪙ ꪒꪲꪙ,True
"thế giới, hoàn dề",ꪵꪠ꪿ꪙ ꪒꪲꪙ,True
vũ trụ,ꪵꪠ꪿ꪙ ꪡ꫁ꪱ,False
bung trụ,ꪵꪠ꪿ꪙ ꪡ꫁ꪱ,True
phèn,ꪵꪡꪙ,False
nẹp áo dài phụ nữ đoạn xẻ nách,ꪵꪡꪙ,False
nẹp quầng dài cưỡng nữ đoạn xẻ nách,ꪵꪡꪙ,True
nẹp áo dài nghĩ nữ đoạn đúk: nách,ꪵꪡꪙ,True
quét,ꪵꪠ꫁ꪫ,False
"hết sạch, sạch sành sanh",ꪵꪠ꫁ꪫ ꪵꪋ꫁ꪀ,False
"rười sạch, sạch sành sanh",ꪵꪠ꫁ꪫ ꪵꪋ꫁ꪀ,True
"hết sạch, sạch pày sanh",ꪭꪱꪀ ꪶꪚ꪿ꪀ,True
"quét cước, quét dọn",ꪵꪠ꫁ꪫ ꪠꪰꪒ,False
"quét cước, sủa bì,",ꪵꪠ꫁ꪫ ꪠꪰꪒ,True
phép,ꪵꪠꪚ,False
phép,ꪏꪩꪴ꫁ꪣ,True
phép,ꪵꪠꪚ,False
phép,ꪵꪠꪚ,False
phép tính,ꪵꪠꪚ ꪔꪲ꪿ꪉ,False
phép tính,ꪨꪮꪚ ꪐ꫁ꪽ,True
"tẹt, xẹp",ꪵꪡꪚ,False
đẹt đét,ꪵꪡꪚ ꪵꪩꪚ ꪵꪕꪚ,False
"đẹt gừ,",ꪥꪮꪀ ꪵꪩꪚ ꪵꪕꪚ,True
phết,ꪵꪠꪒ,False
khìn khịt,ꪵꪡꪒ ꪵꪡꪒ,False
khìn giằm,ꪵꪡꪒ ꪵꪡꪒ,True
"bên, phe",ꪹꪡꪸ꫁,False
"dọa, hù",ꪹꪠꪸ꪿ꪀ,False
phẹt,ꪹꪠꪸꪀ,False
thóp,ꪹꪠꪸꪀ,True
phình phịch,ꪹꪠꪸꪀ ꪹꪠꪸꪀ,False
phình phịch,ꪄ꫁ꪫꪱꪉ ꪹꪠꪸꪀ,True
phình quàn,ꪹꪠꪸꪀ ꪹꪠꪸꪀ,True
lõm bõm,ꪹꪡꪸꪀ ꪹꪡꪸꪀ,False
sùm sụp,ꪹꪠꪸ꪿ꪣ ꪹꪠꪸ꫁,False
khuẩn sụp,ꪹꪠꪸ꪿ꪣ ꪹꪠꪸ꫁,True
phèn phẹt,ꪹꪠꪸ꪿ꪣ ꪹꪠꪸ꫁,False
"đùi bục,",ꪹꪠꪸ꪿ꪣ ꪹꪠꪸ꫁,True
"từng danh, lừng lẫy",ꪹꪡꪸꪉ ꪏ꪿ꪱ,False
"từng danh, đĩ lẫy",ꪤꪸꪫ ꪏ꪿ꪱ,True
từng quà lừng lẫy,ꪹꪡꪸꪉ ꪏ꪿ꪱ,True
dẹt,ꪹꪡꪸꪚ ꪹꪩꪸꪚ ꪹꪕꪸꪚ,False
"võng,",ꪹꪓꪷꪥ ꪹꪩꪸꪚ ꪹꪕꪸꪚ,True
dẹt,ꪼꪀ꫁ ꪹꪩꪸꪚ ꪹꪕꪸꪚ,True
cay,ꪹꪠꪸꪒ,False
chồng,ꪹꪠꪸꪒ,True
cay đắng,ꪹꪠꪸꪒ ꪹꪁꪸꪣ,False
cay trì,ꪹꪠꪸꪒ ꪹꪁꪸꪣ,True
khụt khịt,ꪹꪡꪸꪒ ꪹꪡꪸꪒ,False
khụt họp,ꪹꪡꪸꪒ ꪹꪡꪸꪒ,True
"nhọt, mụn",ꪠꪲ,False
"thè, mụn",ꪠꪲ,True
"ma, quỷ",ꪠꪲ,False
dường quỷ,ꪠꪲ,True
quỷ sứ,ꪠꪲ ꪚ꫁ꪱ,False
mang tội,ꪠꪲ ꪚꪱꪚ,False
mang tội,ꪠꪲ ꪏ꪿ꪽ,True
ma gà,ꪠꪲ ꪹꪀꪒ,False
"oắt con, oe con",ꪠꪲ ꪹꪀꪒ,False
"ghé, con, oe con",ꪠꪲ ꪵꪏꪫ,True
hồn vía,ꪠꪲ ꪄꪺꪙ,False
hồn vía,ꪠꪲ ꪊꪲ꫁ꪣ,True
ma thiêng,ꪠꪲ ꪄꪺꪉ,False
ma giữ,ꪠꪲ ꪄꪺꪉ,True
ma vương,ꪠꪲ ꪨꪺꪉ,False
"ma bánh,",ꪠꪲ ꪨꪺꪉ,True
ma rừng,ꪠꪲ ꪜ꪿ꪱ,False
ma rừng,ꪠꪲ ꪜꪱꪫ,True
ma xúy,ꪠꪲ ꪜ꪿ꪱ,True
cô hồn,ꪠꪲ ꪼꪝ,False
ma cà rồng,ꪠꪲ ꪶꪡꪉ,False
ma trẹo rồng,ꪠꪲ ꪶꪡꪉ,True
"thây ma, xác chết",ꪠꪲ ꪔꪱꪥ,False
"thây ma, xác chái",ꪠꪲ ꪔꪱꪥ,True
thây siểng xác chết,ꪠꪲ ꪔꪱꪥ,True
ma chay,ꪠꪲ ꪎꪱꪉ,False
ma chay,ꪄꪳ꫁ꪙ ꪎꪱꪉ,True
ma cà lồ,ꪠꪲ ꪏꪉ꫁ꪱꪙ,False
ma cà lồ,ꪠꪲ ꪹꪔꪷ,True
vạch,ꪠꪲ꪿,False
mùa,ꪠꪲ꪿,True
vành,ꪠꪲ꪿,False
vành,ꪮꪱꪙ,True
"rạng sáng, rạng ngày",ꪠꪲ꪿ ꪭꪴ꪿ꪉ,False
rạng loà rạng ngày,ꪠꪲ꪿ ꪭꪴ꪿ꪉ,True
bảnh mắt,ꪠꪲ꪿ ꪭꪴ꪿ꪉ,False
phi,ꪡꪲ,False
sột soạt,ꪡꪲ ꪶꪡꪚ,False
sột ngược,ꪡꪲ ꪶꪡꪚ,True
bạu soạt,ꪡꪲ ꪩꪮꪚ,True
phều phào,ꪡꪲ ꪹꪡꪷ,False
phảu nhoà,ꪡꪲ ꪹꪡꪷ,True
mơn mởn,ꪡꪲ ꪹꪡ꫁,False
phìa,ꪡꪸ,False
khuất,ꪡꪸ,True
"xỏ,",ꪡꪸ,True
chánh tổng,ꪡꪸ ꪵꪊ꪿ꪉ,False
lí trưởng,ꪡꪸ ꪨꪲ꪿,False
ngòi trưởng,ꪡꪸ ꪨꪲ꪿,True
lí trưởng,ꪡꪸ ꪄꪮꪚ,True
phó lí,ꪡꪸ ꪠꪷ꪿,False
"phó xôi,",ꪡꪸ ꪠꪷ꪿,True
"cụ phìa, cụ lớn",ꪡꪸ ꪝꪷ꪿,False
"khay phìa, cụ lớn",ꪡꪸ ꪝꪷ꪿,True
quặt,ꪡꪸꪀ,False
"hang,",ꪡꪸꪀ,True
húc,ꪡꪸꪀ,False
óng,ꪵꪉꪚ,True
phiên,ꪠꪸꪙ,False
phiền,ꪡꪸꪙ,False
lọc,ꪡꪸꪙ,True
phiền lòng,ꪡꪸꪙ ꪻꪊ,False
phiền muộn,ꪡꪸꪙ ꪹꪈꪱ,False
"địu, muộn",ꪡꪸꪙ ꪹꪈꪱ,True
"đồng, bãi",ꪠꪸꪉ,False
sân,ꪠꪸꪉ,False
cao nguyên,ꪠꪸꪉ,False
san,ꪠꪸꪉ,False
đàn,ꪠꪸꪉ,False
đàn,ꪖꪳ꫁,True
nhoẹt,ꪠꪸꪉ,True
"sân bóng, bãi bóng",ꪠꪸꪉ ꪚ꪿ꪮꪉ,False
"sân bóng, bãi mèn",ꪠꪸꪉ ꪤꪱ,True
bãi thoai thoải,ꪠꪸꪉ ꪋ꫁ꪮꪥ,False
bãi bời thoải,ꪹꪡ꫁ꪉ ꪋ꫁ꪮꪥ,True
đồng cỏ,ꪠꪸꪉ ꪐ꫁ꪱ,False
đồng toi,ꪠꪸꪉ ꪐ꫁ꪱ,True
đồng len,ꪠꪸꪉ ꪐ꫁ꪱ,True
sân bay,ꪠꪸꪉ ꪵꪎ ꪚꪲꪙ,False
sân chui,ꪠꪸꪉ ꪵꪎ ꪚꪲꪙ,True
chăng,ꪠꪸꪒ,False
lối,ꪠꪸꪒ,True
đặt,ꪠꪸꪒ,False
"phượu,",ꪠꪸꪒ,True
sánh duyên,ꪠꪸꪒ ꪵꪠꪉ,False
khố duyên,ꪠꪸꪒ ꪵꪠꪉ,True
phía,ꪠꪸ꪿ꪫ,False
vèo vèo,ꪠꪲꪙ ꪠꪲꪙ,False
"vèo lụn,mạt",ꪠꪲꪙ ꪠꪲꪙ,True
vèo vèo,ꪶꪡꪀ ꪠꪲꪙ,True
sưởi,ꪠꪲꪉ,False
"sưởi nắng, tắm nắng",ꪠꪲꪉ ꪵꪒꪒ,False
"sai, trái",ꪠꪲꪒ,False
"trượt, chệch, trật",ꪠꪲꪒ,False
"đuối chệch, trật",ꪹꪕꪙ,True
"xờm chệch, trật",ꪹꪮ꫁ꪥ,True
lỗi,ꪠꪲꪒ,False
phạm,ꪠꪲꪒ,False
"xích mích, mâu thuẫn",ꪠꪲꪒ,False
"xích mích, mọng, thuẫn",ꪠꪲꪒ,True
"trái ý, phật lòng",ꪠꪲꪒ ꪻꪊ,False
"bới ý, phật lòng",ꪠꪲꪒ ꪻꪊ,True
trái lệ,ꪠꪲꪒ ꪭꪲꪒ,False
mắc míu,ꪠꪲꪒ ꪄ꫁ꪮꪉ,False
sai trái,ꪠꪲꪒ ꪄ꫁ꪮꪉ,False
sai trái,ꪵꪜꪨꪚ ꪄ꫁ꪮꪉ,True
sai trái,ꪠꪲꪒ ꪋꪺ,True
trái lí,ꪠꪲꪒ ꪨꪲ꪿,False
đúng sai,ꪠꪲꪒ ꪵꪣ꪿ꪙ,False
"bùi nhùi, nùi",ꪠꪲꪒ ꪠꪮꪥ,False
sai bét,ꪠꪲꪒ ꪜꪳ꫁ꪉ,False
"sai khù,",ꪠꪲꪒ ꪜꪳ꫁ꪉ,True
"sừng, bét",ꪠꪲꪒ ꪜꪳ꫁ꪉ,True
trượt tuốt,ꪠꪲꪒ ꪜꪳ꫁ꪉ,False
"cù, tuốt",ꪏꪩ꪿ꪮꪙ ꪜꪳ꫁ꪉ,True
trượt tuốt,ꪄꪷ ꪜꪳ꫁ꪉ,True
ngẩn phắt,ꪡꪲꪒ,False
giật,ꪡꪲꪒ,False
vạn,ꪡꪲꪒ,True
hắt,ꪡꪲꪒ,False
nhốn,ꪡꪲꪒ,True
vụt,ꪠꪲꪫ,False
"xa rời, xa lìa",ꪠꪲꪫ ꪒ꪿ꪺꪙ,False
"xa rời, xa lìa",ꪚꪒꪱ ꪒ꪿ꪺꪙ,True
"chiếp rời, xa lìa",ꪠꪲꪫ ꪒ꪿ꪺꪙ,True
rắt,ꪠꪲ꪿ꪫ,False
song,ꪠꪲ꪿ꪫ,True
xì,ꪠꪲ꪿ꪫ,False
ngoạc,ꪠꪲ꪿ꪫ,True
xì,ꪄꪫꪱꪉ,True
tiết lộ,ꪠꪲ꪿ꪫ,False
trẹt lét,ꪵꪠꪨ ꪵꪔ,False
"ẵm, lét",ꪵꪠꪨ ꪵꪔ,True
trẹt chím,ꪵꪠꪨ ꪵꪔ,True
đành đạch,ꪵꪡꪩꪒ ꪵꪡꪩꪒ,False
đành đạch,ꪮꪱꪀ ꪵꪡꪩꪒ,True
đành xảu,ꪵꪡꪩꪒ ꪵꪡꪩꪒ,True
"ổ gà, hốc",ꪶꪠꪨꪀ,False
"ổ gà, luống",ꪶꪠꪨꪀ,True
ổ vắn hốc,ꪹꪅꪷꪙ꫁ꪀ,True
hang hốc,ꪶꪠꪨꪀ ꪹꪠꪸꪨꪀ,False
"mưu lược, mưu trí",ꪠꪐꪱ,False
"mưu mộng, mưu trí",ꪠꪐꪱ,True
suyễn,ꪡꪑꪱꪒ,False
húng,ꪵꪜꪫ,True
suyễn,ꪹꪨꪸꪙ,True
nướng,ꪠꪷ,False
nướng,ꪅ꫁ꪺꪉ,True
ngó,ꪠꪷ꪿,False
trông,ꪠꪷ꪿,False
ngước,ꪠꪷ꪿,False
tan,ꪠꪮꪥ,False
"tan tành, tan nát",ꪠꪮꪥ ꪏꪩꪾꪚ,False
giòn,ꪠ꪿ꪮꪥ,False
giòn,ꪫꪱꪫ,True
mau,ꪠ꪿ꪮꪥ,False
"đực, dái",ꪠꪮꪀ,False
"đực, niết",ꪠꪮꪀ,True
đập,ꪡꪮꪀ,False
"ục, nẹt",ꪡꪮꪀ,False
gầy,ꪠꪮꪣ,False
gầy hom,ꪠꪮꪣ ꪵꪋꪉꪉ,False
gầy yếu,ꪠꪮꪣ ꪹꪨꪉ,False
gầy đét,ꪠꪮꪣ ꪔꪱꪚ ꪤ꫁ꪱꪉ,False
gầy đét,ꪠꪮꪣ ꪔꪱꪚ ꪶꪁꪒ,True
"làng nhàng, lẳng khẳng, lẳng ngẳng",ꪠꪮꪣ ꪹꪎ,False
"làng nhàng, quắp khẳng, lẳng ngẳng",ꪠꪮꪣ ꪡ꪿ꪱꪉ,True
"lụn nhàng, lẳng khẳng, lẳng ngẳng",ꪠꪮꪣ ꪹꪎ,True
vôi,ꪠꪮꪙ,False
vôi sống,ꪠꪮꪙ ꪒꪲꪚ,False
hục sống,ꪠꪮꪙ ꪒꪲꪚ,True
vôi chín,ꪠꪮꪙ ꪎꪴ꪿ꪀ,False
dày chín,ꪠꪮꪙ ꪎꪴ꪿ꪀ,True
"thòng, thọng",ꪠ꪿ꪮꪙ,False
bó,ꪡ꪿ꪮꪙ,False
chế,ꪡ꪿ꪮꪙ,True
rộn,ꪡ꫁ꪮꪙ,False
xoáy,ꪡ꫁ꪮꪙ,True
"vợi,",ꪡ꫁ꪮꪙ,True
kêu ầm ĩ,ꪡ꫁ꪮꪙ,False
"kêu búng, lợt",ꪡ꫁ꪮꪙ,True
trào,ꪡ꫁ꪮꪙ,False
sùi,ꪡ꫁ꪮꪙ,False
võ thuật,ꪡ꫁ꪮꪉ ꪢꪸ꪿ꪉ,False
nhăng thuật,ꪡ꫁ꪮꪉ ꪢꪸ꪿ꪉ,True
võ độ,ꪡ꫁ꪮꪉ ꪢꪸ꪿ꪉ,True
đong,ꪠꪮꪉ,False
sóng,ꪡꪮꪉ,False
phòng,ꪡꪮꪉ,False
ố,ꪡꪮꪉ,True
sóng bạc đầu,ꪡ꪿ꪮꪉ ꪄꪱꪫ,False
sóng hình đầu,ꪡ꪿ꪮꪉ ꪄꪱꪫ,True
"bọt, bong bóng",ꪡꪮꪉ ꪡꪮꪒ,False
đến,ꪡ꪿ꪮꪉ,False
"hấp lại, hâm lại",ꪠꪮꪒ,False
"lòm lại, hâm lại",ꪠꪮꪒ,True
"bọt, tăm",ꪡꪮꪒ,False
"sùi, vọt",ꪡꪮꪒ,False
"gánh, vọt",ꪡꪮꪒ,True
sót vọt,ꪡꪳ꫁ꪙ,True
phố,ꪶꪠ꪿,False
"phố xá, phố phường",ꪶꪠ꪿ ꪕꪱꪥ,False
"phố xá, dưng, phường",ꪶꪠ꪿ ꪹꪡꪉ,True
phì phèo,ꪶꪡ꪿ ꪶꪡ꪿,False
vù vù,ꪶꪡ꪿ ꪶꪡ꪿,False
vù oặp,ꪶꪡ꪿ ꪯ꫁ꪽ,True
vù vù,ꪎꪲ꪿ꪫ ꪶꪡ꪿,True
phăng phăng,ꪶꪡ꪿ ꪶꪡ꪿,False
thả,ꪶꪠ꪿ꪀ,False
"kặp,",ꪶꪚ꪿ꪣ,True
"đặt, bỏ",ꪶꪠ꪿ꪀ,False
"đặt, nghiệp",ꪶꪠ꪿ꪀ,True
"buông câu, buông cần",ꪶꪠ꪿ꪀ ꪹꪚꪸꪒ,False
"buông câu, buông cần",ꪜꪸ꪿ꪉ ꪹꪚꪸꪒ,True
buông ngay buông cần,ꪶꪠ꪿ꪀ ꪉꪺꪣ,True
phá thai,ꪶꪠ꪿ꪀ ꪩꪴꪀ,False
phá thai,ꪶꪠ꪿ꪀ ꪭꪷ꪿,True
bỏ phiếu,ꪶꪠ꪿ꪀ ꪠꪸ꪿ꪫ,False
bỏ riêng,ꪶꪠ꪿ꪀ ꪠꪸ꪿ꪫ,True
thả dù,ꪶꪠ꪿ꪀ ꪏꪴ,False
thả xụ,ꪶꪠ꪿ꪀ ꪏꪴ,True
"ung, nhọt bọc",ꪶꪡ꫁ꪀ,False
"nhau, rau",ꪶꪡ꫁ꪀ ꪢꪱꪀ ꪐ꫁ꪱ,False
"ung độc, ung nhọt",ꪶꪡ꫁ꪀ ꪠꪲ,False
ung hỏi ung nhọt,ꪶꪡ꫁ꪀ ꪠꪲ,True
"lái độc, ung nhọt",ꪶꪡ꫁ꪀ ꪠꪲ,True
òm ọp,ꪶꪡꪀ ꪹꪡꪸꪀ,False
òm the,ꪶꪡꪀ ꪹꪡꪸꪀ,True
tóc,ꪶꪠꪣ,False
"tóc ngứa, tóc sâu",ꪶꪠꪣ ꪁꪽ,False
tóc thai tóc sâu,ꪶꪠꪣ ꪢ꪿ꪱ,True
"tóc ngứa, tóc buốt,",ꪶꪠꪣ ꪁꪽ,True
"trái đào, cun cút, cút",ꪶꪠꪣ ꪹꪋ꫁,False
tóc bạc,ꪶꪠꪣ ꪬꪮꪀ,False
tóc thề,ꪶꪠꪣ ꪭꪴ꪿ꪙ,False
"tóc mô,",ꪶꪠꪣ ꪭꪴ꪿ꪙ,True
"tóc máu, tóc măng, tóc tơ, tóc sữa",ꪶꪠꪣ ꪮ꪿ꪮꪙ,False
"tóc máu, tóc bình, nắng tơ, tóc sữa",ꪎ꪿ꪺꪥ ꪮ꪿ꪮꪙ,True
tóc mai,ꪶꪠꪣ ꪹꪡꪥ,False
nỉ mai,ꪶꪠꪣ ꪹꪡꪥ,True
mưa,ꪶꪠꪙ,False
mưa,ꪩꪱꪀ,True
mưa phùn,ꪶꪠꪙ ꪥꪴꪥ,False
mưa quại,ꪶꪠꪙ ꪥꪴꪥ,True
mưa rào,ꪶꪠꪙ ꪬ꪿ꪱ,False
mưa bóng mây,ꪶꪠꪙ ꪼꪨ ꪵꪚ꫁,False
mưa dầm,ꪶꪠꪙ ꪩꪲꪙ,False
sì tơi,ꪶꪠꪙ ꪩꪲꪙ,True
mưa gió,ꪶꪠꪙ ꪶꪩꪣ,False
"mưa ham,",ꪶꪠꪙ ꪶꪩꪣ,True
bão nước,ꪶꪠꪙ ꪶꪩꪣ,False
mưa đá,ꪶꪠꪙ ꪢꪱꪀ ꪹꪬꪸꪚ,False
mưa đá,ꪶꪠꪙ ꪋ꫁ꪱꪫ ꪹꪬꪸꪚ,True
bay,ꪶꪠꪉ,False
loạn xạ,ꪶꪠꪉ ꪶꪠꪉ,False
bổng xạ,ꪶꪠꪉ ꪶꪠꪉ,True
vùng,ꪶꪠ꫁ꪉ,False
"ối,",ꪶꪠ꫁ꪉ,True
khu vực,ꪶꪠ꫁ꪉ ꪶꪩ,False
khu xong,ꪶꪠ꫁ꪉ ꪶꪩ,True
háu đói,ꪶꪡꪉ ꪒꪲꪚ,False
háu đói,ꪏ꪿ꪮꪙ ꪒꪲꪚ,True
háu đay,ꪶꪡꪉ ꪒꪲꪚ,True
nam châm,ꪶꪡꪉ ꪀꪲꪙ ꪹꪨꪸ꪿ꪀ,False
cháy bùng,ꪶꪡꪚ,False
cháy Chuẩn,ꪶꪡꪚ,True
ga bùng,ꪶꪡꪚ,True
loạt xoạt,ꪶꪡꪚ ꪶꪡꪚ,False
"phành phạch, phạch phạch",ꪶꪡꪚ ꪶꪡꪚ,False
"phành phạch, phạch phạch",ꪊꪴꪀ ꪶꪡꪚ,True
cuộn,ꪶꪠꪒ,False
kết thành quả,ꪶꪠꪒ,False
tơi thành ngôi,ꪶꪠꪒ,True
kết nghèo quả,ꪶꪠꪒ,True
"chà, chà chạnh",ꪶꪡꪒ,False
"chà, ải, chạnh",ꪶꪡꪒ,True
sôi,ꪶꪡꪒ,False
ngàn,ꪶꪡꪒ,True
sôi,ꪒꪳ꪿ꪙ,True
"sôi, náo",ꪶꪡꪒ,False
"sôi, ngắt",ꪶꪡꪒ,True
"sôi, đảo",ꪶꪡꪒ,True
qua loa,ꪶꪡꪒ ꪡꪱꪒ,False
qua chói,ꪹꪄ꪿ ꪡꪱꪒ,True
"sôi động, náo động",ꪶꪡꪒ ꪡꪳ꫁ꪙ,False
"sôi tha, náo động",ꪶꪡꪒ ꪡꪳ꫁ꪙ,True
"sôi động, náo chè,",ꪶꪡꪒ ꪡꪳ꫁ꪙ,True
phở,ꪹꪠꪷ꫁,False
phở xào,ꪹꪠꪷ꫁ ꪄ꫁ꪺ,False
phở vắng:,ꪼꪛ ꪄ꫁ꪺ,True
khấn xào,ꪹꪠꪷ꫁ ꪄ꫁ꪺ,True
phở nước,ꪹꪠꪷ꫁ ꪙꪾ꫁,False
nếu,ꪹꪠꪷ꪿ꪥ,False
đăng,ꪹꪠꪷ꪿ꪥ,True
bĩnh,ꪹꪠꪷ꪿ꪥ,True
sân chầu,ꪹꪠꪷꪙ ꪹꪋꪱ,False
"Dự về,",ꪹꪠꪷꪙ ꪹꪋꪱ,True
sân chầu,ꪅꪮꪙ ꪹꪋꪱ,True
phấn,ꪹꪠꪷ꪿ꪙ,False
đo,ꪹꪠꪷ꪿ꪙ,True
phấn,ꪹꪠꪷ꪿ꪙ,False
lợ,ꪹꪠꪷ꪿ꪙ,False
đầu,ꪹꪠꪷ꪿ꪙ,True
nhạt,ꪹꪠꪷ꪿ꪙ,False
nhạt,ꪋꪲ,True
phần,ꪹꪡꪷꪙ,False
"phần lớn, phần nhiều, phần đông",ꪹꪡꪷꪙ ꪨꪱꪥ,False
"nhôi bật phần nhiều, phần đông",ꪹꪝꪷ꫁ꪉ ꪨꪱꪥ,True
để phần,ꪹꪡꪷꪙ ꪼꪫ꫁,False
giảm ngách,ꪹꪡꪷꪙ ꪼꪫ꫁,True
ngỏ,ꪹꪠꪷ꪿ꪉ,False
hụ,ꪶꪒ꫁ꪙ,True
xòe,ꪹꪠꪷ꪿ꪉ,False
xòe,ꪵꪄꪣ,True
chờm,ꪹꪠꪷ꪿ꪉ,False
tạy,ꪹꪠꪷ꪿ꪉ,True
mở tung,ꪹꪠꪷ꪿ꪉ ꪹꪚꪷꪬꪉ,False
mở tung,ꪹꪠꪷ꪿ꪉ ꪶꪤꪒ,True
xúng xính,ꪹꪠꪷ꪿ꪉ ꪹꪚꪷꪬꪉ,False
"rụng, xính",ꪹꪠꪷ꪿ꪉ ꪹꪚꪷꪬꪉ,True
"xúng đồ,",ꪹꪠꪷ꪿ꪉ ꪹꪚꪷꪬꪉ,True
bao dung,ꪹꪠꪷ꪿ꪉ ꪵꪊ,False
nhăn dung,ꪹꪠꪷ꪿ꪉ ꪵꪊ,True
đỡ đần,ꪹꪠꪷ꪿ꪉ ꪹꪤ,False
đỡ đần,ꪹꪠꪷ꪿ꪉ ꪔꪾ꪿,True
lượng tình,ꪹꪠꪷ꪿ꪉ ꪀ꫁ꪫꪱꪉ,False
lượng viện,ꪹꪠꪷ꪿ꪉ ꪀ꫁ꪫꪱꪉ,True
"tự, tình",ꪹꪠꪷ꪿ꪉ ꪀ꫁ꪫꪱꪉ,True
ong khoái,ꪹꪠꪷ꫁ꪉ,False
đái khoái,ꪡꪴꪣ,True
sáp ong,ꪹꪠꪷ꫁ꪉ,False
phu,ꪠꪴ,False
"bác,",ꪠꪴ,True
hưỡng,ꪗꪱꪥ,True
bộ,ꪠꪴ꪿,False
xét,ꪠꪴ꪿,True
"phà, hà",ꪠꪴ꪿,False
hải hà,ꪠꪴ꪿,True
phun,ꪠꪴ꪿,False
cỗ ván,ꪠꪴ꪿ ꪶꪩꪉ,False
hận ván,ꪠꪴ꪿ ꪶꪩꪉ,True
áo quan,ꪠꪴ꪿ ꪼꪣ꫁,False
"mừng, quan",ꪠꪴ꪿ ꪼꪣ꫁,True
bộ khung,ꪠꪴ꪿ ꪼꪣ꫁,False
bộ lệch,ꪠꪴ꪿ ꪀꪮꪥ,True
phủ,ꪠꪴ꫁,False
"người, kẻ",ꪠꪴ꫁,False
con,ꪠꪴ꫁,False
con,ꪒꪴ꫁ꪉ,True
"con trai, trai tân",ꪠꪴ꫁ ꪚ꪿ꪱꪫ,False
con đốm trai tân,ꪠꪴ꫁ ꪚ꪿ꪱꪫ,True
con xả trai tân,ꪠꪴ꫁ ꪚ꪿ꪱꪫ,True
"con trai, đàn ông, nam giới",ꪠꪴ꫁ ꪋꪱꪥ,False
"con giẻ, đàn đột bãi, giới",ꪠꪴ꫁ ꪋꪱꪥ,True
con người,ꪠꪴ꫁ ꪶꪁꪙ,False
răng người,ꪠꪴ꫁ ꪶꪁꪙ,True
"lén, người",ꪠꪴ꫁ ꪶꪁꪙ,True
kẻ khó,ꪠꪴ꫁ ꪼꪭ꫁,False
kẻ phố,ꪠꪴ꫁ ꪭꪸꪀ,True
"con gái, đàn bà, phụ nữ, nữ giới",ꪠꪴ꫁ ꪑꪲꪉ,False
"con gái, báng bà, phụ nữ, nữ giới",ꪠꪴ꫁ ꪑꪲꪉ,True
"sống, gái, đàn bà, phụ xa nữ giới",ꪠꪴ꫁ ꪑꪲꪉ,True
"con gái, gái tân",ꪠꪴ꫁ ꪎꪱꪫ,False
"con gái, gái tân",ꪙꪮꪀ ꪎꪱꪫ,True
"bão gái, gái tân",ꪮꪲ꪿ꪣ ꪀ꫁ꪺꪥ,True
nổi,ꪡꪴ,False
"kẽ,",ꪡꪴ,True
chồng,ꪠꪺ,False
ngựa,ꪠꪺ,True
chồng cũ,ꪠꪺ ꪭ꫁ꪱꪉ,False
"cha, cũ",ꪠꪺ ꪭ꫁ꪱꪉ,True
chồng chưa cưới,ꪠꪺ ꪹꪄꪥ,False
sì nút cưới,ꪠꪺ ꪹꪄꪥ,True
chồng chưa cả,ꪠꪺ ꪹꪄꪥ,True
vợ chồng,ꪠꪺ ꪣꪸ,False
vợ chồng,ꪪꪱ ꪣꪸ,True
ráy,ꪠꪴ꪿ꪀ,False
gỗ,ꪀꪔꪷ,True
phúc,ꪠꪴ꪿ꪀ,False
phúc,ꪶꪨ꪿ꪣ,True
phúc hậu,ꪠꪴ꪿ꪀ ꪚꪴꪙ,False
phúc khối,ꪠꪴ꪿ꪀ ꪚꪴꪙ,True
đủ hậu,ꪠꪴ꪿ꪀ ꪚꪴꪙ,True
phúc đức,ꪠꪴ꪿ꪀ ꪒꪳ꪿ꪀ,False
bao đức,ꪠꪴ꪿ꪀ ꪹꪈꪸ꪿ꪉ,True
dọc mùng,ꪠꪴ꪿ꪀ ꪎꪷ꪿-ꪮꪮꪀ,False
phang,ꪡꪴ꫁ꪀ,False
"đậu,",ꪡꪴ꫁ꪀ,True
vụt,ꪡꪴ꫁ꪀ ꪡ꪿ꪱꪫ,False
phục phào,ꪡꪴ꫁ꪀ ꪡꪲ꪿,False
phục phào,ꪡꪴ꫁ꪀ ꪭ꫁ꪺꪥ,True
"lấm tấm, nhè nhẹ",ꪠꪴꪥ ꪠꪴꪥ,False
"lấm tấm, nhè chèo",ꪠꪴꪥ ꪠꪴꪥ,True
"lấm tấm, trí, nhẹ",ꪠꪴꪥ ꪠꪴꪥ,True
thối,ꪡꪴ꫁ꪥ,False
"buộc, trói",ꪠꪴꪀ,False
trói ké,ꪠꪴꪀ ꪄꪰꪒ ꪵꪄ꫁,False
trói ké,ꪠꪴꪀ ꪄꪰꪒ ꪤ꪿ꪽ,True
buộc chỉ cổ tay,ꪠꪴꪀ ꪵꪄꪙ,False
buộc rối cổ tay,ꪠꪴꪀ ꪵꪄꪙ,True
trói tôm,ꪠꪴꪀ ꪄꪲꪙ ꪜ꫁ꪮꪣ,False
trói tôm,ꪠꪴꪀ ꪄꪲꪙ ꪅꪺ,True
buộc quai dọ,ꪠꪴꪀ ꪄꪮꪒ ꪭꪴꪒ,False
buộc quai dọ,ꪔꪸꪀ ꪄꪮꪒ ꪭꪴꪒ,True
buộc bịn,ꪠꪴꪀ ꪣꪰꪒ,False
trói buộc,ꪠꪴꪀ ꪣꪰꪒ,False
trói gô,ꪠꪴꪀ ꪘ꪿ꪮꪉ ꪙ꫁ꪮꪀ,False
trói gô,ꪙꪾ ꪘ꪿ꪮꪉ ꪙ꫁ꪮꪀ,True
chiếu,ꪡꪴꪀ,False
nằm,ꪡꪴꪣ,False
đầm,ꪡꪴꪣ,False
ẹp,ꪡꪴꪣ ꪹꪮꪸꪢꪚ,False
lễ cầu xin,ꪠꪴ꪿ꪙ,False
lễ cầu xin,ꪊꪳꪉ,True
lều bều,ꪠꪴ꪿ꪙ ꪠ꪿ꪱꪙ,False
chủi bều,ꪠꪴ꪿ꪙ ꪠ꪿ꪱꪙ,True
oán hờn,ꪡꪴꪙ,False
hờn dỗi,ꪡꪴꪙ ꪋꪸꪒ,False
hờn dỗi,ꪡꪴꪙ ꪵꪊꪀ,True
giận dỗi,ꪡꪴꪙ ꪼꪐ,False
giận dỗi,ꪡꪴꪙ ꪹꪬꪷ꪿ꪉ,True
"thung, dỗi",ꪄꪴꪒ ꪼꪐ,True
"thiên cung, trời xanh",ꪡꪴꪙ ꪹꪘ,False
"dạn cung, trời xanh",ꪹꪨ꫁ ꪹꪘ,True
"mơ, mai",ꪠꪴꪉ,False
phong,ꪠꪴꪉ,False
vá,ꪠꪴꪉ,False
khỏa,ꪠꪴꪉ,True
"chúng ta, chúng mình",ꪠꪴꪉ ꪹꪭꪱ,False
mạng,ꪠꪴꪉ ꪼꪢ,False
"bí,",ꪠꪴꪉ ꪼꪢ,True
phường bạn,ꪠꪴꪉ ꪹꪡꪉ,False
phường bạn,ꪵꪤꪚ ꪹꪡꪉ,True
"phong bì, phong thư",ꪠꪴꪉ ꪎꪳ,False
"phong giỏ phong dượng,",ꪠꪴꪉ ꪎꪳ,True
"phong bì, phong đỏm,",ꪠꪴꪉ ꪎꪳ,True
"bắn, túa",ꪡꪴ꫁ꪉ,False
vã,ꪡꪴ꫁ꪉ,False
bắn tung tóe,ꪡꪴ꫁ꪉ ꪊ꪿ꪱꪙ ꪊ꪿ꪱꪙ,False
xửa tung tóe,ꪡꪴ꫁ꪉ ꪊ꪿ꪱꪙ ꪊ꪿ꪱꪙ,True
bắn tung vảy,ꪡꪴ꫁ꪉ ꪊ꪿ꪱꪙ ꪊ꪿ꪱꪙ,True
"nháo nhác, táo tác, xáo xác",ꪡꪴ꫁ꪉ ꪡꪲ,False
"nháo nhác, táo tác, xáo bao",ꪡꪴ꫁ꪉ ꪡꪲ,True
"nháo nhác, chửng tác, xáo xác",ꪡꪴ꫁ꪉ ꪡꪲ,True
tung tóe,ꪠꪴꪉ ꪡꪺꪀ,False
"tung giống,",ꪠꪴꪉ ꪡꪺꪀ,True
tan tác,ꪠꪴꪉ ꪡꪺꪀ,False
tan tác,ꪮꪲꪒ ꪡꪺꪀ,True
ục,ꪡꪺꪀ,False
bì bõm,ꪡꪺꪀ ꪡꪺꪀ,False
bì bõm,ꪡꪺꪀ ꪹꪮ,True
phì phò,ꪡꪳ꪿ ꪡꪳ꪿,False
"vập, phò",ꪡꪳ꪿ ꪡꪳ꪿,True
tết,ꪹꪠ,False
quấn,ꪹꪠ,False
dứa,ꪹꪠ,True
"bá, khoác",ꪹꪠ,False
quấn quýt,ꪹꪠ ꪠ꫁ꪽ,False
"quấn lều,",ꪹꪠ ꪠ꫁ꪽ,True
"dôi, dư",ꪹꪠ꪿,False
tràn,ꪹꪠ꪿,False
tràn,ꪵꪚ꪿ꪙ,True
"váng, màng",ꪹꪠ꫁,False
"váng, trí,",ꪹꪠ꫁,True
"dìu, vực",ꪹꪡ,False
khổ,ꪡꪳꪣ,False
"tấm, manh, cái, chiếc",ꪠꪳꪙ,False
"khúc manh, cái, chiếc",ꪠꪳꪙ,True
"lát, nhát",ꪠꪳ꪿ꪙ,False
sử nhát,ꪠꪳ꪿ꪙ,True
xắt,ꪠꪳ꪿ꪙ,False
"lật, đảo, trang",ꪡꪳ꫁ꪙ,False
"lật, gái, trang",ꪡꪳ꫁ꪙ,True
"đổi, trở",ꪡꪳ꫁ꪙ,False
ké trở,ꪶꪔ꫁ꪉ,True
"ầm, nhao, inh",ꪡꪳ꫁ꪙ,False
tuất lịa inh,ꪡꪳ꫁ꪙ,True
"nháo, nháo nhác",ꪡꪳ꫁ꪙ,False
"lừng, lựng, sực",ꪡꪳ꫁ꪙ,False
"lừng, khảnh, sực",ꪡꪳ꫁ꪙ,True
"um, nồng nặc",ꪡꪳ꫁ꪙ,False
"um, nồng phụng",ꪡꪳ꫁ꪙ,True
trở mình,ꪡꪳ꫁ꪙ ꪁꪲꪉ,False
trở chằn,ꪡꪳ꫁ꪙ ꪁꪲꪉ,True
"phủ, mình",ꪡꪳ꫁ꪙ ꪁꪲꪉ,True
inh ỏi,ꪡꪳ꫁ꪙ ꪡꪱꪀ,False
cập rỏi,ꪹꪔꪷ ꪡꪱꪀ,True
kinh động,ꪡꪳ꫁ꪙ ꪡꪱꪀ,False
lật lọng,ꪡꪳ꫁ꪙ ꪡꪱꪀ,False
lật sạn,ꪵꪅꪙ꪿ꪉ ꪡꪱꪀ,True
"hiên, hè",ꪹꪡꪥ,False
khoai sọ,ꪹꪠꪀ,False
tới sọ,ꪹꪠꪀ,True
hoa màu,ꪹꪠꪀ ꪣꪽ,False
hoa sẩn,ꪹꪠꪀ ꪣꪽ,True
"rung động, lay",ꪹꪡꪙ,False
"rung động, thách",ꪹꪡꪙ,True
xoay chuyển,ꪹꪡꪙ,False
"đung đưa, rung rinh",ꪹꪡꪙ ꪘꪳꪉ,False
"trộm đưa, rung rinh",ꪹꪡꪙ ꪘꪳꪉ,True
lay động,ꪹꪡꪉ ꪼꪪ,False
eo ôi,ꪹꪡ꫁ꪙ ꪹꪯꪷꪥ,False
eo ôi,ꪹꪡ꫁ꪙ ꪶꪋ꫁ꪉ,True
kiến ngộn,ꪹꪡ꫁ꪙ ꪹꪯꪷꪥ,True
phương,ꪹꪠꪉ,False
khế,ꪹꪡꪉ,False
"rơm, rạ",ꪹꪡꪉ,False
"nửa, phần",ꪹꪡ꫁ꪉ,False
tràn trào,ꪹꪡꪒ,False
"lắm tiếng,",ꪹꪡꪒ,True
"lô xô, sóng sánh, sánh",ꪹꪡꪒ,False
"lô nhừ, sóng sánh, sánh",ꪹꪡꪒ,True
bết,ꪠꪳꪒ,False
rít,ꪠꪳꪒ,False
rít,ꪹꪑ꫁,True
"để,",ꪠꪳꪒ,True
bật,ꪡꪳꪒ,False
"vỏng, ngỏng",ꪡꪳꪒ,False
"vỏng, lục",ꪡꪳꪒ,True
ngấm ngoảy,ꪡꪳꪒ ꪡꪳꪒ,False
ngấm ngoảy,ꪔꪲ꪿ꪀ ꪡꪳꪒ,True
chó,ꪢꪱ,False
chó sẵn,ꪢꪺ ꪬ꪿ꪺ,False
chó phật,ꪢꪺ ꪬ꪿ꪺ,True
chó trề,ꪢꪺ ꪬ꪿ꪺ,True
chó cái tơ,ꪢꪱ ꪶꪩꪉ,False
chó sói,ꪢꪱ ꪼꪙ,False
chó sói,ꪮꪨꪴꪒ ꪼꪙ,True
chó xồm,ꪢꪱ ꪐꪴꪥ,False
"chờ, xồm",ꪢꪱ ꪐꪴꪥ,True
chó xồm,ꪢꪱ ꪔꪰꪀ,True
"chó đẻ, chó má",ꪢꪱ ꪹꪜꪸꪙ,False
mật thám,ꪢꪱ ꪖ꪿ꪱꪣ,False
mật tàm,ꪢꪱ ꪖ꪿ꪱꪣ,True
chó đực,ꪢꪱ ꪹꪖꪷ꪿ꪀ,False
chó đực,ꪮ꫁ꪺ ꪹꪖꪷ꪿ꪀ,True
"dềnh, dâng cao",ꪢ꫁ꪱ,False
"lãi, lời",ꪢ꫁ꪱ,False
kẹo lời,ꪢ꫁ꪱ,True
ngái lời,ꪢ꫁ꪱ,True
phát,ꪢ꫁ꪱ ꪠꪱꪒ,False
phát đạt,ꪢ꫁ꪱ ꪄꪳ꫁ꪙ,False
súng đạn,ꪢ꫁ꪱ ꪶꪮ꪿ꪉ,False
lợt đạn,ꪢ꫁ꪱ ꪶꪮ꪿ꪉ,True
phát triển,ꪜ꫁ꪱ ꪵꪝ꪿,False
đáp số,ꪢ꫁ꪱ ꪔꪮꪚ,False
chờn số,ꪢ꫁ꪱ ꪔꪮꪚ,True
đáp số,ꪵꪮꪚ ꪔꪮꪚ,True
về,ꪣꪱ,False
đến,ꪣꪱ,False
lại,ꪣꪱ,False
"múa,",ꪣꪱ,True
về,ꪣꪱ,False
trở lại,ꪣꪱ ꪁꪮꪚ,False
trở tính,ꪣꪱ ꪁꪮꪚ,True
dâu về nhà chồng,ꪣꪱ ꪶꪔ꪿ꪀ ꪹꪭꪙ,False
dâu về nhà chồng,ꪣꪱ ꪶꪔ꪿ꪀ ꪮꪳ꪿ꪉ,True
dâu về nhà chồng,ꪣꪱ ꪨꪱ ꪹꪭꪙ,True
ngựa,ꪣ꫁ꪱ,False
"lựng,",ꪣ꫁ꪱ,True
giống ngựa nhỏ,ꪣ꫁ꪱ ꪵꪊ꫁,False
"giống ton, nhỏ",ꪏ꪿ꪱꪣ ꪵꪊ꫁,True
"cân, ngựa nhỏ",ꪣ꫁ꪱ ꪵꪊ꫁,True
ngựa gỗ đặt trên cây mồ,ꪣ꫁ꪱ ꪀꪳ,False
khớ gỗ đặt trên cây mồ,ꪣ꫁ꪱ ꪀꪳ,True
con la,ꪣ꫁ꪱ ꪨꪷ꫁,False
con la,ꪣ꫁ꪱ ꪎꪈꪫꪱꪥ,True
ngựa mường,ꪣ꫁ꪱ ꪹꪣꪉ,False
gái giang hồ,ꪣ꫁ꪱ ꪹꪣꪉ,False
hãm giang hồ,ꪣ꫁ꪱ ꪹꪣꪉ,True
ngựa cái tơ,ꪣ꫁ꪱ ꪎꪳ꪿,False
ngựa vặn tơ,ꪣ꫁ꪱ ꪎꪳ꪿,True
ngựa cái lạch,ꪣ꫁ꪱ ꪎꪳ꪿,True
mạch,ꪵꪣ꫁ꪀ,False
mạch máu,ꪵꪣ꫁ꪀ ꪹꪩꪒ,False
dấu,ꪢꪱꪥ,False
đánh dấu,ꪢꪱꪥ,False
đánh dấu,ꪜꪴꪚ,True
hăm,ꪢꪱꪥ,False
dấu thanh điệu,ꪢꪱꪥ ꪎꪸꪉ,False
hơi hướng,ꪢ꪿ꪱꪥ,False
hơi uốk:,ꪢ꪿ꪱꪥ,True
"nào, đi, đi nào",ꪢ꪿ꪱꪥ,False
"nào, nhát, đi nào",ꪢ꪿ꪱꪥ,True
"nào, phía, đi nào",ꪢ꪿ꪱꪥ,True
góa,ꪢ꫁ꪱꪥ,False
"biển,",ꪢ꫁ꪱꪥ,True
góa bụa,ꪢ꫁ꪱꪥ ꪹꪢꪉ,False
góa bụa,ꪢ꫁ꪱꪥ ꪑꪴꪙ,True
gái góa trẻ,ꪢ꫁ꪱꪥ ꪔꪱ ꪵꪒꪉ,False
gái góa trẻ,ꪢ꫁ꪱꪥ ꪬꪸ꫁ꪣ ꪖꪮꪉ,True
"sổ, tuột",ꪣꪱꪥ,False
"giòn, tuột",ꪣꪱꪥ,True
"lại sức, lại người",ꪣꪱꪥ ꪁꪲꪉ,False
"ôn sức, lại người",ꪥ꫁ꪮꪀ ꪁꪲꪉ,True
"quả, trái",ꪢꪱꪀ,False
tê trái,ꪢꪱꪀ,True
"quả, xăng,",ꪢꪱꪀ,True
củ,ꪢꪱꪀ,False
củ,ꪑꪾ꫁,True
củ nâu,ꪢꪱꪀ ꪹꪚꪱ,False
đẫm nâu,ꪢꪱꪀ ꪹꪚꪱ,True
củ nâu,ꪢꪱꪀ ꪶꪩ꪿ꪉ,True
quả trám đen,ꪢꪱꪀ ꪼꪚ,False
tuyến trám đen,ꪢꪱꪀ ꪼꪚ,True
quả mướp,ꪢꪱꪀ ꪚꪺꪚ,False
bảng mướp,ꪢꪱꪀ ꪚꪺꪚ,True
quả thờ,ꪶꪏꪩꪚ ꪚꪺꪚ,True
quả đào,ꪢꪱꪀ ꪁꪱꪥ,False
bắp chân,ꪢꪱꪀ ꪵꪁ꪿ꪉ,False
quả trám trắng,ꪢꪱꪀ ꪹꪀ꫁ꪣ,False
quả trám trắng,ꪢꪱꪀ ꪶꪀ꪿,True
quả toi trắng,ꪢꪱꪀ ꪹꪀ꫁ꪣ,True
quả trẩu,ꪢꪱꪀ ꪹꪀꪱ꪿,False
quả phiện,ꪢꪱꪀ ꪹꪀꪱ꪿,True
quả nê,ꪢꪱꪀ ꪀ꪿ꪽ ꪶꪗꪩꪒ,False
quả nê,ꪁꪳꪚ ꪀ꪿ꪽ ꪶꪗꪩꪒ,True
hạch,ꪢꪱꪀ ꪀꪒꪽ,False
xét,ꪢꪱꪀ ꪀꪒꪽ,True
hạch,ꪢꪱꪀ ꪁꪩ꪿ꪽ ꪁꪩꪷ꪿,False
hạch,ꪢꪱꪀ ꪅꪱꪙ ꪁꪩꪷ꪿,True
xúc xắc,ꪢꪱꪀ ꪵꪋꪙ,False
hạt giẻ,ꪢꪱꪀ ꪀꪷ꪿,False
quả táo,ꪢꪱꪀ ꪶꪁ꪿ꪉ,False
quả sấu,ꪢꪱꪀ ꪀꪴ꫁,False
máng sấu,ꪢꪱꪀ ꪀꪴ꫁,True
quả chuối,ꪢꪱꪀ ꪀ꫁ꪺꪥ,False
quả chuối,ꪤꪸꪫ ꪀ꫁ꪺꪥ,True
quả chanh,ꪢꪱꪀ ꪤꪳ꫁ꪙ,False
quả chanh,ꪶꪡ꪿ ꪤꪳ꫁ꪙ,True
sởi,ꪢꪱꪀ ꪵꪒꪉ,False
lăm,ꪢꪱꪀ ꪒꪾ,False
lăm,ꪭꪳ꪿ꪉ ꪒꪾ,True
quả sung,ꪢꪱꪀ ꪹꪒ꪿,False
thảo quả,ꪢꪱꪀ ꪹꪬꪱ꪿,False
thảo quả,ꪀꪲ꪿ ꪹꪬꪱ꪿,True
quả giổi,ꪢꪱꪀ ꪭꪾ,False
"kếch, giổi",ꪢꪱꪀ ꪭꪾ,True
"rôm, sảy",ꪢꪱꪀ ꪵꪭ ꪵꪒꪒ,False
củ ấu,ꪢꪱꪀ ꪵꪬ꫁ꪫ,False
củ nòng,ꪢꪱꪀ ꪵꪬ꫁ꪫ,True
"khù, ấu",ꪢꪱꪀ ꪵꪬ꫁ꪫ,True
nhạc ngựa,ꪢꪱꪀ ꪬꪲ꪿ꪉ,False
khuy,ꪢꪱꪀ ꪬꪷ꫁,False
"quả lặc lè, mướp mán",ꪢꪱꪀ ꪬ꪿ꪮꪥ,False
quả đu đủ,ꪢꪱꪀ ꪶꪬ꪿ꪉ,False
quả chõng đủ,ꪢꪱꪀ ꪶꪬ꪿ꪉ,True
hạt cơm,ꪢꪱꪀ ꪬꪴꪒ,False
cúc,ꪢꪱꪀ ꪵꪀꪒ,False
bắp đùi,ꪢꪱꪀ ꪄꪱ,False
bắp đùi,ꪢꪱꪀ ꪵꪜꪫ,True
quả me,ꪢꪱꪀ ꪄꪱꪣ,False
quả me tròn,ꪢꪱꪀ ꪄꪱꪣ ꪜ꫁ꪮꪣ,False
quả muông tròn,ꪢꪱꪀ ꪄꪱꪣ ꪜ꫁ꪮꪣ,True
quả me tròn,ꪢꪱꪀ ꪈ꪿ꪱ ꪜ꫁ꪮꪣ,True
quả gấc,ꪢꪱꪀ ꪹꪄꪱ꫁,False
quả gấc,ꪢꪱꪀ ꪹꪎ꫁,True
bắp tay,ꪢꪱꪀ ꪵꪄꪙ,False
mắc khén,ꪢꪱꪀ ꪵꪄ꪿ꪙ,False
bông vụ,ꪢꪱꪀ ꪶꪄꪨ꪿ꪀ,False
quả cà,ꪢꪱꪀ ꪹꪄ,False
quả cam,ꪢꪱꪀ ꪀꪸ꫁ꪉ,False
quả cam,ꪹꪤꪷ꪿ꪀ ꪀꪸ꫁ꪉ,True
quả lựu,ꪢꪱꪀ ꪩꪱ,False
"quả lem,",ꪢꪱꪀ ꪩꪱ,True
quả cau,ꪢꪱꪀ ꪩꪱꪉ,False
quả màn,ꪢꪱꪀ ꪬꪳꪀ,True
"lắc, cau",ꪹꪖꪷꪨꪀ ꪩꪱꪉ,True
quà cau dừa,ꪢꪱꪀ ꪩꪱꪉ ꪜꪱꪫ,False
"quà trống, dừa",ꪢꪱꪀ ꪩꪱꪉ ꫜ,True
quả bàm bàm,ꪢꪱꪀ ꪵꪩ꫁,False
quả toạng bàm,ꪢꪱꪀ ꪵꪩ꫁,True
quả vầu giăm,ꪢꪱꪀ ꪵꪩ꫁,True
xương bánh chè,ꪢꪱꪀ ꪵꪩ꫁ ꪬꪺ ꪹꪄꪱ꪿,False
niêu bánh chè,ꪮꪴꪀ ꪵꪩ꫁ ꪬꪺ ꪹꪄꪱ꪿,True
quả chanh,ꪢꪱꪀ ꪩꪲꪫ,False
quả nhót,ꪢꪱꪀ ꪨꪮꪒ,False
hoan nhót,ꪢꪱꪀ ꪨꪮꪒ,True
quả bứa,ꪢꪱꪀ ꪩꪴ꫁,False
bếp bứa,ꪢꪱꪀ ꪩꪴ꫁,True
đậu mùa,ꪢꪱꪀ ꪨꪺꪉ,False
ử mùa,ꪢꪱꪀ ꪨꪺꪉ,True
hạt cườm,ꪢꪱꪀ ꪹꪨꪥ,False
"quyển, cườm",ꪢꪱꪀ ꪹꪨꪥ,True
súng cườm,ꪢꪱꪀ ꪹꪨꪥ,True
cà chua,ꪢꪱꪀ ꪢ꪿ꪱꪙ,False
cà loảng,ꪢꪱꪀ ꪢ꪿ꪱꪙ,True
dị dứng,ꪢꪱꪀ ꪢ꪿ꪱꪙ,False
hoa quả,ꪢꪱꪀ ꪵꪣꪉ,False
hoa nón,ꪢꪱꪀ ꪵꪣꪉ,True
hạt tiêu rừng,ꪢꪱꪀ ꪣꪱꪒ,False
"quành, tiêu rừng",ꪎꪷ ꪣꪱꪒ,True
tê,ꪢꪱꪀ ꪣꪱꪒ,False
tê,ꪢꪱꪀ ꪹꪨꪱ,True
quả mận,ꪢꪱꪀ ꪣ꫁ꪽ,False
quả mù,ꪢꪱꪀ ꪣ꫁ꪽ,True
quả mít,ꪢꪱꪀ ꪣꪲ꫁,False
mùa màng,ꪢꪱꪀ ꪣꪺ,False
mùa mạnh,ꪢꪱꪀ ꪣꪺ,True
lợp màng,ꪢꪱꪀ ꪣꪺ,True
quả muỗm,ꪢꪱꪀ ꪊꪱꪥ,False
bịa muỗm,ꪢꪱꪀ ꪊꪱꪥ,True
quả xoài,ꪢꪱꪀ ꪣ꪿ꪺꪉ,False
quả san nhân,ꪢꪱꪀ ꪵꪘ꫁ꪉ,False
"quả nhốc khối,",ꪚꪬꪷ ꪵꪘ꫁ꪉ,True
quả lũng nhân,ꪢꪱꪀ ꪵꪘ꫁ꪉ,True
gai gốc,ꪢꪱꪀ ꪘꪱꪫ,False
gai lãi,ꪢꪱꪀ ꪘꪱꪫ,True
quả chấp,ꪢꪱꪀ ꪙꪱꪫ,False
đoạn chấp,ꪢꪱꪀ ꪙꪱꪫ,True
vừng,ꪢꪱꪀ ꪉꪱ,False
quả quýt,ꪢꪱꪀ ꪵꪉ,False
quả thằn,ꪢꪱꪀ ꪵꪠ꪿ꪙ,True
quả vả,ꪢꪱꪀ ꪉ꪿ꪫꪱ,False
nhục vả,ꪢꪱꪀ ꪉ꪿ꪫꪱ,True
"quả cục,",ꪢꪱꪀ ꪉ꪿ꪫꪱ,True
hạch cỏ,ꪢꪱꪀ ꪐ꫁ꪱ,False
cà chua loại bé,ꪢꪱꪀ ꪑꪴꪉ,False
"bám khuâng, loại bé",ꪢꪱꪀ ꪑꪴꪉ,True
hoa quả,ꪢꪱꪀ ꪘ꪿ꪺꪥ,False
hoa quả,ꪨꪱꪙ ꪘ꪿ꪺꪥ,True
hoa quả,ꪹꪔꪸ꫁ꪉ ꪼꪜ꫁,True
quả dừa,ꪢꪱꪀ ꪝ꫁ꪱꪫ,False
ít dừa,ꪢꪱꪀ ꪝ꫁ꪱꪫ,True
của bớn,ꪢꪱꪀ ꪹꪜꪱ꫁,False
của bớn,ꪵꪜ꫁ꪙ ꪹꪜꪱ꫁,True
hạt cườm,ꪢꪱꪀ ꪜꪰꪒ,False
"cố, cườm",ꪢꪱꪀ ꪜꪰꪒ,True
cúc bướm,ꪢꪱꪀ ꪵꪜ꪿ꪣ,False
cúc bướm,ꪶꪅꪉ ꪵꪜ꪿ꪣ,True
quả giâu gia,ꪢꪱꪀ ꪼꪡ,False
bí xanh,ꪢꪱꪀ ꪡꪰꪀ,False
ợ xanh,ꪢꪱꪀ ꪡꪰꪀ,True
bí cùng,ꪢꪱꪀ ꪡꪰꪀ,True
quả mơ,ꪢꪱꪀ ꪠꪴꪉ,False
khoai sọ,ꪢꪱꪀ ꪹꪠꪀ,False
bắp chuối,ꪢꪱꪀ ꪜꪲ,False
"bắp vả,",ꪢꪱꪀ ꪼꪪ꫁,True
thò lò,ꪢꪱꪀ ꪜꪲ꪿ꪙ,False
thò lò,ꪋ꫁ꪺꪀ ꪜꪲ꪿ꪙ,True
hạt tiêu,ꪢꪱꪀ ꪝꪲꪒ,False
"xác, tiêu",ꪢꪱꪀ ꪝꪲꪒ,True
quả bưởi,ꪢꪱꪀ ꪝꪴ꫁ꪀ,False
quả dưa,ꪢꪱꪀ ꪵꪔꪉ,False
quả mua,ꪢꪱꪀ ꪵꪔꪀ,False
quả mua,ꪄꪾ꫁ ꪵꪔꪀ,True
quả đen,ꪢꪱꪀ ꪵꪔꪙ,False
rạn đen,ꪢꪱꪀ ꪵꪔꪙ,True
đạn ghém,ꪢꪱꪀ ꪵꪗ꫁,False
"giày, ghém",ꪢꪱꪀ ꪵꪗ꫁,True
"rỉ, ghém",ꪢꪱꪀ ꪖꪲ꫁ꪣ,True
"đậu, đỗ",ꪢꪱꪀ ꪖ꪿ꪺ,False
lục lạc,ꪢꪱꪀ ꪔꪲ꪿ꪉ,False
chuông,ꪢꪱꪀ ꪔꪲ꪿ꪉ,False
hoa chuối,ꪢꪱꪀ ꪔꪮꪉ,False
hoa nhá,ꪢꪱꪀ ꪔꪮꪉ,True
quả ổi,ꪢꪱꪀ ꪮ꫁ꪺꪥ,False
quả ớt,ꪢꪱꪀ ꪹꪮꪒ,False
lõm ớt,ꪢꪱꪀ ꪉꪱꪚ,True
quả dướng,ꪢꪱꪀ ꪎꪱ,False
"quả sông,",ꪢꪱꪀ ꪎꪱ,True
quả sổ,ꪢꪱꪀ ꪎ꫁ꪱꪙ,False
víu sổ,ꪢꪱꪀ ꪎ꫁ꪱꪙ,True
quả sổ,ꪹꪝꪷ꪿ꪉ ꪎ꫁ꪱꪙ,True
"thận, quả cật, bầu dục",ꪢꪱꪀ ꪼꪎ꪿ ꪨꪰꪉ,False
"rậm quả cật, bầu dục",ꪢꪱꪀ ꪊꪮꪉ ꪨꪰꪉ,True
trứng cá,ꪢꪱꪀ ꪎꪲꪫ,False
"con, cái, thanh",ꪣꪱꪀ,False
"con, cái, xướng",ꪣꪱꪀ,True
chắc,ꪣꪱꪀ,False
lưng lửng,ꪣꪱꪀ ꪀꪱꪉ,False
lưng lửng,ꪣꪱꪀ ꪣꪴꪚ,True
phàm,ꪢ꫁ꪱꪣ,False
tham lam,ꪢ꫁ꪱꪣ ꪬꪴꪚ,False
tham lam,ꪢ꫁ꪱꪣ ꪶꪀ꫁ꪙ,True
nhá,ꪣ꪿ꪱꪣ,False
mớm,ꪣ꪿ꪱꪣ,False
mớm,ꪵꪐꪣ,True
"nhay, nghiến",ꪣ꪿ꪱꪣ,False
châm nghiến,ꪣ꪿ꪱꪣ,True
ong nghiến,ꪣ꪿ꪱꪣ,True
lá lách,ꪣ꫁ꪱꪣ,False
lá lách,ꪼꪕ,True
"hên, sát",ꪢꪱꪙ,False
giẫy sát,ꪢꪱꪙ,True
gỡ,ꪢ꪿ꪱꪙ,False
"xiên, xóc",ꪢ꫁ꪱꪙ,False
"xá, hôi,",ꪢ꫁ꪱꪙ,True
mãn hạn,ꪢ꫁ꪱꪙ,False
mãn hạn,ꪹꪩ,True
"trâm, thoa",ꪢ꫁ꪱꪙ ꪹꪀꪱ꫁,False
"trâm, dướng",ꪢ꫁ꪱꪙ ꪹꪀꪱ꫁,True
xóc,ꪢ꫁ꪱꪙ ꪉꪮꪥ,False
nhiêu,ꪢ꫁ꪱꪙ ꪕꪴꪒ,True
xóc,ꪢ꫁ꪱꪙ ꪥ꪿ꪮꪣ,True
chả nướng,ꪢ꫁ꪱꪙ ꪎꪮꪒ,False
xóc thịt để nướng,ꪢ꫁ꪱꪙ ꪎꪮꪒ,False
rá thịt để nướng,ꪢ꫁ꪱꪙ ꪎꪮꪒ,True
đòng,ꪣꪱꪙ,False
bắp,ꪣꪱꪙ,False
nhắp,ꪣꪱꪙ,True
gườm,ꪣꪱꪙ,True
bông non trong bẹ cỏ cây,ꪣꪱꪙ,False
bông đần trong bẹ cỏ cây,ꪖ꫁ꪺ,True
"chửa, mang",ꪣꪱꪙ,False
"xoạc, mang",ꪣꪱꪙ,True
nõn sẹ,ꪣꪱꪙ ꪁ꪿ꪱ,False
có mang,ꪣꪱꪙ ꪩꪴꪀ,False
có mang,ꪣꪱꪙ ꪹꪣꪱ꫁,True
có ngôi,ꪣꪱꪙ ꪩꪴꪀ,True
bụng nổi khối u bên trong,ꪣꪱꪙ ꪹꪉꪀ,False
bụng nổi hòng u bên oắt,ꪣꪱꪙ ꪹꪉꪀ,True
chửa trâu,ꪣꪱꪙ ꪁꪫꪱꪥ,False
xổm trâu,ꪣꪱꪙ ꪁꪫꪱꪥ,True
"chửa hoang, hoang thai",ꪣꪱꪙ ꪕꪱꪉ,False
"chửa ngập lưu tỉ,",ꪣꪱꪙ ꪘꪸꪉ,True
chửa,ꪣꪱꪙ ꪼꪎ꪿,False
chửa,ꪣꪱꪙ ꪭꪮꪒ,True
tái,ꪣ꫁ꪱꪙ,False
"dân,",ꪣ꫁ꪱꪙ,True
"tái nhợt, tái mét, tái ngắt",ꪣ꫁ꪱꪙ ꪊꪰꪀ,False
"tái nhợt, tái mét, tái riệt",ꪣ꫁ꪱꪙ ꪊꪰꪀ,True
tái xanh,ꪣ꫁ꪱꪙ ꪶꪄꪨꪀ,False
tuồng xanh,ꪏ꫁ꪮꪣ ꪶꪄꪨꪀ,True
thao láo,ꪣ꫁ꪱꪙ ꪶꪣ꫁ꪀ,False
mắng,ꪢꪱꪉ,False
mắng,ꪐ꫁ꪺꪥ,True
loang,ꪢꪱꪉ,True
chửi,ꪢꪱꪉ,False
thề,ꪢꪱꪉ,False
chài,ꪢꪱꪉ,True
bắp thịt,ꪣꪱꪉ ꪹꪐ꪿,False
bắp mõm,ꪣꪱꪉ ꪹꪐ꪿,True
buồng trứng,ꪣꪱꪉ ꪼꪎ꪿,False
buồng trứng,ꪣꪱꪉ ꪤ꪿ꪱꪙ,True
buồng trứng,ꪀꪸ꪿ꪫ ꪼꪎ꪿,True
bên,ꪣ꪿ꪱꪉ,False
"mạng người, nhân mạng",ꪣ꫁ꪱꪉ ꪶꪁꪙ,False
mạng nhấn nhân mạng,ꪒꪸ꫁ꪉ ꪶꪁꪙ,True
"mạng người, nhân mạng",ꪀꪷ꪿ ꪶꪁꪙ,True
khú,ꪵꪢ꪿ꪉ,False
"vi trùng, vi khuẩn",ꪵꪣꪉ ꪹꪛꪸ꫁ꪉ,False
"vi trùng, vi khuẩn",ꪬꪴꪒ ꪹꪛꪸ꫁ꪉ,True
"động trùng, vi tít",ꪵꪣꪉ ꪹꪛꪸ꫁ꪉ,True
bọ xít,ꪵꪣꪉ ꪵꪁꪉ,False
"rã, xít",ꪵꪣꪉ ꪵꪁꪉ,True
ve chiều,ꪵꪣꪉ ꪁꪾ꪿,False
cánh cam,ꪵꪣꪉ ꪋꪾꪚ,False
"bóng, cam",ꪵꪣꪉ ꪋꪾꪚ,True
cà cuống,ꪵꪣꪉ ꪒꪱ,False
cà cuống,ꪩꪴ꪿ ꪒꪱ,True
mò,ꪵꪣꪉ ꪵꪒꪉ,False
úng,ꪵꪣꪉ ꪵꪒꪉ,True
bọ ngựa,ꪵꪣꪉ ꪣ꫁ꪱ,False
muỗm,ꪵꪣꪉ ꪣꪽ,False
nhây,ꪵꪣꪉ ꪼꪐ,False
nhây,ꪵꪣꪉ ꪄꪾ꫁,True
ruồi,ꪵꪣꪉ ꪉꪺꪙ,False
vế,ꪀꪱꪚ ꪉꪺꪙ,True
bọ dừa,ꪵꪣꪉ ꪙꪴꪙ,False
"loáng, dừa",ꪵꪣꪉ ꪙꪴꪙ,True
bọ nạp,ꪵꪣꪉ ꪙꪴꪙ,True
con mối chúa,ꪵꪣꪉ ꪜꪷ,False
"hùa, mối chúa",ꪵꪣꪉ ꪶꪄꪤꪉ,True
con gián,ꪵꪣꪉ ꪎꪱꪚ,False
con gián,ꪵꪣꪉ ꪵꪚꪣ,True
vững,ꪵꪣ꫁ꪉ,False
"tài trèo, tài bơi",ꪵꪣ꫁ꪉ,False
"nép trèo, tài bơi",ꪵꪣ꫁ꪉ,True
"tài trèo, tài núi,",ꪹꪔꪷꪨ꪿ꪙ,True
sâu,ꪵꪣ꫁ꪉ,False
sâu,ꪖ꪿ꪱꪫ,True
dây sâu,ꪢꪱꪒ,False
"dây cẳng,",ꪢꪱꪒ,True
"dây khù,",ꪢꪱꪒ,True
tất,ꪣꪱꪒ,False
độc,ꪣꪱꪒ,True
đạm,ꪣꪱꪒ,True
giày dép,ꪣꪱꪒ ꪭꪱꪥ,False
găng tay,ꪣꪱꪒ ꪣꪳ,False
mẽ,ꪹꪢꪱ꪿,False
thớ,ꪹꪢꪱ꪿,False
mão,ꪹꪢꪱ꫁,False
"trút,",ꪹꪢꪱ꫁,True
và,ꪹꪢꪱ꫁,False
bìu,ꪹꪢꪱ꫁,True
"mải, say mê",ꪹꪣꪱ,False
"mải, say phổng",ꪹꪣꪱ,True
say,ꪹꪣꪱ,False
say,ꪔ꫁ꪱꪫ,True
"cuống, rối",ꪹꪣꪱ,False
bận,ꪹꪣꪱ,False
nản,ꪹꪣꪱ,True
"cuồng, cuồng dại",ꪹꪣꪱ ꪚ꫁ꪱ,False
chóng mặt,ꪹꪣꪱ ꪬꪺ,False
chóng chanh,ꪖꪸꪙ ꪬꪺ,True
"cuống cuồng, rối rít",ꪣꪺ ꪩ꫁ꪱ,False
"cuống cuồng, rối rít",ꪄꪲ꪿ꪉ ꪩ꫁ꪱ,True
"cuống rét, rối rít",ꪣꪺ ꪩ꫁ꪱ,True
cuống quýt,ꪹꪣꪱ ꪵꪣꪫ,False
cuống quýt,ꪅꪷ꪿ ꪵꪣꪫ,True
cuống quýt,ꪹꪣꪱ ꪹꪝꪱ,True
bận bịu,ꪹꪣꪱ ꪵꪣꪫ,False
ngà ngà,ꪹꪣꪱ ꪉꪱ,False
ngái ngủ,ꪹꪣꪱ ꪙꪮꪙ,False
điên tiết,ꪹꪣꪱ ꪝꪲꪉ,False
điên tiết,ꪹꪖꪷꪨꪀ ꪊꪱꪥ,True
nhưng nhức,ꪹꪣꪱ ꪝꪲꪉ ꪝꪲꪉ,False
nhưng nhức,ꪹꪣꪱ ꪝꪲꪉ ꪹꪨꪷ꫁ꪙ,True
má nhức,ꪹꪣꪱ ꪝꪲꪉ ꪝꪲꪉ,True
choáng váng,ꪹꪣꪱ ꪝꪲꪉ ꪝꪲꪉ,False
mê mệt,ꪹꪣꪱ ꪝꪲꪉ ꪝꪲꪉ,False
mê mệt,ꪹꪣꪱ ꪄꪲ꪿ꪀ ꪝꪲꪉ,True
rắp hớt,ꪹꪣꪱ ꪝꪲꪉ ꪝꪲꪉ,True
"điên rồ, điên dại",ꪹꪣꪱ ꪔꪱꪥ,False
"thủy, kéo bướng, dại",ꪹꪣꪱ ꪬꪳꪚ,True
mối cánh,ꪹꪣꪱ꪿,False
mối cánh,ꪭꪴꪙ,True
cam tảu mã,ꪹꪣꪱ꪿,False
"cam cuộng, quái,",ꪹꪣꪱ꪿,True
đẫy đà,ꪹꪣꪱ꫁,False
thịt đà,ꪹꪣꪱ꫁,True
đẫy ngão,ꪹꪣꪱ꫁,True
phạt vạ,ꪻꪢ,False
phạt ú,ꪻꪢ,True
mới,ꪻꪢ꪿,False
nữa,ꪻꪢ꪿,False
mới toanh,ꪻꪢ꪿ ꪤꪲꪒ,False
mới mẻ,ꪻꪢ꪿ ꪢ꪿ꪱ,False
"lật, mẻ",ꪔꪳ꪿ꪀ ꪢ꪿ꪱ,True
xỉn,ꪻꪢ꫁,False
xỉn,ꪶꪏ꫁ꪥ,True
chỉ,ꪼꪢ,False
chỉ kim tuyến,ꪼꪢ ꪁꪾ,False
rè kim tuyến,ꪼꪢ ꪁꪾ,True
chỉ buộc ở cổ để trừ mà tà,ꪼꪢ ꪁꪷ,False
chỉ buộc sạn đùa để trừ mà tà,ꪼꪢ ꪁꪷ,True
"khà chóc ở cổ lép trừ mà đóm,",ꪼꪢ ꪁꪷ,True
"chỉ tơ, chỉ tơ tằm",ꪼꪢ ꪒ꫁ꪱꪥ,False
may mắn,ꪼꪢ ꪒꪲ,False
"phục, mắn",ꪼꪢ ꪒꪲ,True
"chỉ buộc ở cổ tay để trừ ma tà, chúc phúc",ꪼꪢ ꪵꪄꪙ,False
"chỉ buộc ở cổ tay để trừ ma tà, chúc phúc",ꪼꪢ ꪶꪎꪚ,True
"chỉ buộc ở miết tay để trừ ma tà, chúc phúc",ꪼꪢ ꪵꪄꪙ,True
chỉ xe,ꪼꪢ ꪩꪰꪉ,False
"chỉ toáng,",ꪼꪢ ꪩꪰꪉ,True
sợi tơ,ꪼꪢ ꪣ꫁ꪮꪙ,False
chỉ sợi,ꪼꪢ ꪠ꫁ꪱꪥ,False
chỉ thêu,ꪼꪢ ꪵꪎ꪿ꪫ,False
chóp thêu,ꪼꪢ ꪵꪎ꪿ꪫ,True
chỉ thêu,ꪼꪢ ꪹꪮꪸꪙ,True
máy,ꪼꪢ꪿,False
máy,ꪉꪲ꫁ꪀ,True
xay,ꪼꪢ꪿,False
may,ꪼꪢ꪿,False
thủ,ꪼꪢ꪿,True
"hồng, ửng",ꪼꪢ꪿,False
cháy,ꪼꪢ꫁,False
cháy bùng,ꪼꪢ꫁ ꪶꪭ꪿,False
cháy pháo,ꪼꪢ꫁ ꪶꪭ꪿,True
cây,ꪼꪣ꫁,False
gỗ,ꪼꪣ꫁,False
tia,ꪼꪣ꫁,True
tre,ꪼꪣ꫁,False
tre,ꪏꪳ꪿,True
cái,ꪼꪣ꫁,False
chiếp,ꪼꪣ꫁,True
cái,ꪩ꫁ꪱ,True
"tăm, que tăm",ꪼꪣ꫁ ꪊꪲ꫁ꪣ ꪵꪄ꫁ꪫ,False
"tăm, chìa, tăm",ꪼꪣ꫁ ꪊꪲ꫁ꪣ ꪵꪄ꫁ꪫ,True
"gỗ, cây gỗ",ꪼꪣ꫁ ꪊꪲꪉ,False
"gỗ, hả, gỗ",ꪼꪣ꫁ ꪊꪲꪉ,True
bẹ nhõn gỗ,ꪼꪣ꫁ ꪊꪲꪉ,True
then,ꪼꪣ꫁ ꪀꪮꪙ,False
thụt,ꪼꪣ꫁ ꪀꪮꪙ,True
gỗ lõi,ꪼꪣ꫁ ꪵꪀ꪿ꪙ,False
gỗ tạp,ꪼꪣ꫁ ꪣꪮꪀ,False
gỗ luân,ꪼꪣ꫁ ꪣꪮꪀ,True
"vốc, tạp",ꪼꪣ꫁ ꪣꪮꪀ,True
"tre, cây tre",ꪼꪣ꫁ ꪜ꪿ꪮꪉ,False
xin cây tre,ꪼꪣ꫁ ꪜ꪿ꪮꪉ,True
"cái gậy, ba toong",ꪼꪣ꫁ ꪹꪕꪱ꫁,False
sào,ꪼꪣ꫁ ꪖꪷ꪿,False
bìm,ꪼꪣ꫁ ꪖꪷ꪿,True
áo quan,ꪼꪣ꫁ ꪹꪎ꫁ ꪘꪱ,False
áo thủa,ꪼꪣ꫁ ꪹꪎ꫁ ꪘꪱ,True
"thích, ưa, hay",ꪣꪰꪀ,False
"thích, ưa, nành",ꪣꪰꪀ,True
"thích, ưa, lòng,",ꪣꪰꪀ,True
yêu,ꪣꪰꪀ,False
giâm,ꪣꪰꪀ,True
mến,ꪣꪰꪀ,False
"phạch,",ꪣꪰꪀ,True
"dễ, hay",ꪣꪰꪀ,False
phải lòng trai,ꪣꪰꪀ ꪚ꪿ꪱꪫ,False
yêu đương,ꪣꪰꪀ ꪵꪣ꪿ꪙ,False
yêu đương,ꪛꪱꪙ ꪵꪣ꪿ꪙ,True
yêu đương,ꪣꪰꪀ ꪝ꫁ꪺ,True
yêu thích,ꪣꪰꪀ ꪣ꪿ꪺꪙ,False
yêu mồng,ꪣꪰꪀ ꪣ꪿ꪺꪙ,True
thích thú,ꪣꪰꪀ ꪣ꪿ꪺꪙ,False
kiếp thú,ꪥ꫁ꪱ ꪶꪎꪣ,True
phải lòng gái,ꪣꪰꪀ ꪎꪱꪫ,False
phải lòng gái,ꪎꪷ ꪎꪱꪫ,True
mắm,ꪢꪾ꫁,False
măm,ꪣꪾ꪿,False
đồng,ꪢꪽ,False
"chươn, tịt đẻ, vô sinh",ꪢꪽ,False
"dinh tịt đẻ, vô sinh",ꪢꪽ,True
thỉnh thoảng,ꪢ꪿ꪽ,False
thỉnh tài,ꪢ꪿ꪽ,True
họa hoằn,ꪢ꪿ꪽ ꪢ꪿ꪽ,False
chắc,ꪢ꫁ꪽ,False
chắc,ꪀ꪿ꪱꪉ,True
bền,ꪢ꫁ꪽ,False
vững,ꪢ꫁ꪽ,False
chắc chắn,ꪢ꫁ꪽ ꪁꪰꪒ,False
"bền chặt, keo sơn",ꪢ꫁ꪽ ꪁꪰꪒ,False
"bền chí, bền lòng, vững lòng, vững tâm",ꪢ꫁ꪽ ꪻꪊ,False
"bền chí, đá, lòng, vững lòng, vững tâm",ꪢ꫁ꪽ ꪻꪊ,True
"buồn chí, hay lòng, vững lòng, vững tâm",ꪢ꫁ꪽ ꪻꪊ,True
sống lâu,ꪢ꫁ꪽ ꪥꪳꪙ,False
sống xớ,ꪫꪰ꪿ꪉ ꪥꪳꪙ,True
"vững bền, bền vững",ꪢ꫁ꪽ ꪵꪀ꪿ꪙ,False
"vững bền, bền xoè,",ꪢ꫁ꪽ ꪵꪀ꪿ꪙ,True
vững chãi,ꪢ꫁ꪽ ꪕꪳ꫁ꪉ,False
"bền, chãi",ꪢ꫁ꪽ ꪕꪳ꫁ꪉ,True
rơn chãi,ꪢ꫁ꪽ ꪕꪳ꫁ꪉ,True
củ mài,ꪣꪽ,False
củ khiếu,ꪣꪽ,True
"nó, ông ấy, bà ấy, anh ấy, chị ấy, cụ ấy, hắn",ꪣꪽ,False
"nó, ông ấy, bà no anh ấy, chị ấy, cụ ấy, hắn",ꪒꪸꪫ,True
"nó, vở ấy, bà ấy, thốn ấy, chị ấy, cụ ấy, hắn",ꪣꪽ,True
nó,ꪣꪽ,False
nó,ꪝꪮꪀ,True
mượt,ꪣꪽ,False
nhánh,ꪣꪽ,False
"bùi, béo",ꪣꪽ,False
chịu béo,ꪣꪽ,True
nhẫy,ꪣꪽ,False
miệng,ꪣꪽ,True
lội,ꪯꪩ꪿ꪺꪥ,True
mượt mà,ꪣꪽ ꪯꪸ,False
hôn mà,ꪣꪽ ꪯꪸ,True
cưỡng công,ꪣꪽ ꪯꪸ,True
đen láy,ꪣꪽ ꪯꪸ,False
đen nhím,ꪣꪽ ꪯꪸ,True
bùi ngậy,ꪣꪽ ꪹꪁ꫁ꪣ ꪹꪁ꫁ꪣ,False
bùi ngậy,ꪣꪽ ꪹꪁ꫁ꪣ ꪹꪜ꪿ꪱ,True
bùi ngậy,ꪣꪽ ꪹꪁ꫁ꪣ ꪅꪱꪥ,True
mượt mà,ꪣꪽ ꪶꪥꪚ ꪶꪥꪚ,False
mượt mà,ꪣꪽ ꪹꪊꪸꪚ ꪶꪥꪚ,True
củ mài trắng,ꪣꪽ ꪭꪳꪚ,False
củ mài trấu,ꪣꪽ ꪵꪀꪚ,False
bùi ngận,ꪣꪽ ꪶꪄꪨ꪿ꪙ ꪶꪄꪨ꪿ꪙ,False
củ dong,ꪣꪽ ꪶꪅ,False
củ dong,ꪔꪮꪣ ꪶꪅ,True
củ dong,ꪣꪽ ꪀꪫꪱꪒ,True
khoai lang,ꪣꪽ ꪶꪈ,False
khoai lang,ꪐꪲ꪿ꪉ ꪶꪈ,True
ngẫng lang,ꪣꪽ ꪶꪈ,True
khoai nghệ,ꪣꪽ ꪶꪈ ꪼꪎ꪿,False
củ đậu,ꪣꪽ ꪮ꫁ꪮꪙ,False
vởn đậu,ꪹꪚꪷ ꪮ꫁ꪮꪙ,True
củ dan,ꪝ꫁ꪽ ꪮ꫁ꪮꪙ,True
sắn,ꪣꪽ ꪶꪔ꫁ꪙ,False
"bùa, chài, yểm",ꪣ꪿ꪽ,False
"bùa, người, yểm",ꪣ꪿ꪽ,True
bùa thuốc,ꪣ꪿ꪽ ꪣꪺꪙ,False
mận,ꪣ꫁ꪽ,False
níp,ꪣ꫁ꪽ,True
mận hậu,ꪣ꫁ꪽ ꪹꪭꪱ꫁,False
mận giá,ꪣ꫁ꪽ ꪹꪭꪱ꫁,True
mận ân,ꪣ꫁ꪽ ꪹꪭꪱ꫁,True
"sồ, to sồ",ꪣꪰ꪿ꪉ,False
"trần, to sồ",ꪣꪰ꪿ꪉ,True
"sồ, nục, sồ",ꪣꪰ꪿ꪉ,True
sồ sề,ꪣꪰ꪿ꪉ ꪁꪩꪳꪒ,False
sồ sề,ꪹꪔꪷꪨ꪿ꪙ ꪁꪩꪳꪒ,True
trông cậy,ꪣꪰ꫁ꪉ,False
trông kho,ꪹꪏꪸꪀ,True
tin cậy,ꪣꪰ꫁ꪉ ꪹꪋ꪿,False
bọ chó,ꪢꪰꪒ,False
phả chó,ꪢꪰꪒ,True
"bó, mớ",ꪣꪰꪒ,False
"bó, hõm",ꪣꪰꪒ,True
bó,ꪣꪰꪒ,False
"cầm máu, cầm",ꪣꪰꪒ,False
cầm trùi cầm,ꪣꪰꪒ,True
"rạng máu, cầm",ꪣꪰꪒ,True
thai nghén,ꪣꪰꪒ ꪭꪱꪣ,False
thai nghén,ꪮꪰꪀ ꪭꪱꪣ,True
"nới, nống",ꪵꪢ꪿,False
"cái, nái",ꪵꪣ꪿,False
mái,ꪵꪣ꪿,False
ngắt,ꪵꪣ꪿,True
lấy,ꪵꪣ꪿,True
mẹ,ꪵꪣ꪿,False
"bà, con, mụ",ꪵꪣ꪿,False
"bà, con, ùm",ꪵꪣ꪿,True
gái,ꪵꪣ꪿,False
"cái, chính",ꪵꪣ꪿,False
nách chính,ꪵꪣ꪿,True
"nhét, chính",ꪵꪣ꪿,True
con,ꪵꪣ꪿,False
bà cô,ꪵꪣ꪿ ꪮꪱ,False
bà lìa,ꪵꪣ꪿ ꪤꪸꪒ,True
bà cô,ꪵꪣ꪿ ꪕꪳ꫁,True
mụ,ꪵꪣ꪿ ꪹꪚꪱ꫁,False
"bà, mụ",ꪵꪣ꪿ ꪶꪁꪙ,False
"mừng, mụ",ꪵꪣ꪿ ꪶꪁꪙ,True
mẹ chồng,ꪵꪣ꪿ ꪥ꪿ꪱ,False
mẹ hù,ꪶꪓꪙ ꪥ꪿ꪱ,True
mẹ chồng,ꪵꪣ꪿ ꪶꪚ,True
"con đĩ, gái đĩ, gái điếm",ꪵꪣ꪿ ꪒꪲ꫁,False
"con đĩ, tiên đĩ, gái điếm",ꪵꪣ꪿ ꪒꪲ꫁,True
"con đĩ, gái đĩ, gái điếm",ꪵꪣ꪿ ꪹꪔꪸ꫁ꪉ,True
gái bỏ lửng,ꪵꪣ꪿ ꪬ꪿ꪱꪉ,False
gái bỏ lửng,ꪒ꪿ꪱꪉ ꪹꪭꪷꪀ,True
"gái bỏ chồng, gái chồng bỏ",ꪵꪣ꫁ ꪭ꫁ꪱꪉ,False
"bà chủ, bà chủ nhà",ꪵꪣ꪿ ꪹꪭꪙ,False
"bà chủ, bà gần nhà",ꪵꪣ꪿ ꪹꪭꪙ,True
"gái nạ dòng, gái có chồng",ꪵꪣ꪿ ꪵꪀ꪿,False
"bởi nạ dòng, gái có chồng",ꪵꪣ꪿ ꪵꪀ꪿,True
bà mối,ꪵꪣ꪿ ꪩ꪿ꪱꪣ,False
bón mối,ꪵꪣ꪿ ꪩ꪿ꪱꪣ,True
bà thím,ꪵꪣ꪿ ꪩꪺ,False
bà cả,ꪵꪣ꪿ ꪨꪺꪉ,False
"bà vệ,",ꪵꪣ꪿ ꪨꪺꪉ,True
xơi cả,ꪵꪣ꪿ ꪹꪮꪷꪚ,True
"bà góa, gái góa",ꪵꪣ꪿ ꪢ꫁ꪱꪥ,False
"bà góa, gái góa",ꪵꪣ꪿ ꪜꪳꪒ,True
bà dì,ꪵꪣ꪿ ꪙ꫁ꪱ,False
mẹ vợ,ꪵꪣ꪿ ꪙꪱꪥ,False
đàn bà,ꪵꪣ꪿ ꪑꪲꪉ,False
đàn diêm,ꪔ꫁ꪮꪉ ꪑꪲꪉ,True
"lẽ, bà hai",ꪵꪣ꪿ ꪙ꫁ꪮꪥ,False
nấy bà hai,ꪹꪖꪷꪨꪀ ꪭꪸ꪿ꪫ,True
con bé,ꪵꪣ꪿ ꪙ꫁ꪮꪥ,False
"mẫu thân, thân mẫu",ꪵꪣ꪿ ꪮꪮꪀ ꪹꪙ꫁,False
"bác gái, bá",ꪵꪣ꪿ ꪜ꫁ꪱ,False
bà,ꪵꪣ꪿ ꪝꪱ,False
"thiếu phụ, gái son trẻ",ꪵꪣ꪿ ꪝꪱ ꪒꪷ꪿,False
"thiếu phụ, gái son trẻ",ꪤꪲꪒ ꪶꪥꪀ ꪒꪷ꪿,True
"thiếu phụ, bầu son viên",ꪵꪣ꪿ ꪝꪱ ꪒꪷ꪿,True
lẽ mọn,ꪵꪣ꪿ ꪜꪱꪥ,False
sâu măng,ꪵꪣ꫁,False
sâu măng,ꪶꪮꪣ,True
"chọc, chòi",ꪵꪢ꫁ꪙ,False
ghê chòi,ꪵꪢ꫁ꪙ,True
hạ bệ,ꪵꪢ꫁ꪙ ꪶꪀ꫁ꪙ,False
thích sàn,ꪵꪢ꫁ꪙ ꪶꪀ꫁ꪙ,True
"thò, ngó, nhô, nhú",ꪵꪣꪙ,False
"thò, ngó, tuy nhú",ꪵꪣꪙ,True
"lòi, thòi",ꪵꪣꪙ,False
sạt thòi,ꪵꪣꪙ,True
"lòi, dẫn,",ꪵꪣꪙ,True
phềnh,ꪵꪣꪙ,False
thập thò,ꪵꪣꪙ ꪣꪷ꪿,False
thập thò,ꪹꪔ ꪣꪷ꪿,True
thập thò,ꪵꪣꪙ ꪋꪱꪚ,True
"thò lò, thòi lòi",ꪵꪣꪙ ꪣꪷ꪿,False
"mạc lò, thòi sấu",ꪵꪣꪙ ꪣꪷ꪿,True
"nhu nhú, lú nhú",ꪵꪣꪙ ꪣꪷ꪿,False
nhu nhang lú nhú,ꪵꪣꪙ ꪣꪷ꪿,True
"phắn út, lú nhú",ꪵꪣꪙ ꪣꪷ꪿,True
thè lè,ꪵꪣꪙ ꪣꪷ꪿,False
thè tếu,ꪵꪣꪙ ꪣꪷ꪿,True
ló,ꪵꪣꪙ ꪣꪷ꪿,False
ló,ꪵꪣꪙ ꪹꪝ꫁,True
men,ꪵꪣ꪿ꪙ,False
xoẳn,ꪵꪣ꪿ꪙ,True
phải,ꪵꪣ꪿ꪙ,False
hợp,ꪵꪣ꪿ꪙ,False
trúng,ꪵꪣ꪿ꪙ,False
"hang,",ꪵꪣ꪿ꪙ,True
"bên,",ꪵꪣ꪿ꪙ,True
trùng hợp,ꪵꪣ꪿ꪙ,False
phải rồi,ꪵꪣ꪿ꪙ ꪨꪷ,False
hòa hợp,ꪵꪣ꪿ꪙ ꪝꪷ,False
hòa hợp,ꪵꪣ꪿ꪙ ꪶꪚꪨꪚ,True
ổn thỏa,ꪵꪣ꪿ꪙ ꪝꪷ,False
"té ra, hóa ra",ꪵꪣ꪿ꪙ ꪫ꪿ꪱ,False
"té ra, hóa ra",ꪵꪣ꪿ꪙ ꪢ꫁ꪱ,True
chằm chằm,ꪵꪣ꫁ꪙ ꪵꪣ꫁ꪙ,False
mau chằm,ꪜꪸ ꪵꪣ꫁ꪙ,True
mèo,ꪵꪣꪫ,False
xoè,ꪵꪣꪫ,True
meo meo,ꪵꪣꪫ ꪵꪣꪫ,False
"anh, meo",ꪵꪣꪫ ꪵꪣꪫ,True
mẹp,ꪵꪢꪚ,False
luồn cúi,ꪵꪢꪚ ꪋꪮꪙ,False
luồn cúi,ꪵꪯꪩꪒ ꪋꪮꪙ,True
"lè, thè, le",ꪵꪣꪚ,False
"lè, thè, le",ꪘꪱꪒ,True
nhím,ꪹꪢꪸ꫁ꪙ,False
chạch,ꪹꪢꪸ꫁ꪙ,True
rận,ꪹꪣꪸꪙ,False
đoái,ꪵꪙ꪿ꪫ,True
ồng,ꪹꪣꪸꪙ,True
mền,ꪹꪣꪸꪙ,False
một loại sập cổ,ꪹꪣꪸꪉ,False
một loại bệnh cổ,ꪵꪠ꫁ꪫ,True
một loại sập xoèn,ꪹꪣꪸꪉ,True
hết,ꪹꪢꪸꪒ,False
mất,ꪹꪢꪸꪒ,False
"suốt, thâu",ꪹꪢꪸꪒ,False
"suốt, cốp",ꪹꪢꪸꪒ,True
tim ngừng đập,ꪹꪢꪸꪒ ꪻꪊ,False
tim ngừng đập,ꪡꪸꪙ ꪻꪊ,True
hết lòng,ꪹꪢꪸꪒ ꪻꪊ,False
"hết sĩ,",ꪎꪸ꫁ꪙ ꪻꪊ,True
hết đời,ꪹꪢꪸꪒ ꪋ꪿ꪺ,False
hết sức,ꪹꪢꪸꪒ ꪵꪭꪉ,False
đẫy sức,ꪹꪢꪸꪒ ꪵꪭꪉ,False
đẫy sức,ꪒꪸ꪿ꪉ ꪵꪭꪉ,True
hết cách,ꪹꪢꪸꪒ ꪬꪳ꪿ꪀ,False
"hết trình,",ꪹꪢꪸꪒ ꪬꪳ꪿ꪀ,True
mất mặt,ꪹꪢꪸꪒ ꪘ꫁ꪱ,False
hết nước,ꪹꪢꪸꪒ ꪵꪉ꫁,False
"hết chỗ nói, cạn lời",ꪹꪢꪸꪒ ꪜꪱꪀ,False
hết chỗ trọc cạn lời,ꪹꪢꪸꪒ ꪜꪱꪀ,True
"hết oạch nói, cạn lời",ꪹꪢꪸꪒ ꪜꪱꪀ,True
hết cả,ꪹꪢꪸꪒ ꪹꪕꪸꪉ ꪀ꪿ꪱ,False
hết xắc,ꪹꪢꪸꪒ ꪵꪋꪣꪣ ꪀ꪿ꪱ,True
hết cả,ꪹꪢꪸꪒ ꪹꪕꪸꪉ ꪉꪫꪱꪀ,True
"hết sạch, hết trụi",ꪹꪢꪸꪒ ꪏꪲꪒ,False
"hết sạch, nửa trụi",ꪹꪢꪸꪒ ꪏꪲꪒ,True
tuất,ꪹꪣꪸꪒ,False
lẽo,ꪹꪣꪸꪒ,True
kín,ꪹꪣꪸꪒ,False
gột,ꪢꪲ꪿,False
có,ꪣꪲ,False
trừ,ꪣꪲ,True
nơm,ꪣꪲ,True
có mùi,ꪣꪲ ꪮꪱꪥ,False
có hai,ꪣꪲ ꪮꪱꪥ,True
"có phúc, có phước",ꪣꪲ ꪚꪴꪙ,False
"có phúc, có nhuyễn",ꪣꪲ ꪚꪴꪙ,True
"có phúc, thuật đền,",ꪣꪲ ꪚꪴꪙ,True
có khi,ꪣꪲ ꪹꪋꪷ,False
có khi,ꪣꪲ ꪬꪮꪙ,True
có tiên,ꪣꪲ ꪛꪾꪚ,True
có lúc,ꪣꪲ ꪹꪋꪷ,False
tận lúc,ꪣꪲ ꪋꪴ꫁ꪀ,True
"có lòng, có bụng, đem lòng",ꪣꪲ ꪻꪊ,False
"có lòng, có xọp, đem lòng",ꪣꪲ ꪻꪊ,True
"khom lòng, có bụng, đem dù,",ꪹꪖꪷꪨꪒ ꪻꪊ,True
có đôi,ꪣꪲ ꪶꪒꪥ,False
có học,ꪣꪲ ꪵꪮꪚ,False
có hại,ꪣꪲ ꪭ꫁ꪱꪥ,False
"mảnh, hại",ꪣꪲ ꪭ꫁ꪱꪥ,True
có ý,ꪣꪲ ꪮꪲ꪿,False
có ý,ꪣꪲ ꪵꪬꪨꪀ,True
có của,ꪣꪲ ꪄꪮꪉ,False
có thai,ꪣꪲ ꪩꪴꪀ,False
có mó,ꪣꪲ ꪩꪴꪀ,True
có con,ꪣꪲ ꪩꪴꪀ,False
có con,ꪘꪸ꫁ꪫ ꪩꪴꪀ,True
có mặt,ꪣꪲ ꪘ꫁ꪱ,False
có mặt,ꪣꪲ ꪶꪒ,True
nở mặt,ꪣꪲ ꪘ꫁ꪱ,False
"kèm, mặt",ꪣꪲ ꪘ꫁ꪱ,True
"vẻ vang, rỡ ràng, rạng rỡ",ꪣꪲ ꪘ꫁ꪱ,False
"vẻ nôi rỡ ràng, rạng rỡ",ꪣꪲ ꪘ꫁ꪱ,True
có nết,ꪣꪲ ꪹꪘꪸꪒ,False
"có mạch,",ꪣꪲ ꪹꪘꪸꪒ,True
"đẫy, đậm đà, đầy đẫy",ꪣꪲ ꪹꪙ꫁,False
"đẫy, đậm ru đầy đẫy",ꪣꪲ ꪹꪙ꫁,True
có phép,ꪣꪲ ꪵꪠꪚ,False
"bướu, phép",ꪚꪱꪚ ꪘꪸꪫ,True
có tiếng,ꪣꪲ ꪔꪸ꪿ꪉ,False
"có ta,",ꪣꪲ ꪔꪸ꪿ꪉ,True
có súc,ꪣꪲ ꪔꪸ꪿ꪉ,True
có thể,ꪣꪲ ꪹꪕ꪿,False
"ngủi, thể",ꪣꪲ ꪹꪕ꪿,True
"héo, thể",ꪣꪲ ꪏꪩꪷ,True
có việc,ꪣꪲ ꪫꪸꪀ,False
"long ngát,",ꪣꪲ ꪫꪸꪀ,True
có kề,ꪣꪲ ꪫꪸꪀ,True
có chuyện,ꪣꪲ ꪫꪸꪀ,False
mít,ꪣꪲ꫁,False
bướng,ꪣꪲ꫁,True
mít mặt,ꪣꪲ꫁ ꪙꪾ꫁,False
"mít đóm,",ꪣꪲ꫁ ꪙꪾ꫁,True
mít dai,ꪣꪲ꫁ ꪘꪰꪉ,False
phơi dai,ꪎꪷ꪿ ꪘꪰꪉ,True
vợ,ꪣꪸ,False
vợ chưa cưới,ꪣꪸ ꪀ꪿ꪱꪫ,False
vợ chưa cưới,ꪣꪸ ꪹꪩꪸ,True
vợ chưa cưới,ꪣꪸ ꪵꪝꪫ,True
vợ cũ,ꪣꪸ ꪭ꫁ꪱꪉ,False
"vợ bần,",ꪣꪸ ꪀ꪿ꪱꪙ,True
vợ cũ,ꪜꪮꪣ ꪭ꫁ꪱꪉ,True
vợ cả,ꪣꪸ ꪨꪺꪉ,False
hoảng thắm,ꪣꪸ ꪨꪺꪉ,True
"chính thất, vợ yêu",ꪣꪸ ꪣꪲ꪿ꪉ,False
chính tẽn vợ yêu,ꪣꪸ ꪣꪲ꪿ꪉ,True
vợ lẽ,ꪣꪸ ꪙ꫁ꪮꪥ,False
vợ bé,ꪣꪸ ꪜꪱꪥ,False
"vợ kế, bà kế",ꪣꪸ ꪎꪳꪚ,False
"vợ quyết, bộn kế",ꪣꪸ ꪎꪳꪚ,True
vợ cóng bà bề,ꪣꪸ ꪶꪬ꫁,True
miến,ꪢꪸ꪿ꪙ,False
củi,ꪢꪸ꪿ꪙ,True
cất,ꪣꪸ꫁ꪙ,False
"thật,",ꪣꪸ꫁ꪙ,True
dọn,ꪣꪸ꫁ꪙ,False
dọn,ꪹꪀꪱ꫁,True
khử,ꪣꪸ꫁ꪙ,False
khử,ꪵꪊ꪿ꪙ,True
khử,ꪙ꪿ꪱꪉ,True
tự vẫn,ꪣꪸ꫁ꪙ ꪋ꪿ꪺ,False
thủ tiêu,ꪣꪸ꫁ꪙ ꪣꪷ꪿,False
thủ nhoẹt,ꪣꪸ꫁ꪙ ꪣꪷ꪿,True
chôn cất,ꪣꪸ꫁ꪙ ꪠꪰꪉ,False
chôn cất,ꪣꪸ꫁ꪙ ꪶꪋ꫁ꪉ,True
"chôn triều,",ꪣꪸ꫁ꪙ ꪠꪰꪉ,True
võ,ꪢꪸ꪿ꪉ,False
miếu,ꪢꪸ꪿ꪫ,False
êm,ꪣꪲ꪿ꪣ,False
em như ru,ꪣꪲ꪿ꪣ ꪕꪲ꫁ꪫ ꪕꪲ꫁ꪫ,False
ong muỗi,ꪣꪲ꫁ꪣ,False
thối,ꪢꪲꪙ,False
thối hoãng,ꪢꪲꪙ ꪄꪳ꪿ꪙ,False
thôi thối,ꪢꪲꪙ ꪈꪴ꫁ꪥ ꪈꪴ꫁ꪥ,False
cốm thối,ꪢꪲꪙ ꪈꪴ꫁ꪥ ꪈꪴ꫁ꪥ,True
"nãy, thối",ꪢꪲꪙ ꪈꪴ꫁ꪥ ꪈꪴ꫁ꪥ,True
ôi,ꪢꪲꪙ ꪮ꪿ꪮꪙ,False
ôi,ꪢꪲꪙ ꪭꪺꪙ,True
"thối um, thối om",ꪢꪲꪙ ꪡꪳ꫁ꪙ,False
thối dịu thối om,ꪢꪲꪙ ꪡꪳ꫁ꪙ,True
thối hối thối om,ꪢꪲꪙ ꪡꪳ꫁ꪙ,True
thối hoắc,ꪢꪲꪙ ꪝꪴ ꪝꪴ,False
"thối thiếp,",ꪢꪲꪙ ꪝꪴ ꪝꪴ,True
"gần mép, gần rìa, gần ven",ꪢꪲ꪿ꪙ,False
"gần mép, gần rìa, cãi ven",ꪢꪲ꪿ꪙ,True
tí xíu,ꪢꪲ꪿ꪙ ꪎꪲ꫁ꪫ,False
"tí sĩ,",ꪢꪲ꪿ꪙ ꪎꪲ꫁ꪫ,True
mìn,ꪣꪲ꫁ꪙ,False
"mình, thân",ꪣꪲꪉ,False
ngượng thân,ꪣꪲꪉ,True
"yêu, người thương",ꪣꪲ꪿ꪉ,False
vo viên,ꪢꪲꪒ ꪢ꫁ꪺꪙ,False
dao,ꪣꪲꪒ,False
"queo,",ꪣꪲꪒ,True
hạt,ꪣꪲꪒ,False
dao chuôi liền,ꪣꪲꪒ ꪚ꫁ꪮꪉ,False
dao vọ,ꪣꪲꪒ ꪵꪀꪫ,False
dao nhọn,ꪣꪲꪒ ꪵꪨꪣ,False
"dao nhíp, dao díp",ꪣꪲꪒ ꪙ꫁ꪮꪥ,False
dao hu dao díp,ꪣꪲꪒ ꪙ꫁ꪮꪥ,True
dao,ꪣꪲꪒ ꪝ꫁ꪱ,False
dao cạo,ꪣꪲꪒ ꪵꪖ,False
dao găm,ꪣꪲꪒ ꪎꪱ,False
mưu,ꪢꪲꪫ,False
mưu,ꪭ꫁ꪺꪉ,True
vô loại,ꪹꪢꪷꪐ ꪹꪢꪷꪐꪚ,False
long lóc,ꪶꪣꪙꪀ ꪶꪣꪙꪀ,False
long bằng,ꪶꪣꪙꪀ ꪶꪣꪙꪀ,True
long lóc,ꪶꪣꪙꪀ ꪶꪛꪩꪚ,True
mo,ꪢꪷ,False
người đứng đầu lễ nghi tín ngưỡng của mường,ꪢꪷ,False
"người đứng đầu lễ tàn, tín nhát của phẳng",ꪫ꪿ꪮꪉ,True
"người bà, đầu lễ nghi tín ngưỡng nhủng mường",ꪢꪷ,True
"những người nắm tôn giáo, lễ nghi của mường",ꪢꪷ ꪋ꪿ꪱꪉ,False
những người nắm tôn căng tuếch nghi mạp mường,ꪢꪷ ꪋ꪿ꪱꪉ,True
xay,ꪢꪷ꪿,False
nồi,ꪢꪷ꫁,False
"vân,",ꪢꪷ꫁,True
nồi,ꪀꪴ꫁ꪥ,True
nồi đất,ꪢꪷ꫁ ꪒꪲꪙ,False
nồi niêu,ꪢꪷ꫁ ꪵꪬꪀ,False
nồi niêu,ꪢꪷ꫁ ꪶꪩꪉ,True
chảo,ꪢꪷ꫁ ꪄꪱꪉ,False
"chảo quai vạc, vạc",ꪢꪷ꫁ ꪄꪱꪉ ꪫꪱꪀ,False
"gơ quai vạc, vạc",ꪢꪷ꫁ ꪄꪱꪉ ꪫꪱꪀ,True
nhọ nồi,ꪢꪷ꫁ ꪢꪲ꫁,False
mắm nồi,ꪢꪷ꫁ ꪢꪲ꫁,True
nhọ cứng,ꪢꪷ꫁ ꪢꪲ꫁,True
cái ninh,ꪢꪷ꫁ ꪘꪳ꫁ꪉ,False
cái dầm,ꪢꪷ꫁ ꪘꪳ꫁ꪉ,True
nồi đáy,ꪢꪷ꫁ ꪘꪳ꫁ꪉ,False
ẵm đáy,ꪢꪷ꫁ ꪘꪳ꫁ꪉ,True
nồi ba mươi,ꪢꪷ꫁ ꪕꪴꪣ,False
nồi ba tua,ꪶꪊ꪿ꪣ ꪕꪴꪣ,True
nồi đốp mươi,ꪢꪷ꫁ ꪕꪴꪣ,True
xanh,ꪢꪷ꫁ ꪵꪎꪉ,False
xanh,ꪠꪸ꪿ꪫ ꪵꪎꪉ,True
"gìn,",ꪢꪷ꫁ ꪵꪎꪉ,True
xoong,ꪢꪷ꫁ ꪎꪮꪉ,False
bói thẻ,ꪣꪷ,False
tổng thẻ,ꪣꪷ,True
bói xên,ꪣꪷ,True
ngân,ꪣꪷ,False
vang,ꪣꪷ,False
nồi niêu,ꪢꪷ꫁ ꪵꪬꪀ,False
nồi niêu,ꪀꪲꪒ ꪵꪬꪀ,True
nồi niêu,ꪢꪷ꫁ ꪵꪬꪀ,False
nồi niêu,ꪹꪊꪷ꪿ ꪵꪬꪀ,True
nồi niêu,ꪢꪷ꫁ ꪵꪬꪀ,False
"tặng, niêu",ꪢꪷ꫁ ꪵꪬꪀ,True
bong bong,ꪣꪷ ꪄꪸ꪿ꪉ ꪄꪸ꪿ꪉ,False
xác,ꪣꪷ꪿,False
xác,ꪣꪲ꫁,True
mình mẩy,ꪣꪷ꪿ ꪣꪲꪉ,False
xác thịt,ꪣꪷ꪿ ꪣꪲꪉ,False
xác thịt,ꪣꪷ꪿ ꪵꪫꪚ,True
mõ,ꪣꪷ꫁,False
"gọn ghẽ, chỉnh tề",ꪣ꫁ꪮꪀ ꪥ꫁ꪮꪀ,False
"diễu ghẽ, chỉnh tề",ꪜꪺꪉ ꪁꪴꪙ,True
"gọn ghẽ, dẽ tề",ꪼꪫ꫁ ꪥ꫁ꪮꪀ,True
"ranh mãnh, tinh ranh",ꪣ꫁ꪮꪀ ꪵꪣ꫁ꪀ,False
"tứ mãnh, tinh ranh",ꪣ꫁ꪮꪀ ꪵꪣ꫁ꪀ,True
lông,ꪢꪮꪥ,False
dấm,ꪢꪮꪥ,True
râu,ꪢꪮꪥ,False
canh,ꪢꪮꪥ,True
"suông,",ꪢꪮꪥ,True
mỗi,ꪢ꫁ꪮꪥ,False
"nơi,",ꪢ꫁ꪮꪥ,True
một,ꪢ꫁ꪮꪥ,False
trúm,ꪣꪮꪥ,False
bìm,ꪣꪮꪥ,True
lả,ꪣꪮꪥ,False
cằn cặt,ꪣꪮꪥ ꪣꪮꪥ,False
phồng cặt,ꪣꪮꪥ ꪣꪮꪥ,True
mê man,ꪣꪮꪥ ꪣꪮꪥ,False
mê nhật,ꪣꪮꪥ ꪣꪮꪥ,True
khạc man,ꪣꪮꪥ ꪣꪮꪥ,True
sương,ꪢꪮꪀ,False
mây,ꪢꪮꪀ,False
huyện,ꪢꪮꪀ,True
màn sương,ꪢꪮꪀ ꪤ꪿ꪽ,False
màn sương,ꪹꪣꪱ꪿ ꪤ꪿ꪽ,True
sương mù,ꪢꪮꪀ ꪀꪸ꫁ꪫ ꪝꪙꪲꪉ,False
"giêng vặn,",ꪢꪮꪀ ꪀꪸ꫁ꪫ ꪝꪙꪲꪉ,True
"sương giăng, màn sương",ꪢꪮꪀ ꪶꪩꪉ ꪶꪕ꪿ꪉ,False
"sương giăng, nín nói,",ꪢꪮꪀ ꪶꪩꪉ ꪶꪕ꪿ꪉ,True
"mây móc, mây mưa",ꪢꪮꪀ ꪹꪢꪥ,False
"mây móc, mây bợp",ꪢꪮꪀ ꪹꪢꪥ,True
mọ,ꪣꪮꪀ,False
tống,ꪣꪮꪀ,False
đổ,ꪣꪮꪀ,False
đổ,ꪩꪲꪙ,True
"xịu, xìu",ꪢ꫁ꪮꪣ,False
"xịu, la,",ꪢ꫁ꪮꪣ,True
rầu rĩ,ꪢ꫁ꪮꪣ ꪢꪮꪀ,False
phị rĩ,ꪢ꫁ꪮꪣ ꪢꪮꪀ,True
gối,ꪢꪮꪙ,False
"gối, kê",ꪢꪮꪙ,False
rốt kê,ꪢꪮꪙ,True
gối xếp,ꪢꪮꪙ ꪮꪱꪙ,False
gối đãng,ꪢꪮꪙ ꪜꪈ꫁ꪮꪉ,True
dâu,ꪣꪮꪙ,False
đom,ꪣꪮꪙ,True
lòng đỏ,ꪣꪮꪙ,False
khăng đỏ,ꪣꪮꪙ,True
cầu,ꪣꪮꪙ,False
trong,ꪣꪮꪙ,True
cầu,ꪋꪸꪉ,True
"mong, vời",ꪣꪮꪙ,False
"mong, vời",ꪶꪣꪙ,True
cầu mong,ꪣꪮꪙ ꪻꪠ꪿,False
cầu ho,ꪣꪮꪙ ꪻꪠ꪿,True
tằm,ꪣ꫁ꪮꪙ,False
tằm lá sắn,ꪣ꫁ꪮꪙ ꪢꪱꪣ,False
"tằm lười, sắn",ꪣ꫁ꪮꪙ ꪢꪱꪣ,True
tằm lá quát,ꪣ꫁ꪮꪙ ꪢꪱꪣ,True
tằm lá dâu,ꪣ꫁ꪮꪙ ꪙ꫁ꪮꪥ,False
tằm lá phố,ꪀꪮꪣ ꪙ꫁ꪮꪥ,True
"bày, lá dâu",ꪣ꫁ꪮꪙ ꪙ꫁ꪮꪥ,True
tằm lá dâu,ꪣ꫁ꪮꪙ ꪡ꫁ꪱ,False
"vắng, quạnh, tẻ",ꪢꪮꪉ,False
"vắng, quạnh, bỉm,",ꪢꪮꪉ,True
"vắng, thè tẻ",ꪢꪮꪉ,True
buồn tẻ,ꪢꪮꪉ ꪻꪊ,False
mong ngóng,ꪢꪮꪉ ꪁꪮꪉ,False
nhèm hỏn,ꪢꪮꪉ ꪁꪮꪉ,True
tinh mơ,ꪢꪮꪉ ꪵꪢꪉ,False
chàm mơ,ꪢꪮꪉ ꪵꪢꪉ,True
vắng lặng,ꪢꪮꪉ ꪜꪲ꪿ꪙ,False
trỗ lặng,ꪢꪮꪉ ꪜꪲ꪿ꪙ,True
hiu quạnh,ꪢꪮꪉ ꪵꪁꪫ꫁ꪉ,False
cả quạnh,ꪢꪮꪉ ꪵꪁꪫ꫁ꪉ,True
"vắng tanh, vắng ngắt, vắng teo, vắng vẻ, tẻ ngắt",ꪢꪮꪉ ꪏꪩꪲ꪿ꪫ,False
"vắng tanh, bầm quần, vắng teo, vắng vẻ, tẻ ngắt",ꪢꪮꪉ ꪏꪩꪲ꪿ꪫ,True
"vắng khốn vắng ngắt, vắng tiếc vắng giãn, tẻ ngắt",ꪢꪮꪉ ꪏꪩꪲ꪿ꪫ,True
mang máng,ꪢ꪿ꪮꪉ ꪵꪢ꪿ꪉ,False
phong thanh,ꪢ꪿ꪮꪉ ꪢꪸ꪿ꪫ,False
cối cần,ꪣꪮꪉ,False
"giặc, cần",ꪣꪮꪉ,True
lưới,ꪣꪮꪉ,False
cối nước,ꪣꪮꪉ ꪹꪒ꪿ꪉ,False
cối nước có cánh quạt,ꪣꪮꪉ ꪜꪸ,False
cạu nước có cánh quạt,ꪣꪮꪉ ꪜꪸ,True
cối chày đạp,ꪣꪮꪉ ꪔꪲꪙ,False
khin hãm đạp,ꪣꪮꪉ ꪔꪲꪙ,True
sõi,ꪣ꪿ꪮꪉ,False
xụ,ꪣ꪿ꪮꪉ,True
rõ tiếng,ꪣ꪿ꪮꪉ,False
rất sõi,ꪣ꪿ꪮꪉ ꪊ꪿ꪮꪥ,False
nép,ꪢꪮꪚ,False
"rợp,",ꪢꪮꪚ,True
trao,ꪣꪮꪚ,False
trao,ꪬꪲꪚ,True
trao trả,ꪣꪮꪚ ꪤꪱꪫ,False
trao trả,ꪣꪮꪚ ꪝꪥꪮꪒ,True
mọt,ꪣꪮꪒ,False
mọt,ꪣꪮꪒ,False
bếnh,ꪣꪮꪒ,True
tắt,ꪣꪮꪒ,False
rộng,ꪣꪮꪒ,True
chập chờn,ꪣꪮꪒ ꪭꪴ꪿ꪉ,False
chập mủ,ꪣꪮꪒ ꪭꪴ꪿ꪉ,True
"mô, ụ",ꪶꪢ,False
ngoan cố,ꪶꪢ ꪶꪀ꪿,False
ngoan sụn,ꪶꪢ ꪶꪀ꪿,True
sá cố,ꪶꪢ ꪶꪀ꪿,True
trọc,ꪶꪣ,False
mốc,ꪶꪢ꪿ꪀ,False
lẽo,ꪶꪢ꪿ꪀ,True
lất,ꪶꪢ꪿ꪀ,True
men,ꪶꪢ꪿ꪀ,False
men,ꪁ꫁ꪱꪙ,True
lòng,ꪶꪢ꪿ꪀ,False
dạ,ꪶꪢ꪿ꪀ,False
vùi,ꪶꪢ꪿ꪀ,False
"mắng,",ꪤꪲ꪿ꪀ,True
lùi,ꪶꪢ꪿ꪀ,False
mốc meo,ꪶꪢ꪿ꪀ ꪢꪮꪉ,False
mốc meo,ꪝꪱꪫ ꪢꪮꪉ,True
lù lù,ꪶꪣ꫁ꪀ ꪶꪏ꫁ꪀ,False
lù kênh,ꪶꪣ꫁ꪀ ꪶꪏ꫁ꪀ,True
yên,ꪶꪢ꫁ꪣ,False
tuếch,ꪶꪢ꫁ꪣ,True
mu,ꪶꪣꪣ,False
"chỏm, bờm",ꪶꪣꪣ,False
"xong xuôi, chu tất, hoàn thành",ꪶꪣ꫁ꪣ ꪵꪩ꫁ꪫ,False
"chuông xuôi, chu lệch hoàn thành",ꪕꪣꪳ꪿ꪙ ꪵꪩ꫁ꪫ,True
"sống đất, nấm",ꪶꪢꪙ ꪶꪢ,False
"sống đất, hằn,",ꪶꪢꪙ ꪶꪢ,True
"sống đất, nấm",ꪶꪠꪣ ꪶꪢ,True
"xanh lơ, xanh nhạt",ꪶꪢ꪿ꪙ,False
mốc,ꪶꪢ꪿ꪙ,False
"ục,",ꪶꪢ꪿ꪙ,True
mốc thếch,ꪶꪢ꪿ꪙ ꪶꪄꪨꪀ,False
"đáng, thếch",ꪶꪢ꪿ꪙ ꪶꪄꪨꪀ,True
trắng đục,ꪶꪢ꪿ꪙ ꪶꪄꪨꪀ,False
màu hởi,ꪶꪢ꪿ꪙ ꪶꪄꪨꪀ ꪶꪕꪀ,False
màu gio,ꪶꪢ꪿ꪙ ꪹꪕꪱ꪿,False
màu gio,ꪶꪢ꪿ꪙ ꪐꪰꪉ,True
"mụn, rẻo",ꪶꪣꪙ,False
tròn,ꪶꪣꪙ,False
rắt,ꪶꪣꪙ,True
tròn trĩnh,ꪶꪣꪙ ꪵꪋ꫁ꪙ,False
"khàn, trĩnh",ꪶꪣꪙ ꪵꪋ꫁ꪙ,True
tròn trịa,ꪶꪣꪙ ꪶꪋ꫁ꪀ,False
tròn xoe,ꪶꪣꪙ ꪶꪜꪀ꫁ꪉ,False
lục tiệc,ꪹꪣꪙꪀ ꪶꪜꪀ꫁ꪉ,True
tròn trặn,ꪶꪣꪙ ꪹꪡꪷꪉ,False
"tròn trừng,",ꪊꪳ꪿ ꪹꪡꪷꪉ,True
"bầu, bầu bầu",ꪶꪣꪙ ꪹꪎꪱ꪿,False
tròn vành vạnh,ꪶꪣꪙ ꪼꪏ,False
"tròn ào, tươi,",ꪶꪣꪙ ꪼꪏ,True
"óc, vành chề",ꪶꪣꪙ ꪼꪏ,True
rối tung,ꪶꪣ꫁ꪙ,False
kìa,ꪶꪣ꫁ꪙ,False
"đoàn, lô",ꪶꪢꪒ,False
"đoàn, lô",ꪵꪯ꪿ꪙ,True
"cánh, bọn",ꪶꪢꪒ,False
"cánh, bọn",ꪹꪜꪷ꪿ꪙ,True
tập đoàn,ꪶꪢꪒ ꪢꪴ꪿,False
tập chím,ꪶꪢꪒ ꪩꪲ꫁ꪉ,True
hội,ꪶꪢꪒ ꪢꪴ꪿,False
chi,ꪶꪢꪒ ꪢꪴ꪿,False
bọn mình,ꪶꪢꪒ ꪠꪴ,False
bọn đả,ꪶꪢꪒ ꪠꪴ,True
bọn họ,ꪶꪢꪒ ꪹꪎꪱ,False
kiến,ꪶꪣꪒ,False
thầy cúng,ꪶꪣꪒ,False
thầy vẻ,ꪶꪣꪒ,True
mùi,ꪶꪣꪒ,False
"kiến đỏ, kiến lửa",ꪶꪣꪒ ꪵꪒꪉ,False
"kiến đen, kiến ngạt",ꪶꪣꪒ ꪼꪭ,False
thầy cúng lớn trong vùng,ꪶꪣꪒ ꪩꪱꪫ,False
"ăn, cúng lớn trong vùng",ꪫꪱꪒ ꪩꪱꪫ,True
thầy cúng lớn trong khen,ꪶꪣꪒ ꪩꪱꪫ,True
kiến càng,ꪶꪣꪒ ꪨꪱꪒ,False
kiến bả,ꪶꪣꪒ ꪨꪱꪒ,True
"thầy mo, thầy cúng",ꪶꪣꪒ ꪢꪷ,False
"tròi, thảm, thầy cúng",ꪶꪣꪒ ꪢꪷ,True
thầy khoát dướng cúng,ꪶꪣꪒ ꪢꪷ,True
kiến vống,ꪶꪣꪒ ꪶꪎ꫁ꪣ,False
"sệ, úa",ꪶꪣꪒ ꪶꪎ꫁ꪣ,True
hẫng,ꪹꪣꪷ꫁,False
mực,ꪹꪣꪷ꫁ꪀ,False
"hao hao giống, na ná, tương tự",ꪹꪢꪷ꪿ꪥ,False
"hao hao giống, khúc sễ tương tự",ꪹꪢꪷ꪿ꪥ,True
"hao phịu giống, na thôi tương tự",ꪹꪢꪷ꪿ꪥ,True
mời,ꪹꪣꪷꪥ,False
táp,ꪹꪣꪷꪀ,False
trông,ꪹꪢꪷꪙ,False
cấn,ꪹꪢꪷ꫁ꪙ,False
nhuyễn,ꪹꪢꪷ꫁ꪙ,True
đinh,ꪹꪣꪷꪉ,False
mừng,ꪹꪣꪷꪉ,False
mừng,ꪠ꫁ꪽ,True
vui lòng,ꪹꪣꪷꪉ ꪻꪊ,False
vui ốc,ꪪ꪿ꪱꪙ ꪻꪊ,True
mừng vui,ꪹꪣꪷꪉ ꪣ꪿ꪺꪙ,False
"sệt, vui",ꪹꪣꪷꪉ ꪣ꪿ꪺꪙ,True
mừng vui,ꪁꪣꪴ꫁ꪣ ꪣ꪿ꪺꪙ,True
lợn,ꪢꪴ,False
"lợn lòi, lợn rừng",ꪢꪴ ꪩꪮꪉ,False
lợn nái,ꪢꪴ ꪶꪩꪉ,False
lợn bây,ꪢꪴ ꪶꪩꪉ,True
lợn nái,ꪼꪩ꫁ ꪶꪩꪉ,True
lợn và chó,ꪢꪴ ꪢꪱ,False
lợn và nhún,ꪹꪁꪚ ꪢꪱ,True
"lợn và băng,",ꪢꪴ ꪢꪱ,True
lợn sề,ꪢꪴ ꪵꪣ꪿,False
lợn lức,ꪢꪴ ꪵꪣ꪿,True
ngửi húi,ꪢꪴ ꪊꪴꪒ,True
"lợn dái, lợn hạch, lợn cà",ꪢꪴ ꪠꪮꪀ,False
"khoang, dái, lợn hạch, lợn cà",ꪢꪴ ꪠꪮꪀ,True
"rãi cội lợn hạch, lợn cà",ꪢꪴ ꪠꪮꪀ,True
"lợn cấn, lợn thiến",ꪢꪴ ꪔꪮꪙ,False
"lợn bình, lợn rước",ꪢꪴ ꪔꪮꪙ,True
"đám, chòm",ꪢꪴ꪿,False
"đám, rụt",ꪢꪴ꪿,True
giã chòm,ꪢꪴ꪿,True
bầy,ꪢꪴ꪿,False
đoàn,ꪢꪴ꪿,False
bố,ꪢꪴ꪿,True
đoàn thể,ꪢꪴ꪿ ꪏꪴꪣ,False
mũ,ꪣꪴ꫁,False
mũ ca lô,ꪣꪴ꫁ ꪹꪄꪱ,False
mũ ca lô,ꪭꪳꪒ ꪹꪄꪱ,True
nhốn ca lô,ꪣꪴ꫁ ꪁꪩ꪿ꪽ,True
"mũ nồi, bê rê",ꪣꪴ꫁ ꪢꪷ꫁ ꪔ꪿ꪮꪣ,False
"mũ nồi, bê rê",ꪣꪴ꫁ ꪝꪮꪙ ꪔ꪿ꪮꪣ,True
đả,ꪢ꫁ꪺ,False
"trập,",ꪢ꫁ꪺ,True
"khùng, nổi khùng, phát khùng",ꪢ꫁ꪺ,False
"múa, khoa",ꪢ꫁ꪺ,False
diễu,ꪢ꫁ꪺ,False
khíu,ꪢ꫁ꪺ,True
"chú đầu, bận rộn",ꪢ꫁ꪺ,False
bận con mọn,ꪢ꫁ꪺ ꪩꪴꪀ,False
"bận con nện,",ꪢ꫁ꪺ ꪩꪴꪀ,True
bận con mọn,ꪬꪮꪚ ꪩꪴꪀ,True
mùa,ꪣꪺ,False
vụ,ꪣꪺ,False
thời vụ,ꪣꪺ,False
tạc vụ,ꪜꪾꪚ,True
"mờ, hoa, nhòa",ꪣꪺ,False
"mờ, hoa, nút,",ꪣꪺ,True
bét nhèm,ꪣꪺ,False
mùa nực,ꪣꪺ ꪭ꫁ꪮꪙ,False
mùa tốp,ꪣꪺ ꪭ꫁ꪮꪙ,True
mùa lạnh,ꪣꪺ ꪘꪱꪫ,False
mò mò,ꪣ꪿ꪺ ꪣ꪿ꪺ,False
mò mò,ꪣ꪿ꪺ ꪥꪴꪉ,True
mò quặn,ꪣ꪿ꪺ ꪣ꪿ꪺ,True
um,ꪣ꫁ꪺ,False
vành,ꪣ꫁ꪺ,True
luống cuống,ꪣ꫁ꪺ ꪀ꪿ꪺꪉ,False
luống sững,ꪣ꫁ꪺ ꪼꪁ,True
mật,ꪣꪴꪀ,False
mật,ꪠꪴ꪿ꪀ,True
mủ,ꪣꪴꪀ,False
nhá,ꪣꪴ꪿ꪣ,False
nhá,ꪐꪳ꫁,True
kê,ꪢꪴꪙ,False
ban,ꪢꪴ꪿ꪙ ꪢ꪿ꪱꪙ,False
"hết,",ꪢꪴ꪿ꪙ ꪢ꪿ꪱꪙ,True
"ngập, bộn",ꪣꪴꪙ,False
"ngập, ru",ꪣꪴꪙ,True
di sản,ꪣꪴꪙ ꪹꪭꪙ,False
"vụn, tả",ꪣꪴ꪿ꪙ,False
"vụn, tả",ꪡꪲ,True
ửng tả,ꪣꪴ꪿ꪙ,True
lẻ,ꪣꪴ꪿ꪙ,False
lẻ,ꪤꪲ꪿ꪙ,True
tơi,ꪣꪴ꪿ꪙ ꪣꪲ꪿ꪙ,False
tan nát,ꪣꪴ꪿ꪙ ꪏꪩꪲ,False
"tan cư,",ꪣꪴ꪿ꪙ ꪏꪩꪲ,True
đình,ꪣꪴꪉ,False
đình,ꪯꪴꪥ,True
mui,ꪣꪴꪉ,False
lợp,ꪣꪴꪉ,False
ổ,ꪣꪴ꫁ꪉ,False
"teo,",ꪣꪴ꫁ꪉ,True
bùi nhùi,ꪢ꫁ꪺꪥ ꪶꪮ꪿ꪉ,False
bùi nhùi,ꪢ꫁ꪺꪥ ꪀꪘꪲꪚ,True
mũ cát,ꪢꪺꪀ,False
khùng cát,ꪢꪺꪀ,True
phù chú,ꪣꪺꪙ,False
vui,ꪣ꪿ꪺꪙ,False
vui,ꪹꪋ,True
hay,ꪣ꪿ꪺꪙ,False
vui lòng,ꪣ꪿ꪺꪙ ꪻꪊ,False
"mừng rỡ, phấn chấn",ꪣ꪿ꪺꪙ ꪬꪮꪣ,False
"mừng hơi, phấn chấn",ꪣ꪿ꪺꪙ ꪫꪮꪉ,True
vui đùa,ꪣ꪿ꪺꪙ ꪬꪺ,False
"vui mừng, vui vẻ",ꪣ꪿ꪺꪙ ꪹꪣꪷꪉ,False
vui xuyên vui vẻ,ꪣ꪿ꪺꪙ ꪹꪣꪷꪉ,True
vui thú,ꪣ꪿ꪺꪙ ꪣ꫁ꪺ,False
vui sướng,ꪣ꪿ꪺꪙ ꪣ꫁ꪺ,False
xắn,ꪣ꫁ꪺꪙ,False
bẳt,ꪣ꫁ꪺꪙ,False
vắt,ꪣ꫁ꪺꪙ,False
"đời,",ꪣ꫁ꪺꪙ,True
bế mạc,ꪣ꫁ꪺꪙ ꪜꪱꪉ,False
"giỏ, oi",ꪢꪺꪉ,False
tế oi,ꪢꪺꪉ,True
"giỏ, oi",ꪶꪄꪨꪀ,True
"muỗm, xoài",ꪣ꪿ꪺꪉ,False
phụ xoài,ꪣ꪿ꪺꪉ,True
muỗm quả dài,ꪣ꪿ꪺꪉ ꪼꪀ꪿,False
muỗm quả dài,ꪣ꪿ꪺꪉ ꪹꪎ꫁ꪉ,True
xoài,ꪣ꪿ꪺꪉ ꪼꪀ꪿ ꪔꪮꪒ,False
xoài,ꪭꪱꪉ ꪼꪀ꪿ ꪔꪮꪒ,True
xoài hòn,ꪣ꪿ꪺꪉ ꪁꪾ,False
xoài trệch,ꪣ꪿ꪺꪉ ꪁꪾ,True
xoài hòn,ꪄꪾ꪿ ꪁꪾ,True
bưng,ꪢꪴꪚ,False
nhạo,ꪢꪴꪚ,True
vồ,ꪣꪴꪚ,False
bút,ꪣꪴꪚ,True
vồ ếch,ꪣꪴꪚ ꪶꪀꪚ,False
lặn,ꪣꪴꪒ,False
mò,ꪣꪴꪒ,True
tàn,ꪣꪴꪒ,False
tàn đời,ꪣꪴꪒ ꪹꪓꪷꪥ,False
tàn đời,ꪣꪴꪒ ꪹꪚꪷꪙ,True
tay,ꪣꪳ,False
ngày,ꪣꪳ꫁,False
ngày,ꪋꪷ꫁,True
hôm,ꪣꪳ꫁,False
ngày tháng,ꪣꪳ꫁ ꪹꪚꪙ,False
"ngày trước, ngày xưa",ꪣꪳ꫁ ꪹꪋꪱ꫁,False
"ngày trước, ngày xưa",ꪑꪺꪉ ꪹꪋꪱ꫁,True
"ngày trước, ngày gầm,",ꪣꪳ꫁ ꪹꪋꪱ꫁,True
ngày tết,ꪣꪳ꫁ ꪊꪸꪉ,False
"ngày dôi,",ꪣꪳ꫁ ꪊꪸꪉ,True
ngày hất,ꪣꪳ꫁ ꪩꪲ꫁,True
hôm nọ,ꪣꪳ꫁ ꪀ꪿ꪮꪙ,False
mò nọ,ꪣꪳ꫁ ꪀ꪿ꪮꪙ,True
hôm lởn,ꪣꪳ꫁ ꪀ꪿ꪮꪙ,True
"ngày đêm, đêm ngày",ꪣꪳ꫁ ꪁꪳꪙ,False
ngày tốt,ꪣꪳ꫁ ꪒꪲ,False
ngày hội,ꪣꪳ꫁ ꪶꪭ꫁ꪥ,False
ngày kia,ꪣꪳ꫁ ꪭꪳ,False
ngắn kia,ꪣꪳ꫁ ꪭꪳ,True
lúc đầu,ꪣꪳ꫁ ꪵꪅꪫꪀ,False
lúc đố,ꪣꪳ꫁ ꪵꪅꪫꪀ,True
hôm sau,ꪣꪳ꫁ ꪨꪰꪉ,False
hôm sau,ꪀꪨꪰꪉ ꪨꪰꪉ,True
ngày kia,ꪣꪳ꫁ ꪶꪣ꫁ꪙ,False
hôm qua,ꪣꪳ꫁ ꪉꪫꪱ,False
hôm nay,ꪣꪳ꫁ ꪙꪲ꫁,False
mút nay,ꪣꪳ꫁ ꪙꪲ꫁,True
hôm ngày,ꪖ꪿ꪮꪥ ꪙꪲ꫁,True
ngày lành,ꪣꪳ꫁ ꪜꪮꪒ,False
ngày mai,ꪣꪳ꫁ ꪝꪴꪀ,False
ngày mai,ꪣꪳ꫁ ꪒ꪿ꪽ,True
"ngày cắn,",ꪣꪳ꫁ ꪹꪩꪸ꫁ꪀ,True
"thấm thoắt, ngày tháng trôi qua",ꪣꪳ꫁ ꪶꪔ꪿ꪀ ꪹꪫꪸꪙ,False
"thấm thoắt, ngày tháng trôi tiêm",ꪣꪳ꫁ ꪶꪔ꪿ꪀ ꪹꪫꪸꪙ,True
"thấm thoắt, ngày tháng đĩ, qua",ꪣꪳ꫁ ꪶꪔ꪿ꪀ ꪹꪫꪸꪙ,True
lần nữa,ꪣꪳ꫁ ꪶꪔ꪿ꪀ ꪹꪫꪸꪙ,False
ngày sau,ꪣꪳ꫁ ꪮꪳ꪿ꪙ,False
"ngày sinh, sinh nhật",ꪣꪳ꫁ ꪹꪫꪸꪙ ꪮꪮꪀ,False
"ngày sinh, sinh rượi",ꪣꪳ꫁ ꪹꪫꪸꪙ ꪮꪮꪀ,True
ngày giỗ tổ tiên,ꪣꪳ꫁ ꪹꪫꪸꪙ ꪶꪕꪉ,False
đật giỗ tổ tiên,ꪣꪳ꫁ ꪹꪫꪸꪙ ꪶꪕꪉ,True
ngày mâm tổ tiên,ꪹꪨ꪿ꪱ ꪹꪫꪸꪙ ꪖ꪿ꪮꪣ,True
"hôm kia, hôm xưa",ꪣꪳ꫁ ꪏꪳꪙ,False
"hôm kia, hôm xưa",ꪄꪴꪙ ꪏꪳꪙ,True
"hôm kia, hôm chầm",ꪣꪳ꫁ ꪏꪳꪙ,True
hôm kìa,ꪣꪳ꫁ ꪏꪳ꫁ꪙ,False
hôm choạng,ꪣꪳ꫁ ꪏꪳ꫁ꪙ,True
đi,ꪹꪣ,False
hôi,ꪹꪣ,True
lên,ꪹꪣ,False
về,ꪹꪣ,False
"bắn,",ꪹꪣ,True
"chầu trời, đi trầu trời",ꪹꪣ ꪡ꫁ꪱ,False
"chầu trời, đi trầu cảm",ꪹꪣ ꪡ꫁ꪮꪙ,True
"đỡm trời, đi trầu trời",ꪹꪣ ꪡ꫁ꪱ,True
hồi,ꪹꪣ꪿,False
ban nãy,ꪹꪣ꪿ ꪀꪲ꫁,False
"giền nóng,",ꪹꪣ꪿ ꪀꪲ꫁,True
đời xưa,ꪹꪣ꪿ ꪒꪱꪥ,False
lã xưa,ꪹꪣ꪿ ꪒꪱꪥ,True
đời luống,ꪀ꪿ꪱ ꪒꪱꪥ,True
thời buổi,ꪹꪣ꪿ ꪑꪱꪣ,False
thời liệt,ꪹꪣ꪿ ꪑꪱꪣ,True
hít buổi,ꪹꪣ꪿ ꪑꪱꪣ,True
đã có thời,ꪹꪣ꪿ ꪏꪲ,False
đã có thời,ꪹꪣ꪿ ꪑꪺꪉ,True
có một thời,ꪹꪣ꪿ ꪏꪳ,False
có một thời,ꪵꪔꪒꪀ ꪏꪳ,True
"tranh, một giương",ꪹꪣ꪿ ꪏꪳ,True
"ẩm, ẩm ướt, ẩm sì",ꪢꪳ꪿ꪀ,False
"ẩm, ẩm sườn, ẩm bệnh",ꪢꪳ꪿ꪀ,True
mức,ꪢꪳ꪿ꪀ,False
mức,ꪔ꫁ꪮꪥ,True
mức độ,ꪢꪳ꪿ꪀ,False
"bụi, độ",ꪢꪳ꪿ꪀ,True
"cuộc, nghĩa,",ꪢꪳ꪿ꪀ,True
ương gàn,ꪢꪳꪙ ꪢꪳ꪿,False
"gượng, rốn",ꪹꪜ꪿ꪥ ꪢꪳ꪿,True
khều gàn,ꪢꪳꪙ ꪢꪳ꪿,True
mười nghìn,ꪢꪳ꪿ꪙ,False
vạn kiếp,ꪢꪳ꪿ꪙ ꪹꪓꪷꪥ,False
vạn đại,ꪢꪳ꪿ꪙ ꪜꪲ,False
triệu triệu,ꪢꪳ꪿ꪙ ꪵꪎꪙ,False
"mở, bừng",ꪣꪳꪙ,False
nua bừng,ꪣꪳꪙ,True
"nóng, bừng",ꪝꪰꪒ,True
trơn,ꪣꪳ꪿ꪙ,False
trơn tuột,ꪣꪳ꪿ꪙ ꪩ꫁ꪮꪥ ꪩ꫁ꪮꪥ,False
chuồng tuột,ꪣꪳ꪿ꪙ ꪩ꫁ꪮꪥ ꪩ꫁ꪮꪥ,True
trơn tru,ꪣꪳ꪿ꪙ ꪶꪩꪒ ꪶꪩꪒ,False
trơn rương,ꪣꪳ꪿ꪙ ꪶꪩꪒ ꪶꪩꪒ,True
"nhớt nhát, nhơm nhớp, láp nháp, khắm khảu tổm mưn mựa: cầm bánh chưng nhớt nhát",ꪣꪳ꪿ꪙ ꪹꪣꪀ,False
"nhớt nhát, ịt nhớp, láp nháp, khắm khảu nổ mưn mựa: cầm bánh chưng nhớt nhát",ꪣꪳ꪿ꪙ ꪹꪣꪀ,True
"nhớt nhát, nhơm nhớp, láp nháp, khắm khảu tổm mưn mựa: cầm bán bà, nhớt nhát",ꪣꪳ꪿ꪙ ꪹꪣꪀ,True
nhầy nhụa,ꪣꪳ꪿ꪙ ꪹꪣꪀ,False
nhầy giam,ꪣꪳ꪿ꪙ ꪹꪣꪀ,True
lầy lội,ꪣꪳ꪿ꪙ ꪶꪝꪉ,False
lầy lội,ꪄꪮꪉ ꪶꪝꪉ,True
"mày, ông, bà, anh, chị",ꪣꪳꪉ,False
"mày, đùn, bà, anh, chị",ꪶꪎꪀ,True
gấu ngựa,ꪹꪢꪥ,False
thúy ngựa,ꪛꪱꪚ,True
"ăn, ngựa",ꪹꪢꪥ,True
sương,ꪹꪢꪥ,False
sương,ꪹꪐꪸ꫁,True
"sương muối, tuyết",ꪹꪢꪥ ꪀ꫁ꪱꪣ,False
"sương cài, tuyết",ꪹꪢꪥ ꪀ꫁ꪱꪣ,True
"tuyết, sương mù",ꪹꪢꪥ ꪶꪠꪉ,False
"tuyết, sương mù",ꪀꪮꪀ ꪶꪠꪉ,True
mười,ꪹꪣꪥ,False
"thù,",ꪹꪣꪥ,True
quyềnh,ꪹꪣꪥ,True
mỏi,ꪹꪣ꪿ꪥ,False
xếp,ꪹꪣ꪿ꪥ,True
bậm,ꪹꪣ꪿ꪥ,True
"nhớt, rớt",ꪹꪣꪀ,False
"nhớt, nhắn",ꪹꪣꪀ,True
"nhây nhớt, lầy nhầy",ꪹꪣꪀ ꪣ꫁ꪱꪫ,False
mương,ꪹꪢꪉ,False
mương phai,ꪹꪢꪉ ꪠꪱꪥ,False
"mương thính,",ꪹꪢꪉ ꪠꪱꪥ,True
mường,ꪹꪣꪉ,False
mường,ꪵꪣ꫁,True
"nước, Tổ quốc",ꪹꪣꪉ,False
"còm, Tổ quốc",ꪎꪸ꪿ꪉ,True
"thiên phủ, thiên đình",ꪹꪣꪉ ꪶꪚꪙ,False
"thiên phủ, thiên lịa",ꪹꪣꪉ ꪶꪚꪙ,True
"trần gian, trần thế",ꪹꪣꪉ ꪩꪴ꪿ꪣ,False
"trần gian, trần thế",ꪊꪱꪫ ꪵꪤꪉ,True
"âm phủ, âm ti",ꪹꪣꪉ ꪹꪉꪀ,False
nước ngoài,ꪹꪣꪉ ꪙꪮꪀ,False
"thiên đàng, thiên đường",ꪹꪣꪉ ꪡ꫁ꪱ,False
"thiên đàng, thiên phạm",ꪹꪣꪉ ꪡ꫁ꪱ,True
quê nguiời,ꪹꪣꪉ ꪕ꪿ꪱꪙ,False
gối nguiời,ꪹꪣꪉ ꪕ꪿ꪱꪙ,True
"thiên cung, thiên đình",ꪹꪣꪉ ꪵꪖꪙ,False
"tiên cung, thiên thai",ꪹꪣꪉ ꪔꪸꪙ,False
"tiên cung, huyết thai",ꪹꪣꪉ ꪔꪸꪙ,True
"tiên cung, thiên thai",ꪄꪳ꪿ꪙ ꪔꪸꪙ,True
thế giới hư vô,ꪹꪣꪉ ꪕꪴ꪿ꪣ ꪭꪫꪱꪉ,False
thế giới hư rô,ꪹꪣꪉ ꪕꪴ꪿ꪣ ꪭꪫꪱꪉ,True
"dở hơi, dở người",ꪹꪣ꪿ꪉ,False
"đoản, hơi, dở người",ꪹꪣ꪿ꪉ,True
rút,ꪹꪣꪚ,False
ốp,ꪹꪣꪚ,True
xẹp,ꪹꪣꪚ,False
"ngất, xủi, lả",ꪹꪢꪒ,False
"ngất, xủi, tựa",ꪹꪢꪒ,True
tối,ꪣꪳꪒ,False
tối xẩm,ꪣꪳꪒ ꪁꪾ꪿,False
tối sầm,ꪣꪳꪒ ꪋꪲꪚ,False
tối sầm,ꪵꪙꪚ ꪋꪲꪚ,True
"tối đen, tối om, tối mù, tối tăm, mờ mịt",ꪣꪳꪒ ꪒꪾ,False
"tối gấu tối om, tối mù, tối tăm, mờ mịt",ꪎꪱꪣ ꪒꪾ,True
"nhuận đen, tối om, tối mù, tối tăm, mờ mịt",ꪣꪳꪒ ꪊꪲ,True
"khi tối khi sáng, tranh tối tranh sáng",ꪣꪳꪒ ꪭꪴ꪿ꪉ,False
"mịt mù, tù mù, mông lung",ꪣꪳꪒ ꪣꪺ,False
"mịt mù, tù mù, mông bằng,",ꪣꪳꪒ ꪣꪺ,True
tối mịt,ꪣꪳꪒ ꪜꪲ꫁ꪙ,False
mịt mờ,ꪣꪳꪒ ꪮꪳ꫁ꪣ ꪅꪳ꫁ꪣ,False
thuốc,ꪤꪱ,False
thuốc,ꪯ꫁ꪽ,True
"phẩm, thuốc",ꪤꪱ,False
chữa,ꪤꪱ,False
chữa,ꪵꪬꪀ,True
"bón, dưỡng",ꪤꪱ,False
rỏ dưỡng,ꪤꪱ,True
pin,ꪤꪱ,False
mui,ꪤꪱ,True
cầm hơi,ꪤꪱ ꪻꪊ,False
"xởn, hơi",ꪤꪱ ꪻꪊ,True
cầm rả,ꪤꪱ ꪻꪊ,True
thuốc đỏ,ꪤꪱ ꪵꪒꪉ,False
thuốc oán,ꪹꪫꪸ꪿ꪉ ꪵꪒꪉ,True
dưỡng sức,ꪤꪱ ꪵꪭꪉ,False
"thuốc hồi sinh, thuốc trường sinh",ꪤꪱ ꪩꪮꪀ,False
"thuốc hồi sinh, ồng trường sinh",ꪤꪱ ꪩꪮꪀ,True
"thuốc hồi sinh, quyến, kế sinh",ꪤꪱ ꪩꪮꪀ,True
thuốc mê,ꪤꪱ ꪩꪳꪣ,False
thuốc độc,ꪤꪱ ꪔꪱꪥ,False
yểng độc,ꪤꪱ ꪔꪱꪥ,True
thuốc tây,ꪤꪱ ꪼꪔ,False
thuốc nam,ꪤꪱ ꪼꪕ,False
rầm nam,ꪵꪀꪫ꪿ꪉ ꪼꪕ,True
thuốc dàm,ꪤꪱ ꪼꪕ,True
thuốc cảm,ꪤꪱ ꪼꪎ꫁,False
ngọ cảm,ꪤꪱ ꪜ꪿ꪺꪉ,True
thuốc cảm,ꪤꪱ ꪕꪴ,True
dâm,ꪤ꫁ꪱ,False
giả,ꪤ꫁ꪱ,False
"leo,",ꪤ꫁ꪱ,True
dâm đã,ꪤ꫁ꪱ ꪀꪸ꫁ꪫ,False
kẹp đã,ꪤ꫁ꪱ ꪀꪸ꫁ꪫ,True
thạch sùng,ꪥ꪿ꪱ ꪹꪭꪙ,False
thạch củng,ꪥ꪿ꪱ ꪹꪭꪙ,True
bà nội bà ngoại,ꪥ꪿ꪱ ꪙꪱꪥ,False
bà nội phát ngoại,ꪥ꪿ꪱ ꪙꪱꪥ,True
oai oái,ꪤ꪿ꪱꪀ ꪤ꪿ꪱꪀ,False
oai oái,ꪉꪴ꫁ ꪤ꪿ꪱꪀ,True
muốn oái,ꪬꪴ꪿ꪙ ꪅꪴ꪿ꪣ,True
ướp muối,ꪥ꫁ꪱꪀ,False
"rải, trải",ꪤꪱꪥ,False
phân phát,ꪤꪱꪥ,False
rải rác,ꪤꪱꪥ ꪤꪱꪒ,False
liệm tuôn,ꪤꪱꪥ ꪤꪱꪒ,True
tới tấp,ꪥꪱꪥ ꪥꪱꪥ,False
"cội, tấp",ꪥꪱꪥ ꪒꪮꪙ,True
tới tấp,ꪥꪱꪥ ꪝꪳ꪿,True
lòa xào,ꪥ꫁ꪱꪥ ꪥꪴꪣ,False
"xờm, xõa",ꪥ꫁ꪱꪥ ꪥꪴꪣ,False
"xờm, xõa",ꪥ꫁ꪱꪥ ꪜ꪿ꪮꪥ,True
"đói, đói ăn",ꪤꪱꪀ,False
gí đói ăn,ꪤꪱꪀ,True
khan hiếm,ꪤꪱꪀ,False
khan hiếm,ꪵꪁꪫ꫁ꪉ,True
khó,ꪥꪱꪀ,False
gay,ꪥꪱꪀ,False
ríu,ꪥꪱꪀ,True
khó dễ,ꪥꪱꪀ,False
dạ,ꪥꪱꪀ,False
khó khăn,ꪥꪱꪀ ꪋꪱ,False
gay go,ꪥꪱꪀ ꪋꪱ,False
"hố, go",ꪥꪱꪀ ꪋꪱ,True
gay tụ,ꪥꪱꪀ ꪋꪱ,True
thăm,ꪤꪱꪣ,False
lại mặt,ꪤꪱꪣ ꪹꪭꪙ,False
lại mặt,ꪡꪴꪙ ꪹꪭꪙ,True
dám,ꪤ꪿ꪱꪣ,False
lò dò,ꪤ꪿ꪱꪣ ꪤ꫁ꪱꪥ,False
muông dò,ꪤ꪿ꪱꪣ ꪤ꫁ꪱꪥ,True
giảm,ꪤ꫁ꪱꪣ,False
dán,ꪤ꪿ꪱꪙ,False
"sợ, hãi",ꪤ꫁ꪱꪙ,False
bùm hãi,ꪤ꫁ꪱꪙ,True
e,ꪤ꫁ꪱꪙ,False
cấy,ꪤ꫁ꪱꪙ,True
"nể lòng, vị nể",ꪤ꫁ꪱꪙ ꪻꪊ,False
khoằm đao vị nể,ꪤ꫁ꪱꪙ ꪻꪊ,True
"sợ sệt, hãi hùng, sợ hãi",ꪤ꫁ꪱꪙ ꪀꪺ,False
"lật, sệt, hãi hùng, ngưng hãi",ꪤ꫁ꪱꪙ ꪀꪺ,True
"e rằng, sợ rằng",ꪤ꫁ꪱꪙ ꪕꪷ꪿,False
run sợ,ꪤ꫁ꪱꪙ ꪎ꪿ꪽ,False
cao su,ꪥꪱꪙ,False
chùng,ꪥꪱꪙ,False
"giãn, trễ",ꪥꪱꪙ,False
bai,ꪥꪱꪙ,False
"hùa,",ꪨꪴꪣ,True
bai,ꪶꪯ꪿,True
"dạo, độ",ꪥ꪿ꪱꪙ,False
giong độ,ꪥ꪿ꪱꪙ,True
"thời, hồi",ꪥ꪿ꪱꪙ,False
truồng hồi,ꪥ꪿ꪱꪙ,True
quãng,ꪥ꪿ꪱꪙ,False
nhất thời,ꪥ꪿ꪱꪙ ꪙꪳ꪿ꪉ,False
vấp thời,ꪥ꪿ꪱꪙ ꪙꪳ꪿ꪉ,True
nhất lẹo,ꪥ꪿ꪱꪙ ꪙꪳ꪿ꪉ,True
một thời,ꪥ꪿ꪱꪙ ꪙꪳ꪿ꪉ,False
ắng thời,ꪥ꪿ꪱꪙ ꪙꪳ꪿ꪉ,True
thời kì,ꪥ꪿ꪱꪙ ꪏꪲ,False
thời kì,ꪑꪱꪒ ꪏꪲ,True
nhựa,ꪤꪱꪉ,False
quang,ꪤꪱꪉ,True
mủ,ꪤꪱꪉ,False
"tả tơi, lung tung",ꪤꪱꪉ ꪥꪱꪥ,False
"tả tơi, lung tung",ꪤꪱꪉ ꪉꪱꪙ,True
"xạc xài, xài xạc",ꪤꪱꪉ ꪥꪱꪥ,False
"xạc xài, chụt nõn",ꪤꪱꪉ ꪚꪴ꪿,True
bã xòa,ꪤꪱꪉ ꪥꪱꪥ,False
đong xòa,ꪪ꫁ꪱꪥ ꪥꪱꪥ,True
bã xòa,ꪹꪡ꪿ꪥ ꪥꪱꪥ,True
dông dài,ꪤꪱꪉ ꪥꪱꪥ,False
lùm thử,ꪤꪱꪉ ꪥꪱꪥ,True
thong dong,ꪤꪱꪉ ꪥꪴ,False
nề dong,ꪤꪱꪉ ꪁꪲ,True
nhựa,ꪤꪱꪉ ꪤꪳꪒ,False
nhựa,ꪤꪱꪉ ꪶꪙ꪿ꪥ,True
cao su,ꪤꪱꪉ ꪤꪳꪒ,False
bước,ꪤ꪿ꪱꪉ,False
"tha, thứ, miễn",ꪤ꪿ꪱꪉ,False
"bụi, thứ, miễn",ꪤ꪿ꪱꪉ,True
"tha, thứ, đền,",ꪵꪉ꫁ꪫ,True
nhường,ꪤ꪿ꪱꪉ,False
"giảm, bớt",ꪤ꪿ꪱꪉ,False
"giảm, bớt",ꪹꪏꪷꪙ,True
"khóc, bớt",ꪤ꪿ꪱꪉ,True
tha thứ,ꪤ꪿ꪱꪉ ꪥꪮꪣ,False
dung thứ,ꪤ꪿ꪱꪉ ꪘ꫁ꪱ,False
siểng thứ,ꪤ꪿ꪱꪉ ꪢꪲ꫁,True
dung mến,ꪤ꪿ꪱꪉ ꪘ꫁ꪱ,True
bước cao và đi từng bước một,ꪤ꪿ꪱꪉ ꪶꪠ꪿ꪀ,False
nhoai cao và đi gàn bước một,ꪤ꪿ꪱꪉ ꪶꪠ꪿ꪀ,True
"bước trưa, và đi từng bước tháo",ꪤ꪿ꪱꪉ ꪶꪠ꪿ꪀ,True
tha bổng,ꪤ꪿ꪱꪉ ꪎꪱ,False
sấy,ꪤ꫁ꪱꪉ,False
ướp sấy,ꪤ꫁ꪱꪉ ꪥꪾ,False
ướp quảng,ꪁꪱꪉ ꪥꪾ,True
"vêu mồm, vêu mõm",ꪤ꫁ꪱꪉ ꪶꪎꪚ,False
"vêu ung vờ, mõm",ꪤ꫁ꪱꪉ ꪶꪎꪚ,True
"vêu xưa, vêu chồng,",ꪤ꫁ꪱꪉ ꪶꪎꪚ,True
bu,ꪥꪱꪉ,False
giong ruổi,ꪵꪤꪉ ꪵꪤꪉ,False
"kiễng chân, kiễng",ꪵꪤ꪿ꪉ ꪵꪤ꫁,False
"kiễng chân, kiễng",ꪀꪽ ꪵꪤ꫁,True
"nhón gót, nhón chân, nhón",ꪵꪤ꪿ꪉ ꪵꪤ꫁,False
"khi, gót, nhón chân, nhón",ꪵꪤ꪿ꪉ ꪵꪤ꫁,True
"nhón gót, nhón chân, nhón",ꪼꪙ ꪵꪤ꫁,True
chích chòe,ꪵꪤ꪿ꪉ ꪵꪥ꫁,False
"chích cởi,",ꪵꪤ꪿ꪉ ꪵꪥ꫁,True
giao,ꪤꪱꪫ,False
giao,ꪹꪨ꪿ꪣ,True
để tang,ꪤ꪿ꪱꪫ,False
để tang,ꪎ꪿ꪱ,True
"khoảng, chừng",ꪤ꪿ꪱꪫ,False
"khoảng, chừng",ꪤꪱꪚ,True
"áng chừng, áng",ꪤ꪿ꪱꪫ,False
áng mẫm áng,ꪤ꪿ꪱꪫ,True
trạc,ꪤ꪿ꪱꪫ,False
chừng nào,ꪤ꪿ꪱꪫ ꪻꪒ,False
"nhà, gia đình",ꪤ꫁ꪱꪫ,False
"nhà, gia cai",ꪤ꫁ꪱꪫ,True
mây gia đình,ꪤ꫁ꪱꪫ,True
"cửa nhà, gia quyến",ꪤ꫁ꪱꪫ ꪥꪱꪒ ꪭ꫁ꪱꪙ,False
"cửa nhà, gia soi,",ꪤ꫁ꪱꪫ ꪥꪱꪒ ꪭ꫁ꪱꪙ,True
dài,ꪥꪱꪫ,False
"rã,",ꪥꪱꪫ,True
rộng,ꪥꪱꪫ,False
lớn,ꪥꪱꪫ,False
"máu,",ꪥꪱꪫ,True
ròng ròng,ꪥ꪿ꪱꪫ ꪥ꪿ꪱꪫ,False
"ròng gã,",ꪥ꪿ꪱꪫ ꪥ꪿ꪱꪫ,True
loại xị,ꪥꪱꪚ ꪥꪱꪚ,False
loại nhũn,ꪥꪱꪚ ꪹꪩꪷꪥ,True
lập lòe,ꪥꪱꪚ ꪥꪲꪚ,False
lấp loáng,ꪥꪱꪚ ꪥꪲꪚ,False
"ăn, loáng",ꪥꪱꪚ ꪥꪲꪚ,True
xổ,ꪤꪱꪒ,False
xổ,ꪮꪳ꪿ꪉ,True
phắt,ꪤꪱꪒ,False
"nhỏ, rỏ",ꪤꪱꪒ,False
"nhỏ, rỏ",ꪹꪥꪷ꪿,True
nhấp giọng,ꪤꪱꪒ ꪁꪷ,False
lễ bái,ꪤꪱꪒ ꪡꪱꪥ,False
"út, bái",ꪤꪱꪒ ꪡꪱꪥ,True
nhỏ giọt,ꪤꪱꪒ ꪜꪴꪚ,False
"thuốc thang, thuốc men",ꪹꪤꪱ ꪤꪱ,False
"thuốc thang, nối men",ꪄꪾ ꪤꪱ,True
chăm bón,ꪹꪤꪱ ꪤꪱ,False
chăm bón,ꪹꪯꪷꪥ꫁ꪀ ꪤꪱ,True
dấu,ꪹꪤꪱ꪿,False
giấu giếm,ꪹꪤꪱ꪿ ꪤꪾ,False
giấu giếm,ꪹꪤꪱ꪿ ꪵꪭ,True
dầu mè,ꪹꪥꪱ,False
giàu sáng,ꪹꪥꪱ ꪄꪱꪉ,False
"sợi, tơ",ꪻꪥ,False
nan ngang,ꪻꪥ,False
lèo ngang,ꪖꪴꪀ,True
dài dằng dặc,ꪻꪥ ꪥꪳꪒ,False
ngân dài,ꪻꪥ ꪥꪳꪒ,False
ngân dài,ꪻꪥ ꪼꪢ,True
nõn chuối,ꪼꪤ꫁,False
cầm cập,ꪤꪰꪀ ꪤꪰꪀ,False
"cầm vặn,",ꪤꪰꪀ ꪤꪰꪀ,True
tồi cập,ꪤꪰꪀ ꪶꪎꪒ,True
cần mẫn,ꪤꪰꪀ ꪤ꪿ꪮꪉ,False
cần mẫn,ꪤꪰꪀ ꪚꪒꪱ,True
xoành xoạch,ꪥꪰꪀ ꪥꪰꪀ,False
xoành xoạch,ꪵꪄ꪿ꪀ ꪥꪰꪀ,True
xoi xói,ꪥꪰꪀ ꪥꪰꪀ,False
dấu,ꪤꪾ,False
công hiệu,ꪤꪾ,False
"thiêng, đắt",ꪤꪾ,False
xốc xếch,ꪤꪾ ꪶꪥ꫁ꪀ,False
"ướp, sát",ꪥꪾ,False
"lâm dân, lún phún",ꪥꪾ ꪥꪴꪥ,False
lếch thếch,ꪥꪾ꫁ ꪶꪥ꫁ꪀ,False
màn,ꪤ꪿ꪽ,False
"màn, làn",ꪤ꪿ꪽ,False
hong,ꪤꪰꪉ,False
sừng sững,ꪤꪰꪉ,False
vơi sững,ꪤꪰꪉ,True
dò,ꪤꪰ꪿ꪉ,False
thõng,ꪥꪰ꪿ꪉ,False
thõng,ꪫꪰꪉ,True
"sệ, sễ, sị, trễ",ꪥꪰ꪿ꪉ,False
"phị, phệ",ꪥꪰ꪿ꪉ,False
cựa phệ,ꪥꪰ꪿ꪉ,True
"phúng phính, phị",ꪥꪰ꪿ꪉ ꪶꪯꪥꪒ,False
"phúng phính, lè",ꪥꪰ꪿ꪉ ꪶꪯꪥꪒ,True
sề sệ,ꪥꪰ꪿ꪉ ꪶꪯꪥꪒ,False
nghỉ,ꪥꪰ꫁ꪉ,False
"ngừng, dừng",ꪥꪰ꫁ꪉ,False
hoãn,ꪥꪰ꫁ꪉ,False
"đáng,",ꪥꪰ꫁ꪉ,True
đình,ꪥꪰ꫁ꪉ,False
"dập,",ꪥꪰ꫁ꪉ,True
nghỉ ngơi,ꪥꪰ꫁ꪉ ꪥ꪿ꪮꪣ,False
"bến, quặn,",ꪥꪰ꫁ꪉ ꪥ꪿ꪮꪣ,True
"éo, ngơi",ꪮꪸ꪿ꪫ ꪥ꪿ꪮꪣ,True
nghỉ hè,ꪥꪰ꫁ꪉ ꪵꪭ,False
nghỉ cho lại sức,ꪥꪰ꫁ꪉ ꪵꪭꪉ,False
"nghỉ cho cóp ngang,",ꪣꪺꪙ ꪵꪭꪉ,True
nghỉ cho đỡ mệt,ꪥꪰ꫁ꪉ ꪹꪘ꪿ꪥ,False
nghỉ bửa đỡ mệt,ꪥꪰ꫁ꪉ ꪵꪒꪫ,True
nghỉ cho đỡ mệt,ꪈ꪿ꪮꪣ ꪹꪘ꪿ꪥ,True
nghỉ phép,ꪥꪰ꫁ꪉ ꪵꪠꪚ,False
"đứng khựng lại, ngắc lại",ꪥꪰ꫁ꪉ ꪶꪕꪒ,False
"đứng khựng lại, ngắc lại",ꪹꪤ ꪶꪕꪒ,True
"đứng đợi lại, ngắc băng",ꪥꪰ꫁ꪉ ꪶꪕꪒ,True
nghỉ nhờ,ꪥꪰ꫁ꪉ ꪵꪫ꪿,False
nghỉ việc,ꪥꪰ꫁ꪉ ꪫꪸꪀ,False
nghỉ việc,ꪮꪱꪙ ꪫꪸꪀ,True
"suýt soát, xấp xỉ",ꪤꪾꪚ ꪤ꪿ꪱꪥ,False
"suýt soát, trăng xỉ",ꪤꪾꪚ ꪤ꪿ꪱꪥ,True
nhuốm,ꪤꪰꪒ,False
gieo,ꪤꪰꪒ,False
"nàng,",ꪤꪰꪒ,True
thắm tình,ꪤꪰꪒ ꪤꪮꪉ,False
"thắm thiến,",ꪤꪰꪒ ꪤꪮꪉ,True
phấp phới,ꪵꪥ ꪵꪥ,False
rộn ràng,ꪵꪥ ꪵꪥ,False
"rộn vợt,",ꪮꪲꪉ ꪵꪥ,True
"hắt hiu, hây hẩy",ꪵꪥ ꪵꪥ,False
vèo,ꪵꪥꪚ,False
vèo vèo,ꪵꪥꪚ ꪵꪥꪚ,False
phất phơ,ꪵꪥꪚ ꪵꪥꪚ,False
phất phơ,ꪵꪥꪚ ꪀ꪿ꪱꪉ,True
dân,ꪹꪤꪸꪙ,False
ngoải,ꪹꪤꪸꪙ,True
mát,ꪹꪤꪸꪙ,False
nguội,ꪹꪤꪸꪙ,False
nguội,ꪝꪲ꫁ꪀ,True
"dân bản, dân làng",ꪹꪤꪸꪙ ꪚ꫁ꪱꪙ,False
"dân bản, dân mạp",ꪶꪮ ꪚ꫁ꪱꪙ,True
"dân bản, dân phang",ꪹꪤꪸꪙ ꪚ꫁ꪱꪙ,True
dân nghèo,ꪹꪤꪸꪙ ꪄꪷ꪿,False
nhân dân,ꪹꪤꪸꪙ ꪹꪣꪉ,False
nhân dân,ꪹꪤꪸꪙ ꪯꪲꪒ,True
mát mặt,ꪹꪤꪸꪙ ꪘ꫁ꪱ,False
"án buốt,",ꪊ꪿ꪮꪥ ꪘ꫁ꪱ,True
"dân đen, con đen",ꪹꪤꪸꪙ ꪙ꫁ꪮꪥ,False
dân tộc,ꪹꪤꪸꪙ ꪶꪕ꫁ꪀ,False
dân tộc,ꪹꪛꪸ꫁ꪉ ꪶꪕ꫁ꪀ,True
thế,ꪹꪥꪸ꫁ꪙ,False
"phất, tấy, nổi",ꪹꪥꪸ꫁ꪉ,False
làm,ꪹꪥꪸꪒ,False
gây,ꪹꪥꪸꪒ,False
ừ,ꪙꪴ꪿ꪉ,True
nấu,ꪹꪥꪸꪒ,False
làm lành,ꪹꪥꪸꪒ ꪒꪲ,False
rua lành,ꪹꪥꪸꪒ ꪒꪲ,True
làm bạn,ꪹꪥꪸꪒ ꪛ꫁ꪱꪙ,False
làm bạn,ꪹꪥꪸꪒ ꪶꪀ꪿ꪥ,True
làm chủ,ꪹꪥꪸꪒ ꪹꪊꪱ꫁,False
làm thế,ꪹꪥꪸꪒ ꪹꪋꪸ꫁ꪙ,False
làm giấy,ꪹꪥꪸꪒ ꪊꪸ꫁,False
làm võ,ꪹꪥꪸꪒ ꪊꪸ꫁,True
làm chứng,ꪹꪥꪸꪒ ꪊꪳ꪿ꪉ,False
làm công,ꪹꪥꪸꪒ ꪶꪀꪉ,False
"sộc ơ,",ꪹꪥꪸꪒ ꪶꪀꪉ,True
làm thuốc,ꪹꪥꪸꪒ ꪤꪱ,False
làm thuốc,ꪜꪰꪉ ꪤꪱ,True
"làm khó dễ, gây khó dễ",ꪹꪥꪸꪒ ꪥꪱꪀ,False
làm khó nhở gây khó dễ,ꪹꪥꪸꪒ ꪥꪱꪀ,True
"làm đỏm, làm dáng",ꪹꪥꪸꪒ ꪤ꫁ꪮꪉ,False
"làm đỏm, làm dáng",ꪹꪥꪸꪒ ꪶꪀ꫁ꪙ,True
"làm đỏm, làm dáng",ꪵꪩ꫁ꪉ ꪵꪑꪉ,True
"tăng gia, sản xuất",ꪹꪥꪸꪒ ꪹꪥ꫁ꪙ,False
tăng liếc sản xuất,ꪹꪥꪸꪒ ꪠꪱꪉ,True
làm nũng,ꪹꪥꪸꪒ ꪵꪮ꪿ꪫ,False
oăng nũng,ꪹꪥꪸꪒ ꪵꪮ꪿ꪫ,True
làm cho,ꪹꪥꪸꪒ ꪻꪬ꫁,False
ước cho,ꪹꪥꪸꪒ ꪻꪬ꫁,True
"làm ma, tang lễ",ꪹꪥꪸꪒ ꪵꪭ꪿ꪫ,False
"nốc ma, tang lễ",ꪹꪥꪸꪒ ꪕꪲ꪿,True
"làm ma, tang lễ",ꪹꪥꪸꪒ ꪵꪤꪉ,True
dệt,ꪹꪥꪸꪒ ꪬꪴꪀ,False
dệt,ꪹꪥꪸꪒ ꪉꪺꪣ,True
gây dựng gia đình,ꪹꪥꪸꪒ ꪹꪭꪙ,False
gây lựu gia đình,ꪹꪥꪸꪒ ꪹꪭꪙ,True
làm trò,ꪹꪥꪸꪒ ꪮꪲ꫁ꪙ,False
làm cảnh,ꪹꪥꪸꪒ ꪮꪲ꫁ꪙ,False
"trưởng, cảnh",ꪹꪥꪸꪒ ꪮꪲ꫁ꪙ,True
làm già,ꪹꪥꪸꪒ ꪵꪄꪉ,False
làm chụt,ꪹꪥꪸꪒ ꪵꪄꪉ,True
"làm oan,",ꪹꪥꪸꪒ ꪵꪄꪉ,True
làm khách,ꪹꪥꪸꪒ ꪵꪄꪀ,False
làm tôi,ꪹꪥꪸꪒ ꪄ꫁ꪮꪥ,False
làm tôi,ꪹꪥꪸꪒ ꪮ꪿ꪽ,True
làm môi giới giữa dân với tạo phìa,ꪹꪥꪸꪒ ꪩ꪿ꪱꪣ,False
làm môi giới giữa dân niềng tạo phìa,ꪹꪥꪸꪒ ꪩ꪿ꪱꪣ,True
làm môi giới giữa dân với tạo phìa,ꪶꪣ꫁ꪣ ꪩ꪿ꪱꪣ,True
làm bộ,ꪹꪥꪸꪒ ꪈꪲꪒ,False
"hoa, bộ",ꪹꪥꪸꪒ ꪈꪲꪒ,True
làm bộ,ꪤ꪿ꪱꪀ ꪈꪲꪒ,True
làm cao,ꪹꪥꪸꪒ ꪻꪐ꪿,False
làm ơn,ꪹꪥꪸꪒ ꪹꪮꪷꪙ,False
làm ơn,ꪚ꫁ꪱꪉ ꪹꪮꪷꪙ,True
"chơi trội, chơi ác",ꪹꪥꪸꪒ ꪵꪝ꫁,False
chơi nách chơi ác,ꪹꪥꪸꪒ ꪵꪝ꫁,True
"thăm, tạm xế, ác",ꪹꪥꪸꪒ ꪝꪳꪉ,True
làm nên,ꪹꪥꪸꪒ ꪹꪜꪸꪙ,False
làm nhẫy,ꪹꪥꪸꪒ ꪹꪅꪷꪥ,True
làm phép,ꪹꪥꪸꪒ ꪵꪠꪚ,False
cúng lễ,ꪹꪥꪸꪒ ꪠꪲ,False
làm cỗ,ꪹꪥꪸꪒ ꪹꪝ꫁,False
đánh rơi,ꪹꪥꪸꪒ ꪶꪔ꪿ꪀ,False
ở tù,ꪹꪥꪸꪒ ꪕꪴ,False
"ô, tù",ꪹꪥꪸꪒ ꪕꪴ,True
"hùa, tù",ꪁꪩꪮꪒ ꪕꪴ,True
làm gương,ꪹꪥꪸꪒ ꪵꪫ꪿ꪙ,False
làm việc,ꪹꪥꪸꪒ ꪫꪸꪀ,False
làm việc,ꪔꪴ꪿ꪀ ꪫꪸꪀ,True
làm duyên,ꪹꪥꪸꪒ ꪎꪱꪫ,False
đoàn thay,ꪹꪥꪸꪒ ꪻꪎ꪿,True
ri rí,ꪥꪲ꪿ ꪥꪲ꪿,False
ri rí,ꪥꪲ꪿ ꪄꪲꪫ,True
bịch,ꪥꪸ,False
bịch,ꪋꪱ,True
"cấu, bấu",ꪤꪲ꪿ꪀ,False
lươn,ꪤꪸ꪿ꪙ,False
"bẫy,",ꪤꪸ꪿ꪙ,True
liền,ꪥꪸꪙ,False
liền,ꪬ꫁ꪱꪣ,True
liền bèn,ꪥꪸꪙ,False
liên tiếp,ꪥꪸꪙ ꪥꪸ꪿,False
"kỷ, tiếp",ꪥꪸꪙ ꪥꪸ꪿,True
liên kắp,ꪥꪸꪙ ꪥꪸ꪿,True
tiếp liền,ꪥꪸꪙ ꪥꪸ꪿,False
tủn liền,ꪥꪸꪙ ꪥꪸ꪿,True
"găng, liền",ꪥꪸꪙ ꪥꪸ꪿,True
triền miễn,ꪥꪸꪙ ꪥꪸ꪿,False
triền ngất,ꪥꪸꪙ ꪥꪸ꪿,True
liền một mạch,ꪥꪸꪙ ꪶꪩꪒ,False
liền một giải,ꪥꪸꪙ ꪶꪩꪒ,False
riêng,ꪤꪸꪉ,False
"đè,",ꪤꪸꪉ,True
duỗi,ꪤꪸꪒ,False
duỗi,ꪹꪤꪱ꪿,True
xoãi,ꪤꪸꪒ,False
thẳng cẳng,ꪤꪸꪒ ꪜꪱꪒ,False
thẳng cẳng,ꪝꪾꪚ ꪜꪱꪒ,True
sóng sượt,ꪤꪸꪒ ꪕꪰꪉ,False
nuông sượt,ꪤꪸꪒ ꪕꪰꪉ,True
ngả lưng,ꪤꪸꪒ ꪶꪔ,False
với,ꪤꪸꪫ,False
"nghển, nghểnh",ꪤꪸꪫ,False
"nghển, chẵn",ꪤꪸꪫ,True
cứu giúp,ꪤꪲ꪿ꪙ,False
"dúm, nhúm",ꪤꪲꪚ,False
"phượu, nhúm",ꪤꪲꪚ,True
"dúm, khối,",ꪤꪲꪚ,True
"nhúm, nhón",ꪤꪲꪚ,False
véo,ꪤꪲꪚ,False
cập kèm,ꪤꪲꪚ ꪤꪲ,False
thoi thót,ꪤꪲꪒ ꪤꪮꪙ,False
"lụn,mạt thót",ꪤꪲꪒ ꪤꪮꪙ,True
cách quãng,ꪤꪲꪒ ꪤ꪿ꪮꪙ,False
biếc,ꪤꪲ꫁ꪫ ꪤꪲ꫁ꪫ,False
(hoặc,ꪤꪲ꫁ꪫ ꪤꪲ꫁ꪫ,True
dò,ꪤꪷ,False
chuyển:,ꪤꪷ,True
do thám,ꪤꪷ ꪖ꪿ꪱꪣ,False
"bị, ró",ꪤꪷ꪿,False
giò,ꪥꪷ,False
giò,ꪊꪳ꪿ꪀ,True
cừu,ꪥꪷ꪿,False
cừu,ꪚꪺ,True
tạm,ꪥꪷ꫁,False
"đưa,",ꪥꪷ꫁,True
"sơ, sơ qua",ꪥꪷ꫁,False
"bĩnh, sơ qua",ꪥꪷ꫁,True
"sơ, sơ can,",ꪥꪷ꫁,True
xiên xẹo,ꪥꪷ꫁ ꪵꪥ꫁,False
"kiếm, xẹo",ꪥꪷ꫁ ꪵꪥ꫁,True
lanh lợi,ꪥ꫁ꪮꪀ,False
phào lợi,ꪵꪀ꪿ꪫ,True
"xon xon, lon xon",ꪥ꫁ꪮꪀ ꪥ꫁ꪮꪀ,False
xon nương lon xon,ꪵꪛꪚ ꪥ꫁ꪮꪀ,True
lanh lảnh,ꪤ꪿ꪮꪥ ꪤ꪿ꪮꪥ,False
lanh vú,ꪤ꪿ꪮꪥ ꪤ꪿ꪮꪥ,True
lanh lảnh,ꪤ꪿ꪮꪥ ꪛꪳ꫁ꪀ,True
chõm,ꪤ꫁ꪮꪥ,False
giỏi,ꪤ꫁ꪮꪥ,False
"cừ, bợm",ꪤ꫁ꪮꪥ ꪜꪲꪒ,False
"cừ, thọng",ꪤ꫁ꪮꪥ ꪜꪲꪒ,True
doi,ꪤꪮꪥ,False
dọi,ꪥꪮꪥ,False
lổng,ꪥꪮꪥ,True
dành cho,ꪥ꪿ꪮꪥ,False
nhỏ nhẻ,ꪥ꪿ꪮꪥ ꪥ꪿ꪮꪥ,False
nhỏ trò,ꪥ꪿ꪮꪥ ꪥ꪿ꪮꪥ,True
nhỏ rệp,ꪥ꪿ꪮꪥ ꪥ꪿ꪮꪥ,True
"nhỏ, rỏ, rớt",ꪥ꫁ꪮꪥ,False
"nhỏ, rỏ, rớt",ꪁ꪿ꪺꪙ,True
"han rỏ, rớt",ꪥ꫁ꪮꪥ,True
mướt,ꪥ꫁ꪮꪥ,False
"bờ,",ꪥ꫁ꪮꪥ,True
hau háu,ꪥ꫁ꪮꪥ ꪥ꫁ꪮꪥ,False
"đùa, ghẹo",ꪤꪮꪀ,False
hoằn ghẹo,ꪤꪮꪀ,True
"chơi đùa, trêu đùa",ꪤꪮꪀ ꪮꪲ꫁ꪙ,False
chơi phơi trêu đùa,ꪄꪴ꪿ꪀ ꪮꪲ꫁ꪙ,True
dốc,ꪥꪮꪀ,False
"xíu,",ꪵꪙ꪿ꪣ,True
oằn,ꪥꪮꪀ,False
dành,ꪥ꪿ꪮꪣ,False
đõ,ꪥ꪿ꪮꪣ,True
giữ,ꪥ꪿ꪮꪣ,False
"thấp thỏm, nơm nớp",ꪤꪮꪣ ꪤꪷ꪿,False
"thấp thỏm, bé, nớp",ꪤꪮꪣ ꪤꪷ꪿,True
"thấp thỏm, nơm nớp",ꪩꪸ꫁ꪫ ꪤꪷ꪿,True
để dành,ꪤꪮꪣ ꪼꪫ꫁,False
lò dò,ꪤ꪿ꪮꪣ ꪤ꫁ꪮꪥ,False
"lò mọc,",ꪤ꪿ꪮꪣ ꪤ꫁ꪮꪥ,True
"dòm, nhòm",ꪥꪮꪣ,False
"soi, soi mói",ꪥꪮꪣ,False
"kiếm, soi nhem",ꪥꪮꪣ,True
dòm nom,ꪥꪮꪣ ꪵꪩ,False
"nới, hạ",ꪤ꪿ꪮꪙ,False
hạ hạ,ꪤ꪿ꪮꪙ,True
hạ,ꪤ꪿ꪮꪙ,False
bớt,ꪤ꪿ꪮꪙ,False
vợi,ꪤ꪿ꪮꪙ,False
"nhường, nhường nhịn",ꪤ꪿ꪮꪙ,False
bớt miệng,ꪤ꪿ꪮꪙ ꪶꪎꪚ,False
bớt xốp,ꪯꪴ꪿ꪥ ꪶꪎꪚ,True
kê cao,ꪤ꫁ꪮꪙ,False
dun cao,ꪤ꫁ꪮꪙ,True
nhảy cẫng,ꪤ꫁ꪮꪙ,False
nhảy cẫng,ꪼꪫ꫁,True
lấp lánh,ꪤ꫁ꪮꪙ,False
"lấp sư,",ꪤ꫁ꪮꪙ,True
lấp hay,ꪤ꫁ꪮꪙ,True
rập rình,ꪤ꫁ꪮꪙ ꪥ꪿ꪽ ꪥ꪿ꪽ,False
rập rình,ꪎ꪿ꪱꪙ ꪥ꪿ꪽ ꪥ꪿ꪽ,True
rập lum,ꪤ꫁ꪮꪙ ꪥ꪿ꪽ ꪥ꪿ꪽ,True
nhảy múa,ꪤ꫁ꪮꪙ ꪵꪏ,False
nhảy dẽ,ꪤ꫁ꪮꪙ ꪵꪏ,True
nô nức,ꪤ꫁ꪮꪙ ꪵꪏ,False
tẽ nức,ꪤ꫁ꪮꪙ ꪵꪏ,True
dầm,ꪥꪮꪙ,False
khoèo,ꪥꪮꪙ,True
mượn,ꪥ꫁ꪮꪙ,False
nhờ,ꪥ꫁ꪮꪙ,False
nhờ,ꪖꪲ,True
giong,ꪤꪮꪉ,False
rình,ꪤ꪿ꪮꪉ,False
"rón, nhón",ꪤ꪿ꪮꪉ,False
"rón, nhón",ꪵꪫ꪿ꪙ,True
"lẻn, lén, lỏn",ꪤ꪿ꪮꪉ,False
lòi mắm lỏn,ꪤ꪿ꪮꪉ,True
lủi,ꪤ꪿ꪮꪉ,False
"chồm hổm, chồm chỗm",ꪤ꪿ꪮꪉ ꪤꪷ꫁,False
"mọng hổm, chồm chỗm",ꪤ꪿ꪮꪉ ꪤꪷ꫁,True
"chồm hổm, bỏ, chỗm",ꪤ꪿ꪮꪉ ꪤꪷ꫁,True
khuyu,ꪤ꪿ꪮꪉ ꪤꪮꪀ,False
rón rén,ꪤ꪿ꪮꪉ ꪤꪳꪒ,False
rón gạc,ꪤ꪿ꪮꪉ ꪤꪳꪒ,True
cò rò,ꪤ꪿ꪮꪉ ꪤꪳꪒ,False
diện,ꪤ꫁ꪮꪉ,False
diện,ꪹꪊꪷ꪿ꪣ,True
"đỏm, dáng",ꪤ꫁ꪮꪉ,False
đỏm dáng,ꪤ꫁ꪮꪉ ꪥꪾ,False
đỏm cũn,ꪵꪏꪒ ꪥꪾ,True
xênh xang,ꪤ꫁ꪮꪉ ꪤ꪿ꪽ,False
"tuyệt, xang",ꪤ꫁ꪮꪉ ꪤ꪿ꪽ,True
loại,ꪥꪮꪉ,False
lẻo khẻo,ꪥ꪿ꪮꪉ ꪵꪥ꪿ꪉ,False
lẻo khẻo,ꪙꪾ ꪵꪥ꪿ꪉ,True
sơ sài,ꪥ꪿ꪮꪉ ꪵꪥ꪿ꪉ,False
sơ sài,ꪥ꪿ꪮꪉ ꪠꪱꪀ,True
sơ sài,ꪥ꪿ꪮꪉ ꪵꪤ꫁,True
"còm, còi",ꪤꪮꪒ,False
"còm, hũ",ꪤꪮꪒ,True
còm nhom,ꪤꪮꪒ ꪵꪤꪒ,False
hút nhom,ꪤꪮꪒ ꪵꪤꪒ,True
"còm cõi, còi cọc",ꪤꪮꪒ ꪥꪮꪥ,False
"còm cõi, còi cọc",ꪀꪤꪰꪒ ꪥꪮꪥ,True
gầy còm,ꪤꪮꪒ ꪠꪮꪣ,False
"gầy những,",ꪤꪮꪒ ꪠꪮꪣ,True
"bần bật, rần rật",ꪶꪤ꪿ꪀ ꪶꪤ꪿ꪀ,False
"bần bật, rần rật",ꪹꪝꪱ꫁ ꪶꪤ꪿ꪀ,True
oằn,ꪶꪤꪀ,False
"rộc, sút",ꪶꪥꪀ,False
dún dẩy,ꪶꪤ꫁ꪣ ꪶꪤ꫁ꪣ,False
dún nỡ,ꪶꪤ꫁ꪣ ꪶꪤ꫁ꪣ,True
dún dẩy,ꪶꪤ꫁ꪣ ꪝꪩ꫁ꪮꪀ,True
đinh,ꪶꪥꪣ,False
"ê ẩm, ngấm ngầm",ꪶꪥꪙ ꪶꪥꪙ,False
ùn ùn,ꪶꪥꪙ ꪶꪥꪙ,False
lộ ùn,ꪶꪥꪙ ꪵꪔ꫁ꪉ,True
ùn bó,ꪶꪥꪙ ꪶꪥꪙ,True
tiêu,ꪶꪤ꪿ꪉ,False
dùng,ꪶꪤ꪿ꪉ,False
"chi tiêu, tiêu pha",ꪶꪤ꪿ꪉ ꪊ꪿ꪱꪥ,False
"nũng tiêu, tiêu pha",ꪶꪤ꪿ꪉ ꪊ꪿ꪱꪥ,True
khập khiễng,ꪶꪤ꪿ꪉ ꪶꪤꪀ,False
giậu khạo,ꪶꪤ꪿ꪉ ꪶꪤꪀ,True
thẫm,ꪶꪥꪉ ꪶꪥꪉ,False
quyềnh,ꪶꪥꪉ ꪶꪥꪉ,True
tam toạng,ꪶꪤꪉ ꪥꪱꪥ,False
tam toạng,ꪜꪱꪥ ꪥꪱꪥ,True
bợt,ꪶꪤꪒ,False
giọi,ꪶꪤꪒ,False
giọi lại,ꪶꪤꪒ ꪤꪱ,False
"vòi, lại",ꪨꪴꪚ ꪤꪱ,True
loại lại,ꪶꪤꪒ ꪊꪳ꪿,True
ròng ròng,ꪶꪥꪒ ꪶꪥꪒ,False
rộp ròng,ꪶꪥꪒ ꪶꪥꪒ,True
ơ,ꪹꪥꪷ꪿,False
đi,ꪹꪥꪷ꪿,False
nào,ꪹꪤꪷ꪿ꪀ,False
"đi,",ꪶꪄ꪿ꪉ,True
nghễu nghện,ꪹꪥꪷ꫁ꪀ ꪹꪥꪷ꫁ꪀ,False
nghễu nghện,ꪹꪥꪷ꫁ꪀ ꪜꪳꪙ,True
dân,ꪹꪤꪷꪙ,False
dân bản,ꪹꪤꪷꪙ ꪚ꫁ꪱꪙ,False
"dân mường, nhân dân",ꪹꪤꪷꪙ ꪹꪣꪉ,False
nhân dân,ꪹꪤꪷꪙ ꪼꪝ꪿,False
hỗn dân,ꪹꪤꪷꪙ ꪼꪝ꪿,True
ứng cử,ꪹꪤꪷꪉ,False
thẩn thơ,ꪹꪤꪷꪉ ꪹꪥꪷ,False
thẩn nuộc,ꪹꪤꪷꪉ ꪹꪥꪷ,True
ống bương đựng đồ ăn,ꪹꪤꪷ꪿ꪉ,False
"ống thắn đựng sử, ăn",ꪹꪤꪷ꪿ꪉ,True
ở,ꪤꪴ꪿,False
"đẩy,",ꪶꪮ꪿ꪉ,True
ăn,ꪤꪴ꪿,False
"trôn,",ꪤꪴ꪿,True
"dính, ăn",ꪤꪴ꪿,False
ở mướn,ꪤꪴ꪿ ꪊ꫁ꪱꪉ,False
"ở quần,",ꪤꪴ꪿ ꪊ꫁ꪱꪉ,True
ở mướn,ꪬ꪿ꪮꪣ ꪊ꫁ꪱꪉ,True
ở vậy,ꪤꪴ꪿ ꪹꪋꪸ꫁ꪙ,False
đặt vó ở giữa đón bắt cá,ꪤꪴ꪿ ꪊꪲꪚ,False
"đặt vó ở giữa đón bắt Ông,",ꪤꪴ꪿ ꪄꪮꪒ,True
"khó ở, khó chịu",ꪤꪴ꪿ ꪥꪱꪀ,False
"khó găng, khó chịu",ꪤꪴ꪿ ꪥꪱꪀ,True
"trổ, ở, khó chịu",ꪤꪴ꪿ ꪥꪱꪀ,True
khó sống,ꪤꪴ꪿ ꪥꪱꪀ,False
hóng mát,ꪤꪴ꪿ ꪹꪤꪸꪙ,False
"phá, thẫm",ꪤꪴ꪿ ꪹꪤꪸꪙ,True
thản nhiên,ꪤꪴ꪿ ꪒꪲ,False
"sống li thân, li thân",ꪤꪴ꪿ ꪭ꫁ꪱꪉ,False
sống li thúc li thân,ꪤꪴ꪿ ꪭ꫁ꪱꪉ,True
sống mạnh khỏe,ꪤꪴ꪿ ꪬ꫁ꪱꪫ,False
sống vôi hết,ꪤꪴ꪿ ꪬ꫁ꪱꪫ,True
sống bằng khỏe,ꪤꪴ꪿ ꪬ꫁ꪱꪫ,True
ở đợ,ꪤꪴ꪿ ꪄ꫁ꪮꪥ,False
"ở mồm,",ꪤꪴ꪿ ꪄ꫁ꪮꪥ,True
kéo sợi tập thể trong những đêm trăng ở sân nhà,ꪤꪴ꪿ ꪄ꪿ꪺꪉ,False
kéo sợi tập thể trong những mối trăng ở sân nhà,ꪤꪴ꪿ ꪄ꪿ꪺꪉ,True
ngoạm sợi tập thể trong những đêm trăng ở thiêu nhà,ꪤꪴ꪿ ꪄ꪿ꪺꪉ,True
ở rể,ꪤꪴ꪿ ꪹꪄꪥ,False
"sẩn, rể",ꪁꪱ ꪹꪄꪥ,True
"ở không, ở dưng",ꪤꪴ꪿ ꪩ꫁ꪱ,False
"ở không, ở dưng",ꪜꪴ꪿ꪉ ꪩ꫁ꪱ,True
ở lùm ở dưng,ꪤꪴ꪿ ꪩ꫁ꪱ,True
ở không,ꪤꪴ꪿ ꪵꪩ꫁ꪉ,False
lượk: không,ꪤꪴ꪿ ꪵꪩ꫁ꪉ,True
khung không,ꪤꪴ꪿ ꪵꪩ꫁ꪉ,True
ở góa,ꪤꪴ꪿ ꪢ꫁ꪱꪥ,False
ở góa,ꪤꪴ꪿ ꪵꪋꪣꪣ,True
rình săn thú về ăn quả rừng,ꪤꪴ꪿ ꪢꪱꪀ,False
rình săn thú về ăn quả rừng,ꪵꪁꪫ꫁ꪉ ꪢꪱꪀ,True
rình săn khỉ về ăn quả rằn,ꪤꪴ꪿ ꪢꪱꪀ,True
lầm lì,ꪤꪴ꪿ ꪢꪳ꪿ꪀ ꪢꪳ꪿ꪀ,False
ở thum rình bắn chim,ꪤꪴ꪿ ꪉꪮꪉ,False
nằn chú rình bắn chim,ꪹꪀꪒ ꪋꪰ꪿ꪉ,True
mang thai,ꪤꪴ꪿ ꪝꪱ,False
mang thai,ꪵꪩ꫁ꪫ ꪩꪲꪙ,True
sống,ꪤꪴ꪿,False
ở cữ,ꪤꪴ꪿ ꪼꪡ,False
ở cữ,ꪤꪴ꪿ ꪹꪛꪱ,True
ở cữ,ꪯꪮꪉ ꪼꪡ,True
son rỗi,ꪤꪴ꪿ ꪜꪸ꪿ꪫ,False
son rỗi,ꪹꪀꪷꪚ ꪜꪸ꪿ꪫ,True
"ở trần, ở truồng",ꪤꪴ꪿ ꪹꪜꪥ,False
"lụk trần, ở truồng",ꪤꪴ꪿ ꪹꪜꪥ,True
ở đậu,ꪤꪴ꪿ ꪶꪕ꪿,False
ngoay đậu,ꪤꪴ꪿ ꪶꪕ꪿,True
một cách đánh cá bằng lưới,ꪤꪴ꪿ ꪵꪪꪙ,False
giũa,ꪥ꪿ꪺ,False
giũa,ꪥ꪿ꪺ,False
cơ,ꪥ꪿ꪺ,True
chìa,ꪥ꪿ꪺ,False
càu,ꪥ꪿ꪺ,True
"nhung nhúc, lúc nhúc",ꪥꪴ꪿ꪣ ꪥꪴ꪿ꪣ,False
lả tả,ꪤ꪿ꪺꪥ ꪤ꪿ꪺꪥ,False
"gần, tả",ꪤ꪿ꪺꪥ ꪤ꪿ꪺꪥ,True
"tỏa, rũ, xòa",ꪥ꫁ꪺꪥ,False
"tỏa, rũ, xòa",ꪶꪁꪩ꫁,True
"là, là là",ꪥ꫁ꪺꪥ,False
xoe là là,ꪥ꫁ꪺꪥ,True
"phạt, là luật",ꪊ꫁ꪮꪙ,True
ngốn ngấu,ꪥ꫁ꪺꪥ ꪥ꫁ꪺꪥ,False
ngốn ngấu,ꪥ꫁ꪺꪥ ꪼꪩ꪿,True
bẹ non,ꪤꪺꪀ,False
quai,ꪤ꪿ꪺꪉ,False
vù,ꪤꪺꪒ,False
mùng,ꪤꪺꪒ,True
vù,ꪹꪔꪸ꫁ꪉ,True
bắt,ꪤꪺꪒ,False
ngút,ꪤꪺꪒ,False
ngùn ngụt,ꪤꪺꪒ ꪤꪺꪒ,False
ngùn ngụt,ꪤꪺꪒ ꪯ꫁ꪱꪫ,True
loi nhoi,ꪥꪴꪚ ꪥꪴꪚ,False
loi nhoi,ꪜꪲꪫ ꪥꪴꪚ,True
"la, nhoi",ꪥꪴꪚ ꪥꪴꪚ,True
"viếng thăm, thăm hỏi",ꪤꪳ꫁ ꪤꪱꪣ,False
"viếng thăm, đườn hỏi",ꪤꪳ꫁ ꪤꪱꪣ,True
tò mò,ꪤꪳ꫁ ꪤ꪿ꪮꪉ,False
tò mò,ꪤꪳ꫁ ꪵꪩꪚ,True
cứu tế,ꪹꪤ,False
giơ,ꪹꪥ,False
giơ,ꪹꪔ꪿ꪱ,True
cứu giúp,ꪹꪥ ꪋ꪿ꪮꪥ,False
hoạch giúp,ꪭ꫁ꪮꪥ ꪋ꪿ꪮꪥ,True
đứng,ꪤꪳꪙ,False
đứng sững,ꪤꪳꪙ ꪶꪏꪉ,False
"đứng vét,",ꪤꪳꪙ ꪶꪏꪉ,True
đứng lưỡng,ꪤꪳꪙ ꪶꪏꪉ,True
"chanh tây, phật thủ",ꪤꪳ꫁ꪙ,False
"chanh tây, phật thủ",ꪄ꪿ꪱꪥ,True
thọ,ꪥꪳꪙ,False
ngọt ngào,ꪹꪤ꫁ꪥ,False
vác ngào,ꪹꪤ꫁ꪥ,True
uyển chuyển,ꪹꪥꪀ ꪹꪥꪀ,False
uyển chuyển,ꪹꪥꪀ ꪹꪯꪷꪩꪒ,True
làm lụng,ꪹꪥ꫁ꪙ,False
làm x.,ꪹꪥ꫁ꪙ,True
sơn dương,ꪹꪥꪉ,False
khuyết trâm,ꪹꪥꪉ,True
giường,ꪹꪥꪉ,False
đành lòng,ꪹꪥ꪿ꪉ,False
đành gạt,ꪹꪥ꪿ꪉ,True
đang tâm,ꪹꪥ꪿ꪉ,False
sao,ꪹꪥ꪿ꪉ ꪻꪒ,False
"lẻn,",ꪹꪥ꪿ꪉ ꪻꪒ,True
bói,ꪹꪥ꫁ꪉ,False
nhốn,ꪹꪥ꫁ꪉ,True
bói toán,ꪹꪥ꫁ꪉ ꪣꪷ,False
bói mõm,ꪹꪥ꫁ꪉ ꪣꪷ,True
bói bằng áo,ꪹꪥ꫁ꪉ ꪹꪎ꫁,False
bói bằng áo,ꪏ꫁ꪱꪥ ꪹꪎ꫁,True
rười rượi,ꪹꪥꪒ ꪹꪥ꫁ꪥ,False
"rũ ẩy,",ꪹꪥꪒ ꪹꪥ꫁ꪥ,True
giãn,ꪤꪳꪒ,False
"vươn, rướn",ꪤꪳꪒ,False
"đôi, rướn",ꪤꪳꪒ,True
"dọn, rướn",ꪀꪳ,True
lớn sổ,ꪤꪳꪒ ꪭ꪿ꪱꪉ,False
sợi đang dệt,ꪥꪳꪒ,False
lớn lên,ꪥꪳꪒ,False
nườm nượp,ꪥꪳꪒ ꪥꪳꪒ,False
cuối,ꪨ꫁ꪱ,False
"út, rốt lòng",ꪨ꫁ꪱ,False
"út, rốt trình,",ꪨ꫁ꪱ,True
"em yêu, anh yêu",ꪨ꫁ꪱ ꪚꪮꪀ ꪼꪣ꫁,False
"em yêu, anh dương",ꪨ꫁ꪱ ꪚꪮꪀ ꪼꪣ꫁,True
út ít,ꪨ꫁ꪱ ꪨꪸ꫁,False
út ít,ꪨ꫁ꪱ ꪹꪁꪱ꫁,True
sau cùng,ꪨ꫁ꪱ ꪨꪸ꫁,False
nhấp nhô,ꪨ꫁ꪱ ꪨꪸꪒ,False
"rút cục, rốt cuộc",ꪨ꫁ꪱ ꪨꪴꪒ,False
rút vụng rốt cuộc,ꪣꪲ꪿ꪙ ꪨꪴꪒ,True
"cuối sông, hạ lưu",ꪨ꫁ꪱ ꪙꪾ꫁,False
"em thương, út yêu",ꪨ꫁ꪱ ꪐ꪿ꪮꪥ,False
"em thương, út yêu",ꪨ꫁ꪱ ꪐꪺꪀ,True
cuối bếp,ꪨ꫁ꪱ ꪻꪔ꫁,False
cuối bươu,ꪨ꫁ꪱ ꪻꪔ꫁,True
"cuối cùng, sau hết",ꪨ꫁ꪱ ꪎꪴꪒ,False
"cuối cùng, sau hõm",ꪨ꫁ꪱ ꪎꪴꪒ,True
"cuối cùng, sau rốp",ꪨ꫁ꪱ ꪎꪴꪒ,True
lựu,ꪩꪱ,False
"lìa, rời",ꪩꪱ,False
"lìa, rời",ꪭ꫁ꪺ,True
oải,ꪩꪱ,False
thùy,ꪩꪱ,True
khước,ꪩꪱ,True
ngãng,ꪩꪱ,False
chia lìa,ꪩꪱ ꪊꪱꪀ,False
chia ngẩng,ꪩꪱ ꪊꪱꪀ,True
xa lìa,ꪩꪱ ꪼꪜ꪿,False
rần lìa,ꪩꪱ ꪼꪜ꪿,True
"suông, không",ꪩ꫁ꪱ,False
vã,ꪩ꫁ꪱ,False
"dưng, không",ꪩ꫁ꪱ,False
dảy không,ꪩ꫁ꪱ,True
hão,ꪩ꫁ꪱ,False
"đùa,",ꪩ꫁ꪱ,True
khống,ꪩ꫁ꪱ,False
thả rông,ꪩ꫁ꪱ,False
vớ vẩn,ꪩ꫁ꪱ ꪒꪱꪥ,False
vớ vẩn,ꪣꪴꪙ ꪒꪱꪥ,True
vẩn vơ,ꪩ꫁ꪱ ꪒꪱꪥ,False
đồng nghỉ vụ,ꪩ꫁ꪱ ꪶꪕ꪿ꪉ,False
ngoam chạn vụ,ꪩ꫁ꪱ ꪶꪕ꪿ꪉ,True
"nhiều, lắm",ꪨꪱꪥ,False
"loại, lắm",ꪨꪱꪥ,True
hơn,ꪨꪱꪥ,False
ngoài,ꪨꪱꪥ,False
bặm,ꪬꪴꪒ,True
mãi,ꪨꪱꪥ,False
đa tình,ꪨꪱꪥ ꪻꪊ,False
"trồng, tình",ꪨꪱꪥ ꪻꪊ,True
đa tình,ꪨꪱꪥ ꪊꪺ,True
đập nước,ꪨ꪿ꪱꪥ,False
lụy nước,ꪨ꪿ꪱꪥ,True
mương máng,ꪨ꪿ꪱꪥ ꪩꪲꪙ,False
nương máng,ꪨ꪿ꪱꪥ ꪩꪲꪙ,True
dòng,ꪩꪱꪥ,False
dòng,ꪋꪮꪣ,True
vằn,ꪩꪱꪥ,False
"vân, dợn",ꪩꪱꪥ,False
"vân, dợn",ꪊ꫁ꪱꪥ,True
"lấm lem, nám",ꪩꪱꪥ,False
"lấm lem, nám",ꪶꪖꪥ,True
nhọ,ꪩꪱꪥ,False
"kẻ, kẻ sọc",ꪩꪱꪥ,False
hoa văn hình quả trám,ꪩꪱꪥ ꪮꪾ,False
"hoa văn hình quả nóng,",ꪩꪱꪥ ꪢꪺ,True
"lọ lem, nhem nhuốc",ꪩꪱꪥ ꪶꪚꪤ꫁ꪥ,False
"lọ lem, nhem nhuốc",ꪩꪱꪥ ꪙ꪿ꪮꪥ,True
hoa,ꪩꪱꪥ ꪚꪮꪀ,False
màu bẹ dừa,ꪩꪱꪥ ꪀꪱꪚ ꪝ꫁ꪱꪫ,False
"màu bẹ tà,",ꪩꪱꪥ ꪀꪱꪚ ꪝ꫁ꪱꪫ,True
màu da báo,ꪩꪱꪥ ꪵꪋꪙ,False
hình hạt dưa,ꪩꪱꪥ ꪵꪀ꪿ꪙ ꪵꪔꪉ,False
hình nàn dưa,ꪩꪱꪥ ꪵꪀ꪿ꪙ ꪵꪔꪉ,True
hình hạt lệt,ꪩꪱꪥ ꪵꪀ꪿ꪙ ꪓꪷ,True
hình vằn da hổ,ꪩꪱꪥ ꪄꪾ꫁ ꪄ꪿ꪫꪱꪉ,False
hình vằn da hổ,ꪩꪱꪥ ꪜꪳ꪿ꪉ ꪄ꪿ꪫꪱꪉ,True
"màu sắc mờ ảo, loang lổ",ꪨꪱꪥ ꪹꪩꪸꪙ,False
màu coi mờ căng loang lổ,ꪨꪱꪥ ꪹꪩꪸꪙ,True
"kài sắc cờ, chớp loang lổ",ꪨꪱꪥ ꪹꪩꪸꪙ,True
mờ,ꪨꪱꪥ ꪹꪩꪸꪙ,False
rối,ꪨꪱꪥ ꪹꪩꪸꪙ,False
mõ,ꪨꪱꪥ ꪹꪩꪸꪙ,True
"rằn ri, rằn",ꪨꪱꪥ ꪹꪩꪸꪙ,False
"rằn ri, rằn",ꪨꪱꪥ ꪙꪱꪉ,True
"rằn ri, rằn",ꪕꪳꪣ ꪹꪩꪸꪙ,True
nhạt màu,ꪩꪱꪥ ꪩ꫁ꪺꪥ,False
nhạt trong,ꪩꪱꪥ ꪡꪮꪙ,True
màu da mèo,ꪩꪱꪥ ꪵꪣꪫ,False
rốt da mèo,ꪩꪱꪥ ꪵꪣꪫ,True
màu nâu nhạt,ꪩꪱꪥ ꪼꪘ꪿,False
thủng nâu nhạt,ꪩꪱꪥ ꪣꪳ꫁,True
màu quả í dĩ,ꪩꪱꪥ ꪮꪷ ꪵꪮ꫁,False
màu quả í dĩ,ꪩꪱꪥ ꪀꪺꪙ ꪵꪮ꫁,True
"màu quả í giòn,",ꪩꪱꪥ ꪮꪷ ꪀꪳꪣ,True
màu song mây,ꪩꪱꪥ ꪪꪱꪥ,False
màu da hổ,ꪩꪱꪥ ꪹꪎ,False
đẳng da hổ,ꪩꪱꪥ ꪹꪎ,True
màu da hổ,ꪔꪴ꫁ꪥ ꪹꪎ,True
"phóng, lao",ꪩ꫁ꪱꪥ,False
tuột,ꪩ꫁ꪱꪥ,False
địch nổi,ꪩ꫁ꪱꪥ,False
địch giận,ꪩ꫁ꪱꪥ,True
địch buốt,ꪩ꫁ꪱꪥ,True
lạ,ꪨꪱꪀ,False
đũng,ꪨꪱꪀ,True
khác,ꪨꪱꪀ,False
lăm,ꪨꪱꪀ,True
lạc,ꪨꪱꪀ,False
ghệt,ꪨꪱꪀ,True
lạc,ꪹꪁꪷ꫁ꪙ,True
võ vàng,ꪨꪱꪀ ꪹꪨꪉ,False
võ vàng,ꪎꪨꪳꪚ ꪹꪨꪉ,True
mới lạ,ꪨꪱꪀ ꪔ꪿ꪱꪉ,False
xạ chõm,ꪎꪸ꫁ꪉ ꪔ꪿ꪱꪉ,True
"lạ lùng, khác thường",ꪨꪱꪀ ꪔ꪿ꪱꪉ,False
"quý bình, khác thường",ꪨꪱꪀ ꪜ꪿ꪱꪥ,True
bỡ ngỡ,ꪨꪱꪀ ꪔ꪿ꪱꪉ,False
bỡ ngỡ,ꪵꪕ꪿ꪫ ꪔ꪿ꪱꪉ,True
bỡ ngỡ,ꪢꪷ꫁ ꪔ꪿ꪱꪉ,True
năm phần trăm của một triệu,ꪩꪱꪀ,False
"năm ráp, trăm của một triệu",ꪩꪱꪀ,True
năm phần hư của một triệu,ꪩꪱꪀ,True
"lôi, kéo",ꪩꪱꪀ,False
"lôi, thần",ꪩꪱꪀ,True
lê,ꪩꪱꪀ,False
giật tạm,ꪩꪱꪀ,False
lê lết,ꪩꪱꪀ ꪁ꪿ꪱꪣ,False
gòn lết,ꪩꪱꪀ ꪁ꪿ꪱꪣ,True
lê lết,ꪩꪱꪀ ꪁꪴ꫁ꪀ,True
kéo lê,ꪩꪱꪀ ꪒꪲꪙ,False
kéo lê,ꪒꪲ ꪒꪲꪙ,True
"lè nhè, kè nhè, bè nhè",ꪩꪱꪀ ꪩꪲ꫁ꪙ,False
"lè nhè, phứa, nhè, bè hến",ꪩꪱꪀ ꪩꪲ꫁ꪙ,True
"lè nhè, lõ nhè, bè nhè",ꪩꪱꪀ ꪩꪲ꫁ꪙ,True
bắt nợ,ꪩꪱꪀ ꪹꪙꪷ꫁,False
bắt nợ,ꪩꪱꪀ ꪒ꪿ꪮꪉ,True
bắt dạm,ꪩꪱꪀ ꪹꪙꪷ꫁,True
lôi xệch,ꪩꪱꪀ ꪗ꫁ꪱꪥ,False
lam,ꪨꪱꪣ,False
ông mõ,ꪩ꪿ꪱꪣ ꪝ꫁ꪮꪉ,False
ông mõ,ꪩ꪿ꪱꪣ ꪹꪩꪷꪀ,True
lan,ꪩꪱꪣ,False
leo,ꪩꪱꪣ,False
"lạm, lẹm",ꪩꪱꪣ,False
tràm,ꪩꪱꪣ,False
liên can,ꪩꪱꪣ,False
liên ngự,ꪩꪱꪣ,True
lân,ꪩꪱꪣ,False
lan tràn,ꪩꪱꪣ ꪩꪲꪣ,False
lan tràn,ꪹꪐꪸꪙ ꪩꪲꪣ,True
vụ tràn,ꪩꪱꪣ ꪩꪲꪣ,True
leo tỏa,ꪩꪱꪣ ꪩꪲꪣ,False
lem lém,ꪩꪱꪣ ꪶꪩꪀ,False
nham nhở,ꪩꪱꪣ ꪶꪩꪀ,False
giun cừu,ꪩꪱꪣ ꪶꪩꪀ,True
ràng,ꪩ꪿ꪱꪣ,False
"mối, môi giới",ꪩ꪿ꪱꪣ,False
dẫn đường,ꪩ꪿ꪱꪣ ꪕꪱꪉ,False
"dạo, nẹt, nạt",ꪩ꫁ꪱꪣ,False
"dạo, nẹt, cấc",ꪩ꫁ꪱꪣ,True
bài kiềm nạt,ꪩ꫁ꪱꪣ,True
cháu,ꪨꪱꪙ,False
rống,ꪨꪱꪙ,True
cháu nội,ꪨꪱꪙ ꪥ꪿ꪱ,False
cháu chắt,ꪨꪱꪙ ꪹꪨꪸꪙ,False
rón chắt,ꪨꪱꪙ ꪹꪨꪸꪙ,True
cháu ngoại,ꪤꪱꪙ ꪙꪱꪥ,False
xoạt ngoại,ꪤꪱꪙ ꪙꪱꪥ,True
cháu ruột,ꪨꪱꪙ ꪮꪮꪀ,False
lỏi ruột,ꪨꪱꪙ ꪮꪮꪀ,True
cháu ruột,ꪨꪱꪙ ꪣ꪿ꪱꪙ,True
"phạt, xới",ꪩꪱꪙ,False
phết,ꪩ꪿ꪱꪙ,False
nhòe,ꪩ꪿ꪱꪙ,False
"lan tràn, tràn ngập",ꪩ꪿ꪱꪙ,False
náp loạn,ꪩ꪿ꪱꪙ,False
náp hoằn,ꪩ꪿ꪱꪙ,True
nhòe nhoẹt,ꪩ꪿ꪱꪙ ꪩꪱꪀ,False
nhòe nhoẹt,ꪶꪬꪉ ꪩꪱꪀ,True
nhòe nhoẹt,ꪩ꪿ꪱꪙ ꪀ꪿ꪺꪉ,True
tràn lan,ꪩ꪿ꪱꪙ ꪩꪱꪀ,False
tràn thảm,ꪩ꪿ꪱꪙ ꪩꪱꪀ,True
đá,ꪩ꫁ꪱꪙ,False
rộng,ꪩ꫁ꪱꪙ,False
"tiên nhân, ông vải",ꪩ꫁ꪱꪙ ꪁꪾ,False
"bụng nhân, ông vải",ꪩ꫁ꪱꪙ ꪁꪾ,True
trơ trẽn,ꪩ꫁ꪱꪙ ꪩꪱꪀ,False
cái,ꪨꪱꪉ,False
ngôi,ꪨꪱꪉ,False
ngôi,ꪡꪑꪱꪒ,True
long,ꪨ꪿ꪱꪉ,False
rão,ꪨ꪿ꪱꪉ,False
tháo rời,ꪨ꪿ꪱꪉ,False
rời rạc,ꪨ꪿ꪱꪉ ꪨꪲ꪿ꪉ,False
rời bỏng,ꪨ꪿ꪱꪉ ꪨꪲ꪿ꪉ,True
hiếp rạc,ꪨ꪿ꪱꪉ ꪨꪲ꪿ꪉ,True
cau,ꪩꪱꪉ,False
nhuộm,ꪩꪱꪉ,False
nhuộm,ꪹꪩꪸꪫ,True
nỗi,ꪩꪱꪉ,False
niềm,ꪩꪱꪉ,False
"xưa, xa xưa",ꪩꪱꪉ,False
"xưa, xa cụp,",ꪩꪱꪉ,True
"xưa, xa cấp,",ꪩꪱꪉ,True
truyền thống,ꪩꪱꪉ,False
"truyền phụt,",ꪩꪱꪉ,True
"ý muốn, ước muốn",ꪩꪱꪉ ꪮ꪿ꪱꪫ,False
"ý muốn, luyện muốn",ꪩꪱꪉ ꪮ꪿ꪱꪫ,True
giấc mơ,ꪩꪱꪉ ꪠꪽ,False
giấc giả),ꪩꪱꪉ ꪠꪽ,True
giấc ở,ꪩꪱꪉ ꪠꪽ,True
kết quả,ꪩꪱꪉ ꪒꪲ,False
"chọc, quả",ꪩꪱꪉ ꪒꪲ,True
điều,ꪩꪱꪉ,False
thui,ꪩꪱꪉ,True
uổng công,ꪩꪱꪉ ꪵꪩ꫁ꪫ,False
uổng công,ꪉ꪿ꪱꪫ ꪵꪩ꫁ꪫ,True
uổng công,ꪝꪴ ꪵꪩ꫁ꪫ,True
hết hi vọng,ꪩꪱꪉ ꪵꪩ꫁ꪫ,False
phãy hi vọng,ꪩꪱꪉ ꪵꪩ꫁ꪫ,True
ý nghĩa,ꪩꪱꪉ ꪈꪾ꪿,False
ý gắng,ꪀꪰ꫁ꪉ ꪈꪾ꪿,True
nguyện vọng,ꪩꪱꪉ ꪻꪠ꪿,False
oặp vọng,ꪩꪱꪉ ꪻꪠ꪿,True
"chủ, vọng",ꪩꪱꪉ ꪻꪠ꪿,True
ý nguyện,ꪩꪱꪉ ꪜꪮꪉ,False
nhíp đậu,ꪩꪱꪉ ꪜꪮꪉ,True
nỗi ân hận,ꪩꪱꪉ ꪶꪎꪉ,False
nỗi ân hận,ꪩꪱꪉ ꪁꪾ꪿,True
"gầm sàn nhà, gầm sàn",ꪩ꪿ꪱꪉ,False
"hồ sàn nghển, gầm sàn",ꪩ꪿ꪱꪉ,True
"gầm lí nhà, gầm sàn",ꪩꪱꪥ,True
rửa,ꪩ꫁ꪱꪉ,False
ngớt,ꪩ꫁ꪱꪉ,True
cột,ꪵꪨ꪿ꪉ,False
bịn,ꪵꪨ꪿ꪉ,False
"ké,",ꪵꪨ꪿ꪉ,True
neo,ꪵꪨ꪿ꪉ,False
cơm chiều,ꪵꪩꪉ,False
cơm chiều,ꪋꪸ꫁ꪫ,True
cơm nước,ꪵꪩꪉ ꪉꪱꪥ,False
cơm nước,ꪵꪩꪉ ꪵꪝ꪿ꪉ,True
"thẻo, mảnh",ꪵꪩ꪿ꪉ,False
xả,ꪵꪩ꪿ꪉ,False
chủm:,ꪵꪩ꪿ꪉ,True
hạn,ꪵꪩ꫁ꪉ,False
hạn hán,ꪵꪩ꫁ꪉ ꪹꪩꪱ,False
phát,ꪩ꪿ꪱꪫ,False
"bừa, phứa",ꪩ꪿ꪱꪫ,False
"bừa, lòn",ꪩ꪿ꪱꪫ,True
"bừa, mống",ꪩ꪿ꪱꪫ,True
"lão nhiễu, lên lão",ꪩ꫁ꪱꪫ,False
"lão nhiễu, lên cóng",ꪩ꫁ꪱꪫ,True
cuộn,ꪩ꫁ꪱꪫ,False
"vặn, vít",ꪩ꫁ꪱꪫ,False
xoáy,ꪩ꫁ꪱꪫ,False
rít,ꪩ꫁ꪱꪫ,False
"cuốn, rít",ꪩ꫁ꪱꪫ,False
lịa rít,ꪔꪱꪫ,True
"ngốn, ngốn ngấu",ꪩ꫁ꪱꪫ,False
"ngốn, ngốn thổi",ꪩ꫁ꪱꪫ,True
vật,ꪩ꫁ꪱꪫ,False
"quằn quặn, quằn quại",ꪩ꫁ꪱꪫ,False
"quằn quặn, phung ngoéo",ꪩ꫁ꪱꪫ,True
xoáy trôn ốc,ꪩ꫁ꪱꪫ ꪁꪷ ꪼꪀ꪿,False
xoáy trôn ốc,ꪩ꫁ꪱꪫ ꪁꪷ ꪏꪩ꫁ꪮꪥ,True
săn,ꪩ꫁ꪱꪫ ꪩꪰꪉ,False
nhủng,ꪉꪺꪒ ꪩꪰꪉ,True
phẳng lì,ꪨꪱꪚ,False
phẳng bây,ꪊꪴ꪿ꪀ,True
"chừa, cạch",ꪨꪱꪚ,False
chừa bỏ,ꪨꪱꪚ ꪊꪳ꪿,False
chừa bỏ,ꪹꪋ ꪊꪳ꪿,True
chừa hẳn,ꪨꪱꪚ ꪤꪸꪒ,False
xấp hẳn,ꪨꪱꪚ ꪤꪸꪒ,True
chừa mặt,ꪨꪱꪚ ꪜꪲ꫁ꪙ,False
chải mặt,ꪨꪱꪚ ꪜꪲ꫁ꪙ,True
"bậc, mặt",ꪨꪱꪚ ꪜꪲ꫁ꪙ,True
lép,ꪩꪱꪚ,False
loạt,ꪩꪱꪚ,True
lạp,ꪩꪱꪚ,False
lạp,ꪁ꫁ꪱ,True
"diềm, tua",ꪩꪱꪚ,False
"diềm, tăm,",ꪩꪱꪚ,True
chải chuốt,ꪩꪱꪚ,False
"kẹ, trớp",ꪩꪱꪚ ꪩꪲ,False
"vơ vét, quơ",ꪩꪱꪚ ꪩꪲ,False
"kỉnh vét, quơ",ꪩꪱꪚ ꪩꪲ,True
táp,ꪨꪱꪒ,False
bản,ꪨꪱꪒ,True
đốt nhẹ,ꪨꪱꪒ,False
chợ,ꪩꪱꪒ,False
"trầy,",ꪩꪱꪒ,True
quệt,ꪩꪱꪒ,False
cứa khẽ,ꪩꪱꪒ,False
"đóng, khẽ",ꪩꪱꪒ,True
bày biện,ꪩꪱꪒ,False
láng,ꪩꪱꪒ,False
chợ búa,ꪩꪱꪒ ꪩꪲ,False
chợ búa,ꪩꪱꪒ ꪊꪮꪀ,True
vót,ꪹꪨꪱ,False
"dâm đãng, dâm dật",ꪹꪨꪱ꪿,False
"dâm đãng, chuyền, dật",ꪶꪣꪙ,True
dâm quéo dâm dật,ꪹꪨꪱ꪿,True
rượu,ꪹꪨꪱ꫁,False
rượu,kả,True
"rượu ngọn, cồn",ꪹꪨꪱ꫁ ꪬꪺ,False
"hạ, lởn cồn",ꪹꪨꪱ꫁ ꪬꪺ,True
"rượu ngọn, cồn",ꪎ꫁ꪺꪉ ꪬꪺ,True
rượu chè,ꪹꪨꪱ꫁ ꪵꪁ,False
rượu chè,ꪶꪁꪙ ꪵꪁ,True
rượu nếp,ꪹꪨꪱ꫁ ꪩ꫁ꪮꪙ,False
rượu nếp,ꪻꪨ ꪩ꫁ꪮꪙ,True
rượu cúng,ꪹꪨꪱ꫁ ꪡꪱꪥ,False
rượu cúng,ꪵꪀꪙ ꪑꪱ,True
rượu nếp,ꪹꪨꪱ꫁ ꪪꪱꪙ,False
"cái rượu, cơm rượu",ꪹꪨꪱ꫁ ꪫ꫁ꪱꪉ,False
"cái rượu, lật rượu",ꪹꪨꪱ꫁ ꪫ꫁ꪱꪉ,True
rượu cần,ꪹꪨꪱ꫁ ꪎ꪿ꪱ,False
rượu mạnh,ꪹꪨꪱ꫁ ꪻꪎ,False
rượu mạnh,ꪁꪴꪙ ꪻꪎ,True
rượu tăm,ꪹꪨꪱ꫁ ꪎꪮꪉ ꪎꪸꪫ,False
niêu tăm,ꪹꪨꪱ꫁ ꪎꪮꪉ ꪹꪭꪱ,True
rượu tăm,ꪹꪜꪷꪚ ꪎꪮꪉ ꪎꪸꪫ,True
lau,ꪹꪩꪱ,False
suối,ꪹꪩꪱ,True
thỏi,ꪹꪩꪱ,False
nòng,ꪹꪩꪱ,False
ống,ꪹꪩꪱ,False
"vệt, cột",ꪹꪩꪱ,False
lại,ꪹꪩꪱ꪿,False
lại,ꪀꪲ꫁ꪉ,True
báo,ꪹꪩꪱ꪿,False
bịch,ꪹꪩꪱ꫁,False
mê,ꪻꪨ,False
báng,ꪻꪨ,True
"chảy, tuôn",ꪼꪨ,False
"chảy, tuôn",ꪄꪺꪚ,True
trôi,ꪼꪨ,False
kéo,ꪼꪨ,False
long lanh,ꪼꪨ,False
"ngời, lanh",ꪼꪨ,True
dòng,ꪼꪩ,False
dòng,ꪹꪜꪷꪚ,True
"dễ,",ꪼꪩ,True
chốt,ꪼꪩ,False
ngòi,ꪼꪩ,False
giũ,ꪼꪩ,False
giũ,ꪼꪩ,False
"dạo,",ꪼꪩ,True
giũ,ꪩꪱꪉ,True
từ bỏ,ꪼꪩ,False
tảo,ꪼꪩ ꪹꪩꪀ,False
"nhớt, nhớt nhát",ꪼꪩ ꪹꪩꪀ,False
nhớp nhúa: phạ phồn hưỡn dảo pền lãy lượk: trời mưa nhà của nhớp nhúa,ꪼꪩ ꪹꪩꪀ,False
"thoả mười, phạ phồn hưỡn dảo pền lãy lượk: trời mưa nhà của nhớp nhúa",ꪼꪩ ꪹꪩꪀ,True
"nhớp nhúa: phạ lộn, hưỡn dảo pền khăn lượk: trời mưa nhà của nhớp nhúa",ꪼꪩ ꪹꪩꪀ,True
"lùa, ne",ꪼꪩ꪿,False
lạy,ꪼꪩ꫁,False
lạy,ꪵꪡꪚ,True
khôn,ꪨꪰꪀ,False
khôn lỏi,ꪨꪰꪀ ꪄꪰꪀ,False
hơn lỏi,ꪨꪰꪀ ꪄꪰꪀ,True
khôn ngoan,ꪨꪰꪀ ꪵꪨꪣ,False
"thông minh, tài giỏi",ꪨꪰꪀ ꪵꪨꪣ,False
"bến minh, khách giỏi",ꪨꪰꪀ ꪵꪨꪣ,True
"thông minh, tài giỏi",ꪨꪰꪀ ꪊꪮꪀ,True
thông thái,ꪨꪰꪀ ꪉꪮꪙ,False
"thông ủ,",ꪨꪰꪀ ꪊꪮꪀ,True
khôn vặt,ꪨꪰꪀ ꪔꪱꪥ,False
khôn vặt,ꪎꪨꪳꪚ ꪔꪱꪥ,True
"trộm, cắp",ꪩꪰꪀ,False
"trộm, đớn,",ꪩꪰꪀ,True
"lẻn, lẩn, lén",ꪩꪰꪀ,False
"nghìn, lẩn, lén",ꪹꪨꪒ,True
ăn vụng,ꪩꪰꪀ ꪀꪲꪙ,False
ăn vụng,ꪶꪛꪚ ꪼꪊ,True
điếc tai,ꪹꪩꪷ꫁ꪀ ꪼꪩ꪿,False
điếc tai,ꪹꪩꪷ꫁ꪀ ꪏ꫁ꪱꪥ,True
lui lủi,ꪩꪰꪀ ꪵꪩꪙ,False
hàn lủi,ꪩꪰꪀ ꪵꪩꪙ,True
"vóc, ngưng",ꪩꪰꪀ ꪵꪩꪙ,True
trộm cắp,ꪩꪰꪀ ꪹꪩꪸꪣ,False
"trưa, cắp",ꪩꪰꪀ ꪹꪩꪸꪣ,True
"lợm giọng, lợm",ꪩꪰꪀ ꪩꪳ꪿ꪙ,False
"gỡ giọng, lợm",ꪩꪰꪀ ꪩꪳ꪿ꪙ,True
trộm nghĩ,ꪩꪰꪀ ꪈꪾ꪿,False
trộm bó,ꪩꪰꪀ ꪈꪾ꪿,True
"nghĩ thầm, nghĩ bụng",ꪩꪰꪀ ꪈꪾ꪿,False
"rồng thầm, nghĩ bụng",ꪩꪰꪀ ꪈꪾ꪿,True
"nghĩ thầm, nghĩ hận",ꪩꪰꪀ ꪈꪾ꪿,True
đánh tráo,ꪩꪰꪀ ꪜꪸ꪿ꪙ,False
đánh tráo,ꪋꪱꪚ ꪜꪸ꪿ꪙ,True
hỏi dò,ꪩꪰꪀ ꪖꪱꪣ,False
hỏi lẳn,ꪩꪰꪀ ꪖꪱꪣ,True
nói nhỏ,ꪩꪰꪀ ꪫ꪿ꪱ,False
nói vụng,ꪩꪰꪀ ꪫ꪿ꪱ,False
nói vụng,ꪩꪲ꪿ ꪫ꪿ꪱ,True
"nói nhấc,",ꪩꪰꪀ ꪫ꪿ꪱ,True
nói thầm,ꪩꪰꪀ ꪏꪾꪚ,False
lắm lắm,ꪨꪾ꪿ ꪨꪱꪥ,False
lắm lắm,ꪨꪾ꪿ ꪵꪄ꪿ꪫ,True
xom xom,ꪨꪾ꫁ ꪹꪨꪀ,False
cây,ꪩꪾ,False
khẩu,ꪩꪾ,False
khẩu,ꪋꪱꪥ,True
hoảng,ꪩꪾ,True
"thanh, khúc",ꪩꪾ,False
cái,ꪩꪾ,False
đều,ꪩꪾ,False
đều,ꪨꪱꪚ,True
"bất thình lình, thình lình, bất thần",ꪩꪾ ꪹꪚꪱ꪿ ꪵꪩ,False
"bất thình lình, khô, lình, bất thần",ꪩꪾ ꪹꪚꪱ꪿ ꪵꪩ,True
bất thình tróm thình tuông bất thần,ꪩꪾ ꪹꪚꪱ꪿ ꪵꪩ,True
"đột nhiên, bỗng nhiên, tự dưng",ꪩꪾ ꪹꪚꪱ꪿ ꪵꪩ,False
"bươm, nhiên, bỗng nhiên, tự dưng",ꪩꪾ ꪹꪚꪱ꪿ ꪵꪩ,True
"bên, nhiên, bỗng nhiên, nó dưng",ꪩꪾ ꪹꪚꪱ꪿ ꪵꪩ,True
"thân người, con người",ꪩꪾ ꪶꪁꪙ,False
"thân người, con người",ꪒꪾꪚ ꪶꪁꪙ,True
"thân người, con cả",ꪩꪾ ꪶꪁꪙ,True
bõ bèn,ꪩꪾ ꪩꪮꪥ,False
bấy bèn,ꪩꪾ ꪩꪮꪥ,True
bõ bèn,ꪹꪊꪷꪒ ꪩꪮꪥ,True
thân người,ꪩꪾ ꪣꪷ꪿,False
bản thân,ꪩꪾ ꪣꪷ꪿,False
bản thân,ꪩꪾ ꪹꪮꪷꪚ,True
"trông coi, nhìn nhận",ꪩꪾ꪿ ꪵꪩ,False
"trông coi, nhìn dài",ꪩꪾ꪿ ꪵꪩ,True
"trông coi, quả, sót",ꪩꪾ꪿ ꪵꪩ,True
xem xét,ꪩꪾ꪿ ꪵꪑꪉ,False
chối từ,ꪩꪾ꫁ ꪹꪨ,False
nặng từ,ꪩꪾ꫁ ꪹꪨ,True
lăn,ꪨꪽ,False
"chẹt, nghiến",ꪨꪽ,False
"chẹt, huyệt",ꪨꪽ,True
cán,ꪨꪽ,False
"sạch,",ꪨꪽ,True
chúi,ꪨꪽ,False
sập,ꪨ꪿ꪽ,False
sập,ꪝꪲ,True
giật,ꪨ꪿ꪽ,False
dọp,ꪨ꪿ꪽ,False
hạ,ꪨ꪿ꪽ,False
"động,",ꪨ꪿ꪽ,True
"trập, cụp",ꪨ꪿ꪽ,False
bóp,ꪨ꪿ꪽ,False
nhoáng,ꪨ꪿ꪽ,True
lẩy,ꪨ꪿ꪽ,False
bấm,ꪨ꪿ꪽ,False
bấm,ꪚꪸ꪿,True
chụp,ꪨ꪿ꪽ,False
chụp ảnh,ꪨ꪿ꪽ ꪬꪴ꪿ꪙ,False
chụp trợt,ꪨ꪿ꪽ ꪬꪴ꪿ꪙ,True
bóp cò,ꪨ꪿ꪽ ꪼꪀ,False
bóp dạy,ꪨ꪿ꪽ ꪼꪀ,True
lẩy lẫy,ꪨ꪿ꪽ ꪼꪀ,False
toát lẫy,ꪉꪷ꪿ ꪼꪀ,True
khẽ lẫy,ꪨ꪿ꪽ ꪼꪀ,True
vắt sổ,ꪨ꫁ꪽ,False
vắt sổ,ꪅꪮꪥ,True
sặt,ꪩꪽ,False
"sau lưng, mặt lưng, mặt sau",ꪨꪰꪉ,False
"sau lưng, mặt kheo mặt sau",ꪨꪰꪉ,True
"hai, lưng, mặt lưng, mặt phồng",ꪨꪰꪉ,True
sau,ꪨꪰꪉ,False
sau,ꪨꪰꪉ,False
xưa,ꪨꪰꪉ,False
xưa,ꪒ꪿ꪱꪉ,True
mai sau,ꪨꪰꪉ ꪩꪴꪙ,False
mai sau,ꪨꪰꪉ ꪹꪈꪱ,True
"sau này, ngày sau",ꪨꪰꪉ ꪣꪱ,False
"sau này, tỉnh, sau",ꪨꪰꪉ ꪣꪱ,True
sau đây,ꪨꪰꪉ ꪙꪲ꫁,False
sụp,ꪨꪰ꪿ꪉ,False
đổ,ꪨꪰ꪿ꪉ,False
đổ,ꪝꪴ꫁ꪙ,True
"tuôn trào, tuôn chảy",ꪨꪰ꪿ꪉ ꪼꪨ,False
"tuôn trào, tuôn chảy",ꪁꪴꪒ ꪼꪨ,True
xe,ꪩꪰꪉ,False
lên gân,ꪩꪰꪉ,False
mài,ꪩꪾꪚ,False
khuất,ꪩꪾꪚ,False
thấp thoáng,ꪩꪾꪚ ꪩꪱꪙ,False
thấp thoáng,ꪤꪳꪒ ꪩꪱꪙ,True
nóng thoáng,ꪩꪾꪚ ꪩꪱꪙ,True
sau lưng,ꪩꪾꪚ ꪨꪰꪉ,False
lén lút,ꪩꪾꪚ ꪨꪰꪉ,False
"vắng, lút",ꪩꪾꪚ ꪨꪰꪉ,True
khuất nẻo,ꪩꪾꪚ ꪩꪲ꫁,False
khuất nẻo,ꪶꪥꪙ ꪩꪲ꫁,True
khuất bóng,ꪩꪾꪚ ꪹꪉꪱ,False
"khuất run,",ꪩꪾꪚ ꪹꪉꪱ,True
giấu giếm,ꪩꪾꪚ ꪏ꪿ꪺꪙ,False
"vụng trộm, lén lút",ꪩꪾꪚ ꪏ꪿ꪺꪙ,False
"cộp, cộm",ꪩꪁꪳꪚ,False
"cộp, cộm",ꪶꪢ꪿ꪙ,True
đĩa,ꪵꪨ,False
đĩa sâu đáyq,ꪵꪨ ꪶꪬꪉ,False
đĩa sâu đáyq,ꪵꪨ ꪬ꪿ꪮꪥ,True
tấm giát để đặt né tằm,ꪵꪨ꪿,False
"tấm giát để đặt thuê, tằm",ꪵꪨ꪿,True
đấy,ꪵꪨ꪿,False
"xin xỏ, nài xin",ꪵꪨ꪿ ꪎꪷ,False
"xin tuông thường, vụ",ꪵꪨ꪿ ꪎꪷ,True
"van xin, van nỉ",ꪵꪨ꪿ ꪎꪷ,False
"đượm xin, mối nỉ",ꪵꪨ꪿ ꪠꪱꪚ,True
"van xin, van vươn,",ꪵꪨ꪿ ꪎꪷ,True
xem,ꪵꪩ,False
xem,ꪖꪷ꪿,True
nhìn,ꪵꪩ,False
trông,ꪵꪩ,False
khó coi,ꪵꪩ ꪹꪚꪱ꪿ ꪼꪒ꫁,False
"khó muộn,",ꪵꪩ ꪹꪚꪱ꪿ ꪼꪒ꫁,True
khó coi,ꪵꪩ ꪹꪚꪱ꪿ ꪹꪭ꫁ꪉ,True
"nhìn gần, thiển cạn",ꪵꪩ ꪊꪾ,False
"nhìn gần, cớn, cạn",ꪵꪩ ꪊꪾ,True
trông thấy,ꪵꪩ ꪹꪬꪸꪙ,False
dạn thấy,ꪵꪩ ꪹꪬꪸꪙ,True
trông đến,ꪵꪩ ꪹꪬꪸꪙ,False
"coi tay, xem chỉ tay: sãy bói lẽ lãi mữ: thầy bói coi tay",ꪵꪩ ꪩꪱꪥ ꪣꪳ,False
"coi tay, tươi chỉ tay: sãy bói lẽ lãi mữ: thầy cứng coi tay",ꪏꪉ꫁ꪱ ꪩꪱꪥ ꪣꪳ,True
"coi tay, xem chỉ tay: sãy bói lẽ lãi mữ: thầy mưu coi tay",ꪵꪩ ꪩꪱꪥ ꪣꪳ,True
nhìn xa,ꪵꪩ ꪨꪰꪀ,False
nhìn xa,ꪵꪩ ꪶꪁꪩ꪿ꪙ,True
"có vẻ, coi mòi",ꪵꪩ ꪹꪙ꫁,False
coi bộ,ꪵꪩ ꪹꪙ꫁,False
coi bộ,ꪵꪩ ꪮꪲ,True
chầu mồm,ꪵꪩ ꪶꪎꪚ,False
chầu mồm,ꪵꪩ ꪫꪰ꪿ꪉ,True
lóc#le nhứa chắp đúk: lóc thịt dính xương,ꪵꪩ꪿,False
"lóc#le nhứa chắp đúk: lóc thịt dính chăm,",ꪵꪩ꪿,True
"nạo, nhứa chắp đúk: lóc thịt hưỡn: piêu",ꪵꪩ꪿,True
đổi,ꪵꪩꪀ,False
nhọn,ꪵꪨꪣ,False
nhọn hoắt,ꪵꪨꪣ ꪪꪲꪒ ꪪꪲꪒ,False
xom,ꪵꪨꪣ ꪎꪱꪉ,False
xom,ꪵꪨꪣ ꪒ꪿ꪮꪉ,True
nước,ꪬꪱ ꪵꪘ,True
dĩa,ꪵꪨꪣ ꪎꪱꪉ,False
dĩa,ꪶꪊ꫁ ꪚꪮꪒ,True
chạy,ꪵꪩ꪿ꪙ,False
ngon,ꪵꪩ꪿ꪙ,True
chạy,ꪵꪩ꪿ꪙ,False
tiến,ꪵꪩ꪿ꪙ,False
chạy ăn,ꪵꪩ꪿ꪙ ꪀꪲꪙ,False
túng ăn,ꪵꪩ꪿ꪙ ꪀꪲꪙ,True
củn,ꪵꪩ꪿ꪙ ꪩꪲꪒ,False
độ,ꪵꪩ꪿ꪙ ꪩꪲꪒ,True
chạy việc,ꪵꪩ꪿ꪙ ꪫꪸꪀ,False
chạy việc,ꪼꪭ꪿ ꪫꪸꪀ,True
chạy đoàn,ꪵꪩ꪿ꪙ ꪫꪸꪀ,True
chạy giặc,ꪵꪩ꪿ꪙ ꪹꪎꪷ꪿ꪀ,False
dày giặc,ꪵꪩ꪿ꪙ ꪹꪎꪷ꪿ꪀ,True
loãng,ꪵꪨꪫ,False
chuôi,ꪵꪩꪫ,False
xong,ꪵꪩ꫁ꪫ,False
rồi,ꪵꪩ꫁ꪫ,False
thót,ꪵꪩ꫁ꪫ,True
xong đời,ꪵꪩ꫁ꪫ ꪋ꪿ꪺ,False
"vó, đời",ꪵꪩ꫁ꪫ ꪋ꪿ꪺ,True
xong đời,ꪒ꪿ꪽ ꪋ꪿ꪺ,True
"rảnh tay, rồi tay, ngơi tay",ꪵꪩ꫁ꪫ ꪣꪳ,False
"rảnh tay, mười hôm ngơi tay",ꪵꪩ꫁ꪫ ꪣꪳ,True
"xong hẳn, xong hết, dứt diểm",ꪵꪩ꫁ꪫ ꪜꪲꪒ,False
"xong hẳn, xong hết, súyt diểm",ꪵꪩ꫁ꪫ ꪜꪲꪒ,True
mịn,ꪵꪩꪚ,False
mành,ꪵꪩꪚ,False
tược,ꪵꪩꪚ,True
mành,ꪩꪸ꫁ꪫ,True
"đấy, vậy, thế",ꪹꪩꪸ,False
"ròng ròng, loã",ꪹꪩꪸ꫁ ꪹꪩꪸ꫁,False
sắt,ꪹꪨꪸ꪿ꪀ,False
"đồ,",ꪹꪨꪸ꪿ꪀ,True
"thơ ngây, làn nhẵng lệc lẹp hễ chắc sằng: cháu còn thơ ngây chưa biết gì",ꪹꪩꪸ꫁ꪀ ꪵꪩꪚ,False
"khan ngây, làn nhẵng lệc lẹp hễ chắc ẩy, cháu còn thơ ngây chưa biết gươm",ꪹꪩꪸ꫁ꪀ ꪵꪩꪚ,True
"thơ ngây, làn ngái lệc lẹp đốp chắc sằng: cháu còn thơ ngây chưa biết gì",ꪹꪩꪸ꫁ꪀ ꪵꪩꪚ,True
"nhỏ nhặt, nhỏ mọn, vụn vặt",ꪹꪩꪸ꫁ꪀ ꪙ꫁ꪮꪥ,False
"nhỏ giãn nhỏ mọn, vụn vặt",ꪹꪩꪸ꫁ꪀ ꪙ꫁ꪮꪥ,True
"que, thanh",ꪹꪨꪸ꫁ꪣ,False
sợi,ꪹꪨꪸ꫁ꪣ,False
chiếc,ꪹꪨꪸ꫁ꪣ,False
lim,ꪹꪩꪸꪣ,False
mận,ꪹꪩꪸꪣ,True
mót,ꪹꪩꪸꪣ,False
sệ,ꪹꪩꪸꪣ,True
gặm,ꪹꪩꪸꪣ,False
liếm láp,ꪹꪩꪸꪣ ꪩꪸ,False
sứt láp,ꪹꪩꪸꪣ ꪩꪸ,True
liếm viêm,ꪹꪩꪸꪣ ꪩꪸ,True
chắt,ꪹꪨꪸꪙ,False
lủn,ꪹꪨꪸꪙ,True
sóc vằn,ꪹꪩꪸꪙ,False
xe,ꪹꪩꪸꪙ,False
tuốt,ꪹꪩꪸ꪿ꪉ,False
tuốt,ꪹꪐꪷꪒ,True
bõm,ꪹꪩꪸ꪿ꪉ,True
"đâm xổ, chạy xổ, xổ, xồ",ꪹꪩꪸ꪿ꪉ,False
"gút, nới chạy xổ, xổ, đủng",ꪹꪩꪸ꪿ꪉ,True
"móng, vuốt, vấu",ꪹꪩꪸꪚ,False
"vĩnh vuốt, vấu",ꪹꪩꪸꪚ,True
"quại, chơi",ꪹꪩꪸꪫ,False
vặn chơi,ꪹꪩꪸꪫ,True
làm dữ,ꪹꪩꪸꪫ ꪹꪭꪸ꪿ꪉ,False
làm dữ,ꪡꪰ꪿ꪉ ꪹꪭꪸ꪿ꪉ,True
làm dữ,ꪒꪱꪣ ꪹꪭꪸ꪿ꪉ,True
lí,ꪨꪲ꪿,False
"luật lệ, lệ luật",ꪨꪲ꪿ ꪩꪺꪒ,False
"luật lệ, hến luật",ꪨꪲ꪿ ꪩꪺꪒ,True
lim,ꪨꪲ꫁,False
"hò,",ꪨꪲ꫁,True
lèo tèo,ꪩꪲ ꪩꪱꪥ,False
xoá nhoà,ꪩꪲ ꪩꪱꪙ,False
"xoá mét,",ꪩꪲ ꪩꪱꪙ,True
dằng dặc,ꪩꪲ ꪩꪽ,False
di,ꪩꪲ ꪩ꪿ꪽ,False
nhúm,ꪩꪲ ꪩ꪿ꪽ,True
xoe,ꪩꪲ ꪩꪷ꪿,False
liếm,ꪩꪸ,False
úi,ꪩꪸ,True
liếm gót,ꪩꪸ ꪶꪀ꫁ꪙ,False
liếm phi,ꪩꪸ ꪶꪀ꫁ꪙ,True
lịch,ꪩꪲ꫁ꪀ,False
cạnh,ꪩꪸ꪿ꪣ,False
"ghê,",ꪩꪸ꪿ꪣ,True
nếp,ꪩꪸ꪿ꪣ,False
mùi mẽ,ꪩꪸ꪿ꪣ,False
"rỡ, quần,",ꪩꪸ꪿ꪣ,True
niết bàn,ꪩꪸꪙ ꪝꪱꪙ,False
liền,ꪩꪸ꫁ꪙ,False
liền khít,ꪩꪸ꫁ꪙ ꪬꪸ꪿ꪣ,False
"lược víu,",ꪩꪸ꫁ꪙ ꪬꪸ꪿ꪣ,True
văn,ꪩꪸꪉ,False
văn,ꪭꪷ꫁,True
nuôi,ꪩꪸ꫁ꪉ,False
chăn,ꪩꪸ꫁ꪉ,False
nuôi nấng,ꪩꪸ꫁ꪉ ꪹꪀ,False
nuôi nấng,ꪏꪉ꫁ꪱꪙ ꪶꪖꪥ,True
nuôi nấng,ꪚꪴꪙ ꪹꪀ,True
chăn dắt,ꪩꪸ꫁ꪉ ꪒꪴ,False
"trũng, dắt",ꪩꪸ꫁ꪉ ꪒꪴ,True
điếu cày,ꪨꪸꪚ ꪁꪺꪙ,False
điếu cày,ꪹꪅꪸꪀ ꪁꪺꪙ,True
điếu cày,ꪨꪸꪚ ꪭ꫁ꪱꪉ,True
men,ꪩꪸꪚ,False
ven,ꪩꪸꪚ,False
"ễnh,",ꪩꪸꪚ,True
mon men,ꪩꪸꪚ ꪨꪷ,False
nhánh nhỏ,ꪨꪸ꪿ꪫ,False
đoán,ꪩꪸ꫁ꪫ,False
"tránh, né",ꪨꪲꪀ,False
sễ né,ꪨꪲꪀ,True
toác,ꪩꪲꪀ,False
nêm,ꪨꪲ꫁ꪣ,False
thẳng,ꪨꪲ꫁ꪣ,True
nếm,ꪩꪲ꫁ꪣ,False
nhắp,ꪩꪲ꫁ꪣ,False
máng,ꪩꪲꪙ,False
dòng nước chảu trong máng (hoặc vòi) ra,ꪩꪲꪙ,False
dòng mọn chảu trong máng lăng vòi) ra,ꪩꪲꪙ,True
sùi sụt,ꪩꪲꪙ ꪩꪲ꪿,False
dầm dề,ꪩꪲꪙ ꪩꪲꪙ,False
dầm dề,ꪩꪲꪙ ꪏꪉ꫁ꪱꪙ,True
dầm mìn,ꪶꪔ꫁ꪙ ꪩꪲꪙ,True
mê mệt,ꪩꪲꪙ ꪩꪲꪙ,False
"mê thở,",ꪩꪲꪙ ꪶꪘ꫁ꪥ,True
lưỡi,ꪩꪲ꫁ꪙ,False
lưỡi gà,ꪩꪲ꫁ꪙ,False
lưỡi gà,ꪵꪀꪒ,True
lưỡi gà,ꪩꪲ꫁ꪙ ꪼꪀ꪿,False
sấn gà,ꪝꪴ ꪼꪀ꪿,True
lưỡi gà,ꪩꪲ꫁ꪙ ꪶꪜ꪿ꪙ,True
ríu lưỡi,ꪩꪲ꫁ꪙ ꪀꪰ꫁ꪉ,False
ríu cảm,ꪩꪲ꫁ꪙ ꪀꪰ꫁ꪉ,True
lính,ꪨꪲ꪿ꪉ,False
dốc,ꪨꪲ꪿ꪉ,False
vêu,ꪨꪲ꪿ꪉ,True
lính tráng,ꪨꪲ꪿ꪉ ꪔ꪿ꪱꪉ,False
lính tráng,ꪨꪲ꪿ꪉ ꪤꪱꪙ,True
khỉ,ꪩꪲꪉ,False
khỉ sóc,ꪩꪲꪉ ꪵꪒꪉ,False
khỉ sóc,ꪝꪰ꪿ꪉ ꪒꪱꪫ,True
khỉ sồn,ꪩꪲꪉ ꪵꪒꪉ,True
nhóc con,ꪩꪲꪉ ꪵꪒꪉ,False
khỉ đột,ꪩꪲꪉ ꪮꪲ,False
khỉ đột,ꪩꪲꪉ ꪣꪮꪉ,True
khỉ đột,ꪹꪨꪷ꪿ꪉ ꪮꪲ,True
cù lần,ꪩꪲꪉ ꪀꪲ꪿,False
"cù triều,",ꪩꪲꪉ ꪀꪲ꪿,True
cu li,ꪩꪲꪉ ꪶꪩꪣ,False
ứa li,ꪩꪲꪉ ꪶꪩꪣ,True
"mỏ súng, mỏ quạ",ꪩꪲꪉ ꪶꪮ꪿ꪉ,False
"mỏ súng, lạch quạ",ꪩꪲꪉ ꪶꪮ꪿ꪉ,True
"mỏ soát, mỏ quạ",ꪩꪲꪉ ꪶꪮ꪿ꪉ,True
khỉ độc,ꪩꪲꪉ ꪕꪮꪀ,False
lĩnh,ꪩꪲ꫁ꪉ,False
lĩng,ꪩꪲ꫁ꪉ,False
lĩnh là,ꪩꪲ꫁ꪉ ꪩꪱ,False
lụa lĩnh,ꪩꪲ꫁ꪉ ꪩ꫁ꪺ,False
lụa rẩm,ꪮꪴꪚ ꪩ꫁ꪺ,True
óp,ꪩꪲꪚ,False
óp xọp,ꪩꪲꪚ ꪩꪲ꫁,False
óp xọp,ꪶꪀ꪿ꪥ ꪩꪲ꫁,True
"lép xẹp, lép kẹp, xép xẹp",ꪩꪲꪚ ꪩꪲ꫁,False
"lép xẹp, bé, kẹp, xép xẹp",ꪩꪲꪚ ꪩꪲ꫁,True
"thượng xẹp, lép xát xép xẹp",ꪩꪲꪚ ꪩꪲ꫁,True
lướt,ꪨꪲꪒ ꪨꪸꪉ,False
"trảy, róc",ꪩꪲꪒ,False
"trảy, phẹt",ꪩꪲꪒ,True
tớp róc,ꪩꪲꪒ,True
"thót, vọt",ꪩꪲꪒ,False
"thót, ruồi",ꪉꪺꪙ,True
"thót, vọt",ꪹꪬꪉ,True
bay,ꪨꪲꪫ,False
xỉu,ꪨꪲꪫ,False
"lưu lạc, lìa đàn",ꪨꪲꪫ ꪩꪱꪙ,False
biến,ꪨꪲ꪿ꪫ,False
biến,ꪨ꫁ꪮꪉ,True
nheo,ꪨꪲ꪿ꪫ,False
nheo nheo,ꪨꪲ꪿ꪫ ꪵꪎ,False
nheo biệt,ꪨꪲ꪿ꪫ ꪵꪎ,True
que dệt hoa văn,ꪨꪲ꫁ꪫ ꪄꪲꪒ,False
"que dệt giảm, vế",ꪨꪲ꫁ꪫ ꪄꪲꪒ,True
vét dệt hoa văn,ꪨꪲ꫁ꪫ ꪄꪲꪒ,True
chanh,ꪩꪲꪫ,False
biền biệt,ꪩꪲꪫ ꪩꪲꪫ,False
là biệt,ꪩꪲꪫ ꪩꪲꪫ,True
biền quắc,ꪩꪲꪫ ꪬꪮꪀ,True
sóc,ꪩꪲ꫁ꪫ,False
xối,ꪏꪩꪱꪥ,True
xoắn ốc,ꪩꪲ꫁ꪫ ꪶꪀ꫁ꪙ ꪬꪮꪥ,False
"lắt, ốc",ꪩꪲ꫁ꪫ ꪶꪀ꫁ꪙ ꪬꪮꪥ,True
xoắn ruột gà,ꪩꪲ꫁ꪫ ꪼꪎ꫁ ꪼꪀ꪿,False
xoắn ruột gà,ꪩꪲ꫁ꪫ ꪡꪮꪙ ꪼꪀ꪿,True
sớm,ꪨꪷ,False
đấy,ꪨꪷ,False
rồi,ꪨꪷ,False
lo ngại,ꪨꪷ ꪻꪊ,False
đắn lo,ꪨꪷ ꪒ꪿ꪽ,False
lo nghĩ,ꪨꪷ ꪈꪾ꪿,False
rãnh,ꪨꪷ꪿,False
rãnh,ꪛꪱꪥ,True
đúc,ꪨꪷ꪿,False
đúc,ꪩꪴ꫁ꪣ,True
cúng bái,ꪨꪷ꪿ ꪩꪸꪉ,False
cúng bái,ꪨꪷ꪿ ꪚꪱꪉ,True
đúc chuốt,ꪨꪷ꪿ ꪩꪸꪉ,False
he chuốt,ꪨꪷ꪿ ꪩꪸꪉ,True
lò,ꪩꪷ,False
hong hóng,ꪩꪷ ꪩꪷ,False
bình,ꪩꪷ꫁,False
cước,ꪩꪷ꫁,True
nhả nhớt,ꪩꪷ꫁ ꪵꪩ꫁,False
con cúi,ꪩꪷ꫁ ꪠ꫁ꪱꪥ,False
lỏng khỏng,ꪨ꪿ꪮꪀ ꪵꪨ꪿ꪀ,False
lỏng vắn,ꪨ꪿ꪮꪀ ꪵꪨ꪿ꪀ,True
loi,ꪨꪮꪥ,False
"sân,",ꪨꪮꪥ,True
"sũng, đẫm",ꪨ꫁ꪮꪥ,False
tiêu chảy,ꪨ꫁ꪮꪥ,False
tiêu chảy,ꪵꪊ꫁,True
quanh chảy,ꪨ꫁ꪮꪥ,True
ướt rườn rượt,ꪨ꫁ꪮꪥ ꪯꪩꪮꪒ,False
huyệt rườn rượt,ꪨ꫁ꪮꪥ ꪅꪺꪙ,True
bơi,ꪩꪮꪥ,False
bơi chó,ꪩꪮꪥ ꪀꪨꪴ꪿ꪀ ꪹꪀꪨ,False
bơi chó,ꪹꪚꪷ ꪀꪨꪴ꪿ꪀ ꪹꪀꪨ,True
"bơi nhíp,",ꪩꪮꪥ ꪀꪨꪴ꪿ꪀ ꪅꪰꪉ,True
"bơi ếch, bơi nhái",ꪩꪮꪥ ꪄ꪿ꪺꪀ,False
"bơi ếch, bơi nhái",ꪬꪴ꪿ꪥ ꪄ꪿ꪺꪀ,True
"thuật ếch, bơi nhái",ꪩꪮꪥ ꪄ꪿ꪺꪀ,True
loai nhoai,ꪩꪮꪥ ꪹꪩ,False
bơi sải,ꪩꪮꪥ ꪫꪱ,False
"nhẵn, tét",ꪩ꫁ꪮꪥ,False
trắng tay,ꪩ꫁ꪮꪥ ꪹꪭꪙ,False
trắng xệ,ꪩ꫁ꪮꪥ ꪹꪭꪙ,True
tước,ꪩꪮꪀ,False
lột,ꪩꪮꪀ,False
mỏng,ꪡꪮꪒ,True
"hồi sinh, tái sinh",ꪩꪮꪀ,False
"hồi sinh, cớn, sinh",ꪩꪮꪀ,True
"lột xác, thoát xác",ꪩꪮꪀ ꪋꪱꪚ,False
lột chi thoát xác,ꪩꪮꪀ ꪋꪱꪚ,True
khắp cả,ꪨꪮꪣ,False
mãnh cả,ꪨꪮꪣ,True
theo,ꪨꪮꪣ,False
theo,ꪼꪀ꪿,True
rào,ꪩ꫁ꪮꪣ,False
quây,ꪩ꫁ꪮꪣ,False
quây,ꪑꪱꪒ,True
hờ,ꪨꪮꪙ,False
may ra,ꪨꪮꪙ,False
may ra,ꪭꪳꪒ,True
may ra,ꪨꪰꪀ,True
lỡ,ꪨꪮꪙ,False
rẹo,ꪨꪮꪙ,True
tình cờ,ꪨꪮꪙ,False
tình cờ,ꪶꪜꪀ,True
hoạ may,ꪨꪮꪙ ꪵꪒꪙ,False
bất ngờ,ꪨꪮꪙ ꪕ꪿ꪮꪙ,False
bất thịt,ꪨꪮꪙ ꪕ꪿ꪮꪙ,True
tuột,ꪨ꪿ꪮꪙ,False
bụ,ꪔꪲꪉ,True
"lỏng, long",ꪨ꪿ꪮꪙ,False
"lỏng, long",ꪎꪺꪥ,True
"trọc, trọc lóc",ꪨ꫁ꪮꪙ,False
"trọc, trọc lóc",ꪩ꪿ꪱꪥ,True
trụi,ꪨ꫁ꪮꪙ,False
kĩ,ꪨ꫁ꪮꪙ,False
"phai màu, phai",ꪨ꫁ꪮꪙ,False
phai giẹo phai,ꪨ꫁ꪮꪙ,True
"trụi lủi, trọc lốc",ꪨ꫁ꪮꪙ ꪁꪩꪷ꪿,False
"bùm, lủi, trọc lăng",ꪨ꫁ꪮꪙ ꪁꪩꪷ꪿,True
"trụi bệch trọc đùng,",ꪨ꫁ꪮꪙ ꪁꪩꪷ꪿,True
công cốc,ꪹꪜꪷꪀ ꪏꪲ꪿,False
công cốc,ꪶꪀꪨ꫁ꪙ ꪏꪲ꪿,True
nỡ nào,ꪩꪮꪙ,False
nỡ truất,ꪩꪮꪙ,True
xuể,ꪩ꫁ꪮꪙ,False
nghèo,ꪩ꫁ꪮꪙ,True
cổ,ꪀꪨ꫁ꪮꪥ,True
xốc vác,ꪨꪮꪉ ꪵꪨ꪿ꪫ,False
"việc lìa,",ꪨꪮꪉ ꪵꪑ꫁ꪀ,True
xốc bão,ꪨꪮꪉ ꪵꪨ꪿ꪫ,True
thong dong,ꪨꪮꪉ ꪎꪮꪉ,False
cặn,ꪨ꫁ꪮꪉ,False
máng,ꪨ꫁ꪮꪉ,False
xộc xệch,ꪨ꫁ꪮꪉ ꪹꪨ꫁ꪉ,False
xộc giễu,ꪨ꫁ꪮꪉ ꪹꪨ꫁ꪉ,True
thông,ꪩꪮꪉ,False
váy lót,ꪩꪮꪉ ꪎꪲ꫁ꪙ,False
váy đượm,ꪩꪮꪉ ꪎꪲ꫁ꪙ,True
đường,ꪩ꪿ꪮꪉ,False
hụ,ꪩ꪿ꪮꪉ,True
xuôi,ꪩ꪿ꪮꪉ,False
xép,ꪩ꪿ꪮꪉ,True
"tậu,",ꪩ꪿ꪮꪉ,True
ngược,ꪩ꪿ꪮꪉ,False
giữ,ꪗꪱꪥ,True
rẻo,ꪩ꪿ꪮꪉ,False
xuôi dòng,ꪩ꪿ꪮꪉ ꪙꪾ꫁,False
xuôi dòng,ꪄꪲ꪿ ꪙꪾ꫁,True
xuôi dòng,ꪵꪭ꪿ꪫ ꪙꪾ꫁,True
"khe, cốc",ꪩ꫁ꪮꪉ,False
giụa cốc,ꪩ꫁ꪮꪉ,True
"lũng, thung lũng",ꪩ꫁ꪮꪉ,False
giơ thung lũng,ꪩ꫁ꪮꪉ,True
úng,ꪩ꫁ꪮꪉ,False
úng,ꪶꪚ꪿,True
"úng nước, úng thủy",ꪩ꫁ꪮꪉ ꪙꪾ꫁,False
"úng nước, úng khảo",ꪝꪲ꪿ꪙ ꪬꪳꪣ,True
úng dầm thạo thủy,ꪩ꫁ꪮꪉ ꪙꪾ꫁,True
lót,ꪨꪮꪚ,False
bọc,ꪨꪮꪚ,False
"cụp, cúp, thu mình",ꪨꪮꪚ ꪨ꫁ꪮꪥ,False
"cụp, chã, thu mình",ꪨꪮꪚ ꪨ꫁ꪮꪥ,True
"cụp, cúp, thu mình",ꪨꪮꪚ ꪹꪜꪸꪙ,True
chuồng,ꪩꪮꪚ,False
nhót,ꪨꪮꪒ,False
ống,ꪨꪮꪒ,False
ống,ꪹꪬꪱ,True
sẩy thai,ꪨꪮꪒ ꪩꪴꪀ,False
lây thai,ꪨꪮꪒ ꪩꪴꪀ,True
"tai, thai",ꪨꪮꪒ ꪩꪴꪀ,True
"ống suốt, ống chỉ",ꪨꪮꪒ ꪼꪢ,False
lọt,ꪩꪮꪒ,False
chui,ꪩꪮꪒ,False
chui,ꪡꪳ꫁ꪙ,True
xuyên,ꪩꪮꪒ,False
xuyên,ꪈ꫁ꪱꪫ,True
"luồn lách, luồn lỏi",ꪩꪮꪒ ꪵꪩꪒ,False
"luồn lách, luồn quật,",ꪩꪮꪒ ꪵꪩꪒ,True
tụt,ꪶꪨ꪿,False
"hộ,",ꪶꪨ꪿,True
đổ,ꪶꪨ꫁,False
máu,ꪶꪨ꫁,True
tương,ꪶꪨ꫁,False
"gần,",ꪶꪨ꫁,True
quanh,ꪶꪩ,False
quanh,ꪛꪱꪉ,True
loanh quanh,ꪶꪩ ꪹꪩꪸ,False
rò,ꪶꪩ꪿,False
"thủng, lủng",ꪶꪩ꪿,False
"thủng, hềnh",ꪶꪩ꪿,True
chao lủng,ꪶꪩ꪿,True
xì xồ,ꪶꪩ꪿ ꪹꪩꪸ꪿,False
ngờ xồ,ꪶꪩ꪿ ꪹꪩꪸ꪿,True
cái cột đẻ cột trâu bò,ꪶꪨ꪿ꪀ,False
cái cột đẻ cột trâu nhọn,ꪕ꫁ꪱ,True
cọn,ꪶꪨ꪿ꪀ,False
ngả,ꪶꪨ꪿ꪀ,True
nhổ,ꪶꪨ꪿ꪀ,False
sầu,ꪶꪨ꪿ꪀ,True
vặt,ꪶꪨ꪿ꪀ,False
chuồng,ꪶꪩ꫁ꪀ,False
"lật,",ꪶꪩ꫁ꪀ,True
cào cỏ,ꪶꪩ꫁ꪀ,False
vũ cỏ,ꪶꪩ꫁ꪀ,True
nườm nượp,ꪶꪨ꫁ꪥ ꪶꪨ꫁ꪥ,False
gãy nượp,ꪶꪨ꫁ꪥ ꪶꪨ꫁ꪥ,True
hếu,ꪶꪨ꫁ꪥ ꪶꪨ꫁ꪥ,False
"đĩ,",ꪶꪨ꫁ꪥ ꪶꪨ꫁ꪥ,True
gợi,ꪶꪨ꫁ꪥ ꪶꪨ꫁ꪥ,True
khỏa thân,ꪶꪩꪥ ꪣꪷ꪿,False
khỏa kèn,ꪶꪩꪥ ꪣꪷ꪿,True
"bong, tróc",ꪶꪩꪀ,False
"bong, trăng,",ꪶꪩꪀ,True
"bong, tróc",ꪏꪩꪱꪫ,True
lõm,ꪶꪨꪣ,False
lỗ,ꪶꪨꪣ,False
"trũng, lún",ꪶꪨ꪿ꪣ,False
"trũng, nhủ",ꪶꪨ꪿ꪣ,True
"lai, lún",ꪔꪴ꪿ꪥ,True
sa,ꪶꪨ꪿ꪣ,False
khẳn,ꪶꪨ꪿ꪣ,True
gió,ꪶꪩꪣ,False
bọc,ꪶꪩꪣ,True
gió,ꪡ꫁ꪮꪙ,True
bão,ꪶꪩꪣ,False
"dông, bão gió",ꪶꪩꪣ ꪵꪩ꫁ꪉ,False
"dông, bão ức,",ꪶꪩꪣ ꪵꪩ꫁ꪉ,True
"gió lốc, gió xoáy",ꪶꪩꪣ ꪩ꫁ꪱꪫ,False
"quản lốc, gió xoáy",ꪶꪩꪣ ꪩ꫁ꪱꪫ,True
gió bụi,ꪶꪩꪣ ꪶꪠꪉ,False
ngã,ꪶꪩ꫁ꪣ,False
đổ,ꪶꪩ꫁ꪣ,False
gục,ꪶꪩ꫁ꪣ,False
ngã gục,ꪶꪩ꫁ꪣ ꪅꪮꪚ,False
quỵ,ꪶꪩ꫁ꪣ ꪕꪱꪒ,False
hơ,ꪶꪩꪙ,False
hơ qua,ꪶꪩꪙ ꪩ꫁ꪱꪣ,False
ôn,ꪶꪩ꪿ꪙ,False
ôn,ꪀꪴꪣ,True
trọc,ꪶꪩ꫁ꪙ,False
trọc,ꪹꪘꪸ꪿ꪀ,True
biếc,ꪶꪩ꫁ꪙ,True
tràn qua,ꪶꪩ꫁ꪙ,False
tràn nghi,ꪶꪩ꫁ꪙ,True
trào,ꪶꪩ꫁ꪙ,False
"hùm,",ꪶꪩ꫁ꪙ,True
quá thể,ꪶꪩ꫁ꪙ ꪣꪷ꪿,False
quá thể,ꪹꪫꪸꪙ ꪣꪷ꪿,True
trọc tếu,ꪶꪩ꫁ꪙ ꪶꪣ,False
trọc tếu,ꪶꪩ꫁ꪙ ꪶꪥꪀ,True
trọc tếch,ꪶꪩ꫁ꪙ ꪶꪯ꫁ꪀ,False
nhầm,ꪶꪨꪉ,False
lạc,ꪶꪨꪉ,False
lạc lõng,ꪶꪨꪉ ꪨꪷ,False
"lạc dở,",ꪶꪨꪉ ꪨꪷ,True
lạc tỏ,ꪶꪨꪉ ꪨꪷ,True
"nhầm lẫn, lẫn lộn",ꪶꪨꪉ ꪶꪨ꫁,False
thất lạc,ꪶꪨꪉ ꪶꪨ꫁,False
"lẫn cẫn, lẫn",ꪶꪨꪉ ꪩꪳꪣ,False
lẫn lao lẫn,ꪶꪨꪉ ꪩꪳꪣ,True
"cậy cẫn, lẫn",ꪶꪨꪉ ꪩꪳꪣ,True
lạc đàn,ꪶꪨꪉ ꪝꪳꪉ,False
lạc đàn,ꪀ꫁ꪽ ꪢ꫁ꪺꪥ,True
"cái, nái",ꪶꪩꪉ,False
quan tài,ꪶꪩꪉ,False
xuống,ꪶꪩꪉ,False
hạ,ꪶꪩꪉ,False
cá,ꪶꪩꪉ,True
giáng,ꪶꪩꪉ,False
nhập môn bài cúng,ꪶꪩꪉ ꪶꪣꪙ,False
nhập môn lắm cúng,ꪶꪩꪉ ꪶꪣꪙ,True
lợn nái tơ,ꪶꪩꪉ ꪢꪴ,False
lợn nguy tơ,ꪶꪩꪉ ꪢꪴ,True
trở xuống,ꪶꪩꪉ ꪻꪔ꫁,False
trở xuống,ꪚꪴꪀ ꪻꪔ꫁,True
mươn xuống,ꪶꪩꪉ ꪎꪳ꪿ꪀ,True
vào việc,ꪶꪩꪉ ꪫꪸꪀ,False
vào việc,ꪶꪅꪒ ꪫꪸꪀ,True
làm việc,ꪶꪩꪉ ꪫꪸꪀ,False
thông,ꪶꪩ꪿ꪉ,False
thông,ꪹꪁꪷꪒ,True
sòng phẳng,ꪶꪩ꪿ꪉ,False
bộc trực,ꪶꪩ꪿ꪉ ꪹꪁꪸ꪿,False
"trắng, trực",ꪶꪩ꪿ꪉ ꪹꪁꪸ꪿,True
thông thoáng,ꪶꪩ꪿ꪉ ꪄ꪿ꪫꪱꪉ ꪄ꪿ꪫꪱꪉ,False
thông bặm,ꪶꪩ꪿ꪉ ꪄ꪿ꪫꪱꪉ ꪄ꪿ꪫꪱꪉ,True
rạch ròi,ꪶꪩ꪿ꪉ ꪄ꪿ꪫꪱꪉ ꪄ꪿ꪫꪱꪉ,False
rạch ròi,ꪋꪴ꪿ꪣ ꪄ꪿ꪫꪱꪉ ꪊꪲꪒ,True
thống nhất,ꪶꪩ꪿ꪉ ꪩꪸꪙ,False
ở nhất,ꪶꪩ꪿ꪉ ꪩꪸꪙ,True
thông thống,ꪶꪩ꪿ꪉ ꪶꪩꪥ,False
giả thống,ꪶꪩ꪿ꪉ ꪶꪩꪥ,True
trống hổng,ꪶꪩ꪿ꪉ ꪶꪩꪥ,False
chải hổng,ꪶꪩ꪿ꪉ ꪶꪩꪥ,True
ruỗng,ꪶꪩ꪿ꪉ ꪶꪩꪥ,False
sức,ꪶꪩ꪿ꪉ ꪶꪩꪥ,True
trống rỗng,ꪶꪩ꪿ꪉ ꪶꪩꪥ,False
trống rỗng,ꪶꪩ꪿ꪉ ꪤꪰꪒ,True
thênh tháng,ꪶꪩ꪿ꪉ ꪶꪮ꪿ꪉ,False
lốp tháng,ꪶꪩ꪿ꪉ ꪶꪮ꪿ꪉ,True
vươn tháng,ꪶꪩ꪿ꪉ ꪶꪮ꪿ꪉ,True
thống nhất ý kiến,ꪶꪩ꪿ꪉ ꪁꪫꪱꪣ,False
thống bụa ý kiến,ꪶꪩ꪿ꪉ ꪁꪫꪱꪣ,True
thông suốt,ꪶꪩ꪿ꪉ ꪶꪎꪒ,False
"thông khoét,",ꪶꪩ꪿ꪉ ꪝꪴꪙ,True
thông dàn,ꪖꪴ ꪶꪎꪒ,True
thẳng thắn,ꪶꪩ꪿ꪉ ꪏꪳ꪿,False
đánh nóc,ꪶꪨꪚ,False
rút,ꪶꪨꪚ,False
lá sen,ꪶꪨꪚ ꪹꪬ꪿,False
lá hải,ꪶꪨꪚ ꪹꪬ꪿,True
gian,ꪶꪩꪚ,False
gian dối,ꪶꪩꪚ ꪊꪱꪙ,False
gian gừng,ꪶꪩꪚ ꪊꪱꪙ,True
lập cập,ꪶꪨꪒ ꪶꪨꪒ,False
"đùa, cập",ꪶꪨꪒ ꪒꪸ꪿ꪉ,True
lập cập,ꪶꪨꪒ ꪵꪭꪙ,True
loạt,ꪶꪩꪒ,False
lột,ꪶꪩꪒ,False
liền,ꪶꪩꪒ,False
đành,ꪶꪩꪒ,False
"tiện thể, nhân thể",ꪶꪩꪒ,False
"tiện thể, nhân thể",ꪜꪴ꫁ꪣ,True
"soát, thể, nhân thể",ꪶꪩꪒ,True
nếp sống,ꪶꪩꪒ,False
quá cố,ꪶꪩꪒ ꪋ꪿ꪺ,False
quá cố,ꪶꪩꪒ ꪑꪮꪉ,True
ùn ùn,ꪶꪩꪒ ꪶꪩꪒ,False
ùn ùn,ꪵꪀ꫁ꪣ ꪶꪩꪒ,True
người: ùn,ꪶꪩꪒ ꪶꪩꪒ,True
tuồn tuột,ꪶꪩꪒ ꪶꪩꪒ,False
tuồn sức,ꪶꪩꪒ ꪹꪮꪷ꪿ꪣ,True
giỡ,ꪹꪨꪷ꫁,False
giỡ,ꪹꪁꪷꪕꪙ,True
sâu,ꪹꪩꪷ꫁ꪀ,False
lợ,ꪹꪨꪷꪀ ꪹꪨꪷ꫁ꪙ,False
nhụt,ꪹꪩꪷꪀ,False
lác,ꪹꪨꪷꪙ,False
bãi,ꪹꪨꪷ꪿ꪙ,False
"mất dạy, vô lễ, hỗn láo",ꪹꪨꪷ꫁ꪙ ꪹꪎꪷ꫁ꪙ,False
"mất lung vô lễ, khấm láo",ꪹꪨꪷ꫁ꪙ ꪹꪎꪷ꫁ꪙ,True
"mất nghề vô lễ, bao, láo",ꪹꪨꪷ꫁ꪙ ꪹꪎꪷ꫁ꪙ,True
"lấn, lấn tới, lấn át",ꪹꪩꪷꪙ,False
"lấn, lấn tới, với át",ꪹꪩꪷꪙ,True
thóc lấn dĩa lấn cớm,ꪹꪩꪷꪙ,True
cứ như,ꪹꪨꪷ꪿ꪉ,False
cứ cốt,ꪹꪨꪷ꪿ꪉ,True
tron như,ꪹꪨꪷ꪿ꪉ,True
tương xứng,ꪹꪨꪷ꪿ꪉ,False
tương xứng,ꪶꪅꪉ,True
"tương ắp,",ꪹꪨꪷ꪿ꪉ,True
chừng,ꪹꪨꪷ꪿ꪉ,False
xanh,ꪹꪨꪷ꪿ꪉ,True
thẳng đều,ꪹꪩꪷꪉ,False
"luôn, thường xuyên",ꪹꪩꪷꪉ,False
thường,ꪹꪩꪷꪉ,False
năng,ꪹꪩꪷꪉ,False
năng,ꪀꪱꪉ,True
luôn luôn,ꪹꪩꪷꪉ ꪹꪋꪷ,False
rít luôn,ꪹꪩꪷꪉ ꪹꪋꪷ,True
luôn luôn,ꪹꪩꪷꪉ ꪤꪴ꪿,True
"quen thói, thói quen",ꪹꪩꪷꪉ ꪹꪅꪷꪥ,False
"quen thói, thói quen",ꪹꪩꪷꪉ ꪀꪲ꪿ꪫ,True
suôn,ꪹꪩꪷꪉ ꪶꪮꪨꪒ,False
thẳng băng,ꪹꪩꪷꪉ ꪡꪾꪚ,False
đủ băng,ꪹꪩꪷꪉ ꪙ꫁ꪽ,True
bẫy hộp,ꪹꪩꪷꪚ,False
kịp,ꪹꪩꪷꪚ,False
kịp,ꪵꪅ꫁ꪫ,True
kịp thời,ꪹꪩꪷꪚ ꪗꪽ,False
lệ,ꪨꪴ꪿,False
vẳng,ꪨꪴ꪿,True
lệ,ꪶꪩꪥ,True
đó,ꪨꪴ꪿,False
"khùng,",ꪉꪸ꫁ꪙ,True
"thì, á",ꪨꪴ꪿,False
mưu á,ꪨꪴ꪿,True
chứ,ꪨꪴ꪿,False
bận sau,ꪨꪴ꪿ ꪨꪰꪉ,False
lú lẫn,ꪨꪴ꪿ ꪩꪳꪣ,False
lú nục,ꪒ꪿ꪽ ꪩꪳꪣ,True
lấp lú,ꪨꪴ꪿ ꪩꪳꪣ,False
xốc,ꪩꪴ꪿,False
bứa,ꪩꪴ꫁,False
mất mùa,ꪩꪴ꫁ ꪣꪺ,False
thất bát,ꪩꪴ꫁ ꪎꪸꪫ,False
thất bát,ꪩꪴ꫁ ꪼꪅ꫁,True
củi,ꪨꪺ,False
củi,ꪄꪲ꪿ꪀ,True
cây củi gỗ,ꪩ꪿ꪺ ꪶꪁ꪿,False
cứu củi đủi,ꪩ꪿ꪺ ꪶꪁ꪿,True
cây củi thần,ꪩ꪿ꪺ ꪶꪁ꪿,True
củi lụt,ꪩ꪿ꪺ ꪶꪁ꪿,False
củi quen,ꪩ꪿ꪺ ꪶꪁ꪿,True
củi tạ,ꪨꪺ ꪶꪁ꫁ꪙ,False
"củi đóm, củi đuốc",ꪩ꪿ꪺ ꪒꪲ꪿ꪙ,False
"ví đóm, củi đuốc",ꪩ꪿ꪺ ꪒꪲ꪿ꪙ,True
"củi đóm, củi ghép",ꪩ꪿ꪺ ꪒꪲ꪿ꪙ,True
rò,ꪨ꪿ꪺ,False
vị,ꪨ꪿ꪺ,True
rò,ꪹꪜꪸ꪿ꪉ,True
mai,ꪨ꫁ꪺ,False
thím,ꪩꪺ,False
que thông nòng súng,ꪩꪺ ꪶꪮ꪿ꪉ,False
que thông nòng nuộc,ꪩꪺ ꪶꪮ꪿ꪉ,True
que thông hù súng,ꪩꪺ ꪶꪮ꪿ꪉ,True
lụa,ꪩ꫁ꪺ,False
buồng ngủ,ꪨꪴ꪿ꪀ,False
xay,ꪨꪴ꪿ꪥ,False
cùn,ꪩꪴ꪿ꪥ,False
cùn,ꪊ꫁ꪱ,True
xông,ꪩꪴ꫁ꪥ,False
xét,ꪩꪴ꫁ꪥ,True
xông,ꪩ꪿ꪮꪉ,True
con,ꪩꪴꪀ,False
con trai,ꪩꪴꪀ ꪋꪱꪥ,False
khí trai,ꪩꪴꪀ ꪋꪱꪥ,True
con gái,ꪩꪴꪀ ꪑꪲꪉ,False
bèo gái,ꪩꪴꪀ ꪑꪲꪉ,True
con cả,ꪩꪴꪀ ꪶꪀ꪿ꪀ,False
con cua,ꪩꪴꪀ ꪶꪀ꪿ꪀ,True
con cả,ꪩꪴꪀ ꪥꪾ,True
con một,ꪩꪴꪀ ꪒꪸꪫ,False
đũng trọn,ꪩꪴꪀ ꪒꪸꪫ,True
con cưng,ꪩꪴꪀ ꪭꪰꪀ,False
"con đầu lòng, con so",ꪩꪴꪀ ꪬꪺ ꪎꪱꪫ,False
"con đầu lòng, con so",ꪩꪴꪀ ꪬꪺ ꪹꪁꪷꪝꪥ,True
"con nỉ, bện, sưởi ạch",ꪩꪴꪀ ꪏꪳ ꪎꪱꪫ,True
con út,ꪩꪴꪀ ꪨ꫁ꪱ,False
con cháu,ꪩꪴꪀ ꪨꪱꪙ,False
con cháu,ꪜꪳ꫁ ꪨꪱꪙ,True
con nuôi,ꪩꪴꪀ ꪩꪸ꫁ꪉ,False
"ao, nuôi",ꪩꪴꪀ ꪩꪸ꫁ꪉ,True
con hoang,ꪩꪴꪀ ꪣꪱꪙ ꪕꪱꪉ,False
cợ con,ꪩꪴꪀ ꪣꪸ,False
cợ túa,ꪩꪴꪀ ꪣꪸ,True
con riêng của vợ,ꪩꪴꪀ ꪣꪸ,False
"con đẻ, con ruột",ꪩꪴꪀ ꪮꪮꪀ,False
con mọn,ꪩꪴꪀ ꪮ꪿ꪮꪙ,False
con mọn,ꪩꪴꪀ ꪁꪩ꪿ꪮꪙ,True
chồng con,ꪩꪴꪀ ꪠꪺ,False
chồng con,ꪹꪁꪷ꫁ꪙ ꪠꪺ,True
con riêng của chồng,ꪩꪴꪀ ꪠꪺ,False
con quýt của chồng,ꪩꪴꪀ ꪠꪺ,True
"người đời, người dưng",ꪩꪴꪀ ꪕ꪿ꪱꪙ,False
người mong người dưng,ꪩꪴꪀ ꪕ꪿ꪱꪙ,True
"người đời, người dưng",ꪩꪴꪀ ꪶꪗꪣ,True
con cái,ꪩꪴꪀ ꪹꪔꪱ꫁,False
con côi,ꪩꪴꪀ ꪶꪕ꫁ꪀ,False
ô đệm,ꪩꪴꪀ ꪹꪎ꪿,False
chuồm,ꪨꪴꪣ,False
đắm,ꪨꪴ꫁ꪣ,False
ùa,ꪨꪴ꫁ꪣ,False
súm,ꪨꪴ꫁ꪣ,False
ồ ạt,ꪨꪴ꫁ꪣ ꪶꪭ꪿,False
ồ ạt,ꪹꪏꪷ꫁ ꪶꪭ꪿,True
khuynh gia bại sản,ꪨꪴ꫁ꪣ ꪹꪭꪙ,False
khuynh gia bại phãy,ꪨꪴ꫁ꪣ ꪹꪭꪙ,True
sa sút,ꪨꪴ꫁ꪣ ꪨꪷ꪿,False
sa sút,ꪨꪴ꫁ꪣ ꪹꪅꪷꪉ,True
sa sút,ꪹꪣꪱ ꪨꪷ꪿,True
xúm quanh,ꪨꪴ꫁ꪣ ꪹꪝꪱ꪿,False
xúm quanh,ꪨꪴ꫁ꪣ ꪔꪴꪣ,True
tuýp quanh,ꪨꪴ꫁ꪣ ꪹꪝꪱ꪿,True
"xúm đông, xúm xít",ꪨꪴ꫁ꪣ ꪝꪳ꫁ꪀ,False
"thềm đông, lé, xít",ꪨꪴ꫁ꪣ ꪝꪳ꫁ꪀ,True
"xúm đông, xúm xít",ꪕ꫁ꪱ ꪝꪳ꫁ꪀ,True
mơn mởn,ꪩꪴꪣ ꪩꪴꪣ,False
mơn phát,ꪩꪴꪣ ꪩꪴꪣ,True
dưới,ꪩꪴ꪿ꪣ,False
thải,ꪩꪴ꪿ꪣ,True
"trệu trạo, trếu tráo, nhếu nháo",ꪩꪴ꫁ꪣ ꪩ꫁ꪱꪣ,False
"trệu vổng trếu tráo, vội nháo",ꪩꪴ꫁ꪣ ꪩ꫁ꪱꪣ,True
tuột,ꪨꪴ꫁ꪙ,False
tốc,ꪨꪴ꫁ꪙ,False
xinh,ꪨꪴ꫁ꪙ,True
răng,ꪨꪴ꫁ꪙ,True
"trầy, sầy",ꪨꪴ꫁ꪙ ꪨ꪿ꪱꪉ,False
bác,ꪩꪴꪉ,False
lê,ꪩꪴꪉ,True
họ ngoại,ꪩꪴꪉ ꪔꪱ,False
nơi sơ tán trong rừng,ꪩꪴ꫁ꪉ,False
nơi oải tán trong rừng,ꪩꪴ꫁ꪉ,True
luộc,ꪩꪺꪀ,False
trụng,ꪩꪺꪀ,False
lỏng,ꪨꪺꪣ,False
đà,ꪨꪺꪣ,True
xệch xạc,ꪨꪺꪣ ꪶꪩ꪿ ꪹꪩꪸ꪿,False
xệch hứa,ꪨꪺꪣ ꪶꪩ꪿ ꪹꪩꪸ꪿,True
quyện,ꪩꪺꪣ,False
"ưa,",ꪩꪺꪣ,True
toàn,ꪩ꫁ꪺꪙ,False
"rặt, chỉ toàn",ꪩ꫁ꪺꪙ ꪕꪰꪀ,False
"rặt, dơ, toàn",ꪩ꫁ꪺꪙ ꪕꪰꪀ,True
"to, cỡ to",ꪨꪺꪉ,False
"to, cỡ hăn-xen",ꪑ꪿ꪱꪉ,True
mòi cỡ to,ꪨꪺꪉ,True
ngôi,ꪨꪺꪉ,False
ngôi,ꪎ꫁ꪺꪉ,True
"chiếc, cái",ꪨꪺꪉ,False
đủng cái,ꪨꪺꪉ,True
mặt trăng,ꪨꪺꪉ ꪹꪚꪙ,False
mặt trăng,ꪄ꪿ꪮꪥ ꪹꪚꪙ,True
ngôi sao,ꪨꪺꪉ ꪒꪱꪫ,False
nhiều nhặn,ꪨꪺꪉ ꪨꪱꪥ,False
chôn nhặn,ꪨꪺꪉ ꪨꪱꪥ,True
nhiều nhặn,ꪉꪮꪀ ꪨꪱꪥ,True
luồng,ꪩꪺꪉ,False
rồng,ꪩꪺꪉ,False
"chiều, bề",ꪩꪺꪉ,False
"chiều, dang",ꪩꪺꪉ,True
mặt,ꪩꪺꪉ,False
"hướng, cách",ꪩꪺꪉ,False
"hướng, họ",ꪩꪺꪉ,True
cung cách,ꪩꪺꪉ,False
khuỷu cách,ꪩꪺꪉ,True
đường,ꪩꪺꪉ,False
đường,ꪎꪮꪙ,True
đạo,ꪩꪺꪉ,False
khắm,ꪩꪺꪉ,True
"thói, nết, nếp",ꪩꪺꪉ,False
"thói, nết, truyền",ꪩꪺꪉ,True
sự,ꪩꪺꪉ,False
sao sa,ꪩꪺꪉ ꪁꪮꪙ ꪚꪲꪙ,False
nhắt sa,ꪩꪺꪉ ꪁꪮꪙ ꪚꪲꪙ,True
phiến diện,ꪩꪺꪉ ꪒꪸꪫ,False
tưởng diện,ꪩꪺꪉ ꪒꪸꪫ,True
giai nhân,ꪩꪺꪉ ꪨ꫁ꪺ,False
giai nhân,ꪩꪺꪉ ꪥꪱꪒ,True
giai sàn,ꪩꪺꪉ ꪨ꫁ꪺ,True
đường lối,ꪩꪺꪉ ꪕꪱꪉ,False
đường gào,ꪩꪺꪉ ꪕꪱꪉ,True
chính sách,ꪩꪺꪉ ꪕꪱꪉ,False
chính sách,ꪩꪺꪉ ꪹꪚꪷ,True
"chính dội,",ꪩꪺꪉ ꪕꪱꪉ,True
bươn,ꪩ꪿ꪺꪉ,False
luỗng,ꪩ꪿ꪺꪉ,False
bươn tới,ꪨꪺꪉ ꪹꪣ꪿,False
bươn chiếng,ꪨꪺꪉ ꪹꪣ꪿,True
mộng,ꪨꪺꪒ,False
luật,ꪩꪺꪒ,False
luật,ꪶꪕꪒ,True
luật lệ,ꪩꪺꪒ ꪨꪲ꪿,False
luật lệ,ꪉ꪿ꪫꪱꪉ ꪨꪲ꪿,True
mút,ꪨꪴꪚ,False
lọ,ꪨꪴꪚ,True
mút,ꪹꪐꪷꪒ,True
"xoa, thoa",ꪩꪴꪚ,False
người thoa,ꪩꪴꪚ,True
"vuốt, mơn, mơn trớn",ꪩꪴꪚ,False
"vuốt, mơn, mơn diềm,",ꪩꪴꪚ,True
"kin mơn, mơn trớn",ꪩꪴꪚ,True
xuất phát,ꪩꪴꪚ,False
xoa xoa,ꪩꪴꪚ ꪩ꪿ꪱꪥ,False
xúy xóa,ꪩꪴꪚ ꪩ꪿ꪱꪥ,False
"vọc, xóa",ꪩꪴꪚ ꪩ꪿ꪱꪥ,True
phảu,ꪩꪴꪚ ꪩꪴ꪿,False
hụt,ꪨꪴꪒ,False
ời,ꪨꪴꪒ,True
"tuột, buột",ꪨꪴꪒ,False
cốt buột,ꪨꪴꪒ,True
tụt,ꪨꪴꪒ,False
sút,ꪨꪴꪒ,False
sụt,ꪨꪴꪒ,False
lỡ,ꪨꪴꪒ,False
mạc,ꪨꪴꪒ,True
sút kém,ꪨꪴꪒ ꪵꪀ꪿ꪣ,False
thua lỗ,ꪨꪴꪒ ꪶꪨꪣ,False
thiếu hụt,ꪨꪴꪒ ꪖꪸ꪿ꪫ,False
thiếu hụt,ꪹꪎꪷ-ꪹꪮꪷ꪿ꪀ ꪖꪸ꪿ꪫ,True
"hơn kém, xê xích",ꪨꪴꪒ ꪹꪏ,False
"hơn kém, xê xích",ꪨꪴꪒ ꪚ꪿ꪱ,True
thừa,ꪹꪨ,False
cực lòng,ꪹꪨ ꪻꪊ,False
"dùi, lòng",ꪹꪨ ꪻꪊ,True
phát khóc,ꪹꪨ ꪼꪬ꫁,False
phát khóc,ꪼꪜ꪿ ꪼꪬ꫁,True
nan giải,ꪹꪨ ꪈꪾ꪿,False
"thừa thãi, thừa mứa",ꪹꪨ ꪹꪏ,False
"thừa thãi, chạ mứa",ꪹꪨ ꪬꪾꪚ,True
"rong chơi, chơi phiếm",ꪹꪨ꫁,False
"rong chơi, chơi phiếm",ꪕ꪿ꪱ,True
lượn,ꪹꪨ꫁,False
lừa,ꪹꪩ,False
vỗ,ꪹꪩ,True
"lừa, dụ",ꪹꪩ,False
nguây nguẩy,ꪨꪳꪀ ꪨꪱꪀ,False
"váng, nguẩy",ꪨꪳꪀ ꪨꪱꪀ,True
nguây nguẩy,ꪊꪮꪥ ꪨꪱꪀ,True
giặm,ꪨꪳꪣ,False
quên,ꪩꪳꪣ,False
"mê, tê",ꪩꪳꪣ,False
"đãng trí, hay quên",ꪩꪳꪣ ꪼꪒ꫁,False
"đãng phồng, hay quên",ꪩꪳꪣ ꪼꪒ꫁,True
"đãng trí, đám quên",ꪩꪳꪣ ꪼꪒ꫁,True
ngất,ꪩꪳꪣ ꪣꪷ꪿,False
"nhặt,",ꪠ꪿ꪱꪣ ꪣꪷ꪿,True
lịm,ꪩꪳꪣ ꪣꪷ꪿,False
lịm,ꪩꪳꪣ ꪮꪺꪀ,True
đê mê,ꪩꪳꪣ ꪣꪷ꪿,False
đê phiên,ꪩꪳꪣ ꪣꪷ꪿,True
"mê hồn, mê li",ꪩꪳꪣ ꪣꪷ꪿,False
"mê khẩu mê ngay,",ꪩꪳꪣ ꪣꪷ꪿,True
"quên bẵng, quên khuấy, quên lửng",ꪩꪳꪣ ꪔ꪿ꪮꪀ,False
"lượm bẵng, quên bõ, quên lửng",ꪩꪳꪣ ꪔ꪿ꪮꪀ,True
"quên bẵng, quên cục, quên xổ,",ꪩꪳꪣ ꪔ꪿ꪮꪀ,True
lần,ꪩꪳ꫁ꪣ,False
mẩn,ꪁꪳ꪿ꪙ ꪩꪳꪀ,False
mẩn,ꪁꪳ꪿ꪙ ꪄꪰ꫁ꪉ,True
hơn hẳn,ꪩꪳ꪿ꪙ ꪹꪏ,False
"hơn dự,",ꪩꪳ꪿ꪙ ꪮꪱꪀ,True
lỏi,ꪩꪳ꫁ꪙ,False
ngỗ nghịch,ꪩꪳ꫁ꪙ ꪩꪰ꪿ꪉ,False
lửng,ꪨꪳ꪿ꪉ,False
"dạn, dạn dày, chai",ꪩꪳ꫁ꪉ,False
"dạn, nhẹ toạng chai",ꪩꪳ꫁ꪉ,True
cườm,ꪹꪨꪥ,False
"vụn,",ꪋꪺ,True
sườn dốc,ꪹꪨ꪿ꪥ,False
"sườn bên,",ꪹꪨ꪿ꪥ,True
"sườn tợn,",ꪎꪚꪴ,True
trễ,ꪹꪨ꪿ꪥ,False
xiết,ꪹꪨ꪿ꪥ,True
xũ,ꪹꪨ꪿ꪥ,False
tỉa,ꪹꪩ꪿ꪥ,False
cốn,ꪹꪩ꪿ꪥ,True
nãn,ꪹꪩ꪿ꪥ,True
"chọn, lựa",ꪹꪩꪀ,False
kén,ꪹꪩꪀ,False
côi,ꪹꪩꪀ,True
nhặt,ꪹꪩꪀ,False
lừa,ꪹꪩꪀ,False
"chọt,",ꪹꪩꪀ,True
trăn,ꪹꪨꪣ,False
chờm,ꪹꪨ꪿ꪣ,False
bù trì,ꪹꪨ꪿ꪣ ꪵꪊ,False
bù trì,ꪹꪨ꪿ꪣ ꪮꪸ꪿ꪣ,True
trôi bồng bềnh,ꪹꪨ꪿ꪣ ꪼꪨ,False
trôi tuốt bềnh,ꪹꪨ꪿ꪣ ꪼꪨ,True
lũ lượt,ꪹꪨ꪿ꪣ ꪼꪨ,False
tuông lượt,ꪶꪤꪀ ꪹꪜ꪿ꪱ,True
bợ lượt,ꪹꪨ꪿ꪣ ꪼꪨ,True
giậm giật,ꪹꪨ꫁ꪣ,False
lượn,ꪹꪨ꫁ꪣ,False
"nhấp nháy, hấp háy",ꪹꪨ꫁ꪣ ꪀꪤꪱꪚ ꪀꪤꪱꪚ,False
"nhấp nháy, hấp khoan",ꪹꪨ꫁ꪣ ꪀꪤꪱꪚ ꪀꪤꪱꪚ,True
nhấp nhoang hấp háy,ꪹꪭꪷꪥ ꪀꪤꪱꪚ ꪀꪤꪱꪚ,True
giun đất,ꪹꪨꪙ,False
"chói, chóa, choáng, quáng",ꪹꪨ꫁ꪙ,False
"chói, chóa, xoe quáng",ꪹꪨ꫁ꪙ,True
sáng,ꪹꪨ꫁ꪙ,False
nãn,ꪶꪖꪉ,True
bóng,ꪹꪨ꫁ꪙ,False
"lấp lánh, óng ánh, sáng loáng",ꪹꪨ꫁ꪙ ꪣꪱꪚ ꪣꪱꪚ,False
"lấp lánh, óng ánh, lánh, loáng",ꪹꪨ꫁ꪙ ꪣꪱꪚ ꪣꪱꪚ,True
"bóng loáng, bóng láng, bóng nhoáng",ꪹꪨ꫁ꪙ ꪣꪱꪚ ꪣꪱꪚ,False
lấp loáng,ꪹꪨ꫁ꪙ ꪣꪱꪚ ꪣꪲꪚ,False
"lấp đổ,",ꪹꪨ꫁ꪙ ꪣꪱꪚ ꪣꪲꪚ,True
bóng lộn,ꪹꪨ꫁ꪙ ꪵꪣꪚ ꪵꪣꪚ,False
càng lộn,ꪹꪨ꫁ꪙ ꪵꪣꪚ ꪵꪣꪚ,True
"lung linh, long lanh",ꪹꪨ꫁ꪙ ꪠꪱꪙ ꪠꪲꪙ,False
"lung linh, long lanh",ꪶꪏꪥ ꪠꪱꪙ ꪠꪲꪙ,True
"giữa linh, long lanh",ꪹꪨ꫁ꪙ ꪮꪴ ꪠꪲꪙ,True
rưng rưng,ꪹꪩ꪿ꪙ ꪹꪩ꪿ꪙ,False
lênh láng,ꪹꪩ꪿ꪙ ꪹꪩ꪿ꪙ,False
lênh láng,ꪹꪩ꪿ꪙ ꪥ꪿ꪱꪙ,True
vàng,ꪹꪨꪉ,False
nhợt,ꪹꪨꪉ,False
lương,ꪹꪨꪉ,False
"dột,",ꪹꪨꪉ,True
vàng óng,ꪹꪨꪉ ꪊ꫁ꪱꪥ ꪊ꫁ꪱꪥ,False
vàng óng,ꪹꪨꪉ ꪯꪏꪳꪣ ꪊ꫁ꪱꪥ,True
sém,ꪹꪨꪉ ꪹꪀ꫁ꪣ,False
"ngỏ,",ꪹꪨꪉ ꪹꪀ꫁ꪣ,True
vàng sặm,ꪹꪨꪉ ꪒ꫁ꪱꪥ,False
đùa sặm,ꪹꪨꪉ ꪒ꫁ꪱꪥ,True
"vàng ệnh, vàng ạnh",ꪹꪨꪉ ꪵꪯꪣ ꪵꪯꪣ,False
"vàng ệnh, bên, ạnh",ꪹꪨꪉ ꪵꪯꪣ ꪵꪯꪣ,True
"vàng ệnh, cựa ạnh",ꪹꪨꪉ ꪵꪯꪣ ꪵꪯꪣ,True
xanh xao,ꪹꪨꪉ ꪵꪯꪣꪚ,False
xanh đuôi,ꪹꪨꪉ ꪵꪯꪣꪚ,True
vàng nhạt,ꪹꪨꪉ ꪵꪭ꪿ꪣ,False
vàng mơ,ꪹꪨꪉ ꪹꪯꪷ ꪹꪕꪷꪒ,False
"lặc xăng,",ꪹꪨꪉ ꪹꪯꪷ ꪹꪕꪷꪒ,True
vàng khè,ꪹꪨꪉ ꪹꪯꪷ꫁ ꪹꪭꪷ꫁,False
vàng xoãi,ꪹꪨꪉ ꪹꪯꪷ꫁ ꪹꪭꪷ꫁,True
nhợt nhạt,ꪹꪨꪉ ꪵꪝꪣ ꪵꪝꪣ,False
nhợt nhạt,ꪹꪨꪉ ꪵꪝꪣ ꪹꪘꪸꪚ,True
vàng ói,ꪹꪨꪉ ꪠ꪿ꪱꪣ,False
vàng khoái,ꪑꪾ꪿ ꪉꪰꪀ,True
"lương bổng, lương tiền",ꪹꪨꪉ ꪕꪸꪙ,False
lương chẹo lương tiền,ꪹꪨꪉ ꪕꪸꪙ,True
"khẳn bổng, lương bọ",ꪹꪨꪉ ꪵꪝꪒ,True
vàng ối,ꪹꪨꪉ ꪏꪱꪉ,False
"cốc, ối",ꪹꪨꪉ ꪏꪱꪉ,True
vàng ửng,ꪹꪨꪉ ꪵꪎꪒ,False
vàng cúc,ꪹꪨꪉ ꪵꪎꪒ,True
lưỡng lự,ꪹꪨ꪿ꪉ ꪩꪱ,False
lưỡng lự,ꪹꪨ꪿ꪥ ꪩꪱ,True
tình huống,ꪹꪩꪉ,False
"tình giỡ,",ꪹꪩꪉ,True
liếc,ꪹꪨꪒ,False
xớt,ꪹꪨꪒ,True
liếc,ꪵꪣ꫁ꪫ,True
liếc mắt đưa tình,ꪹꪨꪒ ꪼꪨ,False
liếc vút đưa tình,ꪙꪴꪙ ꪼꪨ,True
liếc mắt đưa tình,ꪮ꫁ꪮꪙ ꪼꪨ,True
liếc tình,ꪹꪨꪒ ꪵꪏꪒ,False
liếc mán,ꪹꪨꪒ ꪵꪏꪒ,True
máu,ꪹꪩꪒ,False
tiết,ꪹꪩꪒ,False
tiết canh,ꪹꪩꪒ,False
tiết nóng,ꪹꪩꪒ,True
máu me,ꪹꪩꪒ ꪤꪱꪉ,False
nghẹn me,ꪹꪩꪒ ꪶꪜꪀ꫁ꪉ,True
máu cam,ꪹꪩꪒ ꪒꪰꪉ,False
tiết canh,ꪹꪩꪒ ꪔ꫁ꪱ,False
riêng canh,ꪹꪩ꪿ꪥ ꪔ꫁ꪱ,True
nhòm canh,ꪹꪩꪒ ꪔ꫁ꪱ,True
kẽ,ꪨꪳꪚ,False
"đoản,",ꪨꪳꪚ,True
xó,ꪨꪳꪚ,False
thế giới của thiên thần,ꪨꪳꪚ ꪠꪱ,False
thế giới của nhĩ thần,ꪨꪳꪚ ꪠꪱ,True
chiêu giới của thiên thần,ꪨꪳꪚ ꪠꪱ,True
"ngập, tràn ngập",ꪩꪳꪚ,False
"ngập, tràn ngập",ꪣꪲ꪿ꪙ,True
"phản phúc, phản trắc",ꪩꪳꪚ ꪠꪱꪙ,False
"phản phúc, giặc, trắc",ꪩꪳꪚ ꪠꪱꪙ,True
ngập lụt,ꪩꪳꪚ ꪶꪖꪣ,False
lấp liếm,ꪩꪳꪚ ꪶꪖꪣ,False
"nhấc, liếm",ꪩꪳꪚ ꪶꪖꪣ,True
lấp liếm,ꪅꪰꪀ ꪶꪖꪣ,True
xòe,ꪪꪱ,False
to bè,ꪪꪱ,False
hẩy bè,ꪪꪱ,True
to chứ,ꪪꪱ,True
túm,ꪪꪱ,False
dòng họ,ꪪ꫁ꪱ,False
hùm họ,ꪪ꫁ꪱ,True
giãy họ,ꪪ꫁ꪱ,True
dòng dõi,ꪪ꫁ꪱ ꪵꪙꪫ,False
sải,ꪫꪱ,False
sải,ꪹꪭꪸꪀ,True
dang,ꪫꪱ,False
thị,ꪫꪱ,True
đo,ꪫꪱ,False
hạn,ꪫꪱ,True
non một sải,ꪫꪱ ꪤ꪿ꪮꪙ,False
non một sải,ꪉꪰꪒ ꪤ꪿ꪮꪙ,True
non một ướt,ꪫꪱ ꪤ꪿ꪮꪙ,True
một sải và một đoạn bằng cánh tay,ꪫꪱ ꪵꪄꪙ,False
dưng sải quẻ một đoạn bằng gay tay,ꪫꪱ ꪵꪄꪙ,True
già một sải,ꪫꪱ ꪵꪉ꫁ꪙ,False
già một sải,ꪫꪱ ꪹꪜꪷ꪿ꪙ,True
một sải rưỡi,ꪫꪱ ꪹꪡ꫁ꪉ,False
"một sải hãm,",ꪫꪱ ꪹꪡ꫁ꪉ,True
lôm sải trân,ꪫꪱ ꪹꪡ꫁ꪉ,True
"tất tưởi, tất tả",ꪫꪱ ꪫꪲ,False
tất giỏng tất tả,ꪫꪱ ꪫꪲ,True
một sải và một đoạn bằng già nửa cánh tay,ꪫꪱ ꪎꪮꪀ,False
"một bỉm, và một đoạn bằng già nửa cánh tay",ꪫꪱ ꪎꪮꪀ,True
nói,ꪫ꪿ꪱ,False
nếu,ꪫ꪿ꪱ,False
"đã, hễ",ꪫ꪿ꪱ,False
"đã, hễ",ꪒ꫁ꪱꪉ,True
là,ꪫ꪿ꪱ,False
dây,ꪫ꪿ꪱ,True
nói dối,ꪫ꪿ꪱ ꪵꪚ꫁ꪫ,False
nói cua,ꪫ꪿ꪱ ꪵꪚ꫁ꪫ,True
nói xấu,ꪫ꪿ꪱ ꪭ꫁ꪱꪥ,False
nói khoác,ꪫ꪿ꪱ ꪩ꫁ꪱ,False
"nói sém,",ꪫ꪿ꪱ ꪩ꫁ꪱ,True
nói điêu,ꪫ꪿ꪱ ꪩ꫁ꪱ,False
nói điêu,ꪫ꪿ꪱ ꪖꪱꪚ,True
nói không,ꪫ꪿ꪱ ꪩ꫁ꪱ,False
nói không,ꪁ꪿ꪱ ꪩ꫁ꪱ,True
nói giũ,ꪫ꪿ꪱ ꪩ꫁ꪱ,True
nói quanh,ꪫ꪿ꪱ ꪜꪲ꫁ꪙ,False
nói quanh,ꪹꪁꪸ ꪜꪲ꫁ꪙ,True
nói thật,ꪫ꪿ꪱ ꪵꪕ꫁,False
đáo thật,ꪫ꪿ꪱ ꪵꪕ꫁,True
"huống chi, huống hồ",ꪫ꪿ꪱ ꪎꪰꪉ,False
"huống chi, huống liềm,",ꪫ꪿ꪱ ꪎꪰꪉ,True
nói mát,ꪫ꪿ꪱ ꪎꪸꪒ,False
nói thẳng,ꪫ꪿ꪱ ꪏꪳ꪿,False
nói giập,ꪹꪥ꫁ꪥ ꪏꪳ꪿,True
mây,ꪪꪱꪥ,False
mây,ꪙ꫁ꪽ,True
song,ꪪꪱꪥ ꪹꪩꪱ,False
chèo,ꪪ꫁ꪱꪥ,False
bù loa,ꪫꪱꪥ ꪫꪱꪀ,False
òa,ꪫꪱꪀ ꪫꪱꪥ,False
òa,ꪝꪰꪀ ꪫꪱꪥ,True
ngọt,ꪪꪱꪙ,False
tách,ꪪꪱꪙ,True
mừa muối,ꪪꪱꪙ ꪹꪀ,False
bậc muối,ꪹꪕꪸ ꪹꪀ,True
nhạt nhạt,ꪪꪱꪙ ꪣ꪿ꪱ,False
thanh thản,ꪪꪱꪙ ꪎ꪿ꪱꪉ,False
chuồi thản,ꪜꪮꪉ ꪎ꪿ꪱꪉ,True
thanh thản,ꪵꪩ꫁ꪫ ꪎ꪿ꪱꪉ,True
ngọt miệng,ꪪꪱꪙ ꪶꪎꪚ,False
ngọt giọng,ꪪꪱꪙ ꪶꪎꪚ,False
vãi,ꪪ꪿ꪱꪙ,False
gieo,ꪪ꪿ꪱꪙ,False
rắc,ꪪ꪿ꪱꪙ,False
ngỡn:,ꪪ꪿ꪱꪙ,True
vung vãi,ꪪ꪿ꪱꪙ ꪹꪫꪸ,False
"bừa bãi, lung tung",ꪪ꪿ꪱꪙ ꪹꪫꪸ,False
suỵt mầm lung tung,ꪪ꪿ꪱꪙ ꪹꪫꪸ,True
"bừa hộc, lung tung",ꪪ꪿ꪱꪙ ꪶꪀ꪿ꪉ,True
lùa,ꪪ꫁ꪱꪙ,False
lùa,ꪹꪜꪸ꪿ꪉ,True
"tống, trút",ꪪ꫁ꪱꪙ,False
nhờ,ꪫꪱꪙ,False
vệt,ꪫ꪿ꪱꪙ,False
vấy,ꪫ꪿ꪱꪙ,False
nhem nhuốc,ꪫ꪿ꪱꪙ,False
sóng nhuốc,ꪫ꪿ꪱꪙ,True
vạn,ꪫ꫁ꪱꪙ,False
dập,ꪵꪣ꪿ꪙ,True
"rảnh, thư",ꪪꪱꪉ,False
thững thư,ꪪꪱꪉ,True
đau thư,ꪪꪱꪉ,True
"rảnh rỗi, thư thả",ꪪꪱꪉ ꪹꪊ,False
"rảnh ngạnh, thư thả",ꪪꪱꪉ ꪹꪊ,True
nhàn rỗi,ꪪꪱꪉ ꪹꪊ,False
rảnh tay,ꪪꪱꪉ ꪣꪳ,False
nháo nhác,ꪪꪱꪉ ꪪ꫁ꪱ,False
khe,ꪪ꪿ꪱꪉ,False
rỗi,ꪪ꪿ꪱꪉ,False
vất vưởng,ꪪ꪿ꪱꪉ ꪪꪱ,False
vất vưởng,ꪪ꪿ꪱꪉ ꪹꪄꪸ꪿ꪙ,True
vất thít,ꪪ꪿ꪱꪉ ꪪꪱ,True
"kẽ, khe",ꪪ꪿ꪱꪉ ꪪꪱꪀ,False
bỏ,ꪫꪱꪉ,False
để,ꪫꪱꪉ,False
để,ꪘꪱꪙ,True
buông,ꪫꪱꪉ,False
tấn,ꪫꪱꪉ,True
"bỏ hoang, bỏ hóa",ꪫꪱꪉ ꪹꪭ꫁,False
bỏ ăn,ꪫꪱꪉ ꪹꪄꪱ꫁,False
bỏ ăn,ꪫꪱꪉ ꪹꪯꪸꪣ,True
bỏ mình,ꪫꪱꪉ ꪣꪷ꪿,False
đầu mình,ꪫꪱꪉ ꪣꪷ꪿,True
bỏ bẵng,ꪫꪱꪉ ꪢꪮꪉ,False
bỏ bẵng,ꪛ꪿ꪮꪥ ꪢꪮꪉ,True
cai sữa,ꪫꪱꪉ ꪮꪴꪀ,False
thòng sữa,ꪫꪱꪉ ꪮꪴꪀ,True
cai sữa,ꪹꪄ ꪮꪴꪀ,True
bỏ qua,ꪫꪱꪉ ꪎꪸ,False
men rượu nếp,ꪫ꫁ꪱꪉ,False
loà rượu toang,ꪫ꫁ꪱꪉ,True
cữ nước,ꪫ꫁ꪱꪉ,False
xẻ,ꪵꪪ꪿ꪉ,False
xẻ,ꪹꪉꪷꪙ,True
"sẻ, sót",ꪵꪪ꪿ꪉ,False
chia xẻ,ꪵꪪ꪿ꪉ,False
chia sẻ tấm lòng,ꪵꪪ꪿ꪉ ꪻꪊ,False
chia sẻ toanh lòng,ꪵꪪ꪿ꪉ ꪻꪊ,True
chia sẻ,ꪵꪪ꪿ꪉ ꪜꪽ,False
chia bống,ꪵꪪ꪿ꪉ ꪵꪠꪒ,True
chia sẻ,ꪵꪪ꪿ꪉ ꪹꪠꪷꪙ,True
xẻ chân chim,ꪵꪪ꪿ꪉ ꪵꪪ,False
nhung chân chim,ꪵꪪ꪿ꪉ ꪵꪪ,True
quành,ꪵꪫ꪿ꪉ,False
bọc hậu,ꪵꪫ꪿ꪉ ꪨꪰꪉ,False
vòng hậu,ꪵꪫ꪿ꪉ ꪨꪰꪉ,True
"bọc cút,",ꪵꪫ꪿ꪉ ꪨꪰꪉ,True
giội,ꪫꪱꪫ,False
lia,ꪫꪱꪫ,False
"ào, tràn",ꪫꪱꪫ,False
nón tràn,ꪫꪱꪫ,True
hun,ꪫꪱꪫ,False
bừng bừng,ꪫꪱꪫ ꪫꪱꪫ,False
bừng bừng,ꪮꪱꪣ ꪫꪱꪫ,True
ào ào,ꪫꪱꪫ ꪫꪱꪫ,False
vạt,ꪫꪱꪒ,False
lề thói,ꪫꪱꪒ,False
lề rơi,ꪫꪱꪒ,True
óp,ꪹꪫꪱ꪿,False
nói,ꪹꪫꪱ꫁,False
rung,ꪼꪪ,False
rung rung,ꪼꪪ ꪮ꫁ꪮꪙ ꪵꪮ꫁ꪙ,False
rung rung,ꪼꪪ ꪶꪮ꫁ꪙ ꪹꪮꪸ꫁ꪙ,False
rung rung,ꪣꪱꪉ ꪶꪮ꫁ꪙ ꪹꪮꪸ꫁ꪙ,True
"rung hộ,",ꪼꪪ ꪩꪺꪣ ꪹꪮꪸ꫁ꪙ,True
dập dềng,ꪼꪪ ꪮ꫁ꪺꪙ ꪘ꫁ꪺꪙ,False
chủi dềng,ꪼꪪ ꪮ꫁ꪺꪙ ꪘ꫁ꪺꪙ,True
núng nính,ꪼꪪ ꪮ꫁ꪺꪙ ꪘ꫁ꪺꪙ,False
"núng quành,",ꪼꪪ ꪮ꫁ꪺꪙ ꪗꪩꪴꪥ,True
núng nính,ꪤꪱ ꪮ꫁ꪺꪙ ꪘ꫁ꪺꪙ,True
rung chuyển,ꪼꪪ ꪮ꫁ꪺꪙ ꪘ꫁ꪺꪙ,False
dã chuyển,ꪼꪪ ꪮ꫁ꪺꪙ ꪘ꫁ꪺꪙ,True
cầu,ꪼꪪ꫁,False
bày tỏ,ꪼꪪ꫁ ꪀ꪿ꪱꪫ,False
yêu cầu,ꪼꪪ꫁ ꪁꪮꪉ,False
yêu cầu,ꪶꪓꪙ ꪁꪮꪉ,True
thỉnh cầu,ꪼꪪ꫁ ꪹꪭꪱ,False
tễnh cầu,ꪼꪪ꫁ ꪹꪭꪱ,True
cầu khẩn,ꪼꪪ꫁ ꪫꪱꪙ,False
cầu khẩn,ꪵꪜꪫ ꪫꪱꪙ,True
để,ꪼꪫ꫁,False
giữ,ꪼꪫ꫁,False
bóng,ꪼꪫ꫁,True
lại,ꪼꪫ꫁,False
sẵn,ꪼꪫ꫁,False
nhằm,ꪼꪫ꫁,False
để lòng,ꪼꪫ꫁ ꪻꪊ,False
để lòng,ꪼꪫ꫁ ꪄꪺꪙ,True
"lượn, lòng",ꪼꪫ꫁ ꪻꪊ,True
để giống,ꪼꪫ꫁ ꪹꪋ꫁,False
để mờm,ꪼꪫ꫁ ꪹꪋ꫁,True
để tội,ꪼꪫ꫁ ꪬꪺ,False
"để kĩ,",ꪼꪫ꫁ ꪬꪺ,True
để không,ꪼꪫ꫁ ꪩ꫁ꪱ,False
để không,ꪩꪲ꫁ꪉ ꪩ꫁ꪱ,True
để bụng,ꪼꪫ꫁ ꪜꪴꪣ,False
"vọc, tron",ꪫꪰꪀ,False
"vọc, đẹp",ꪫꪰꪀ,True
thọc,ꪫꪰꪀ,False
móc,ꪫꪰꪀ,False
"cân,",ꪫꪰꪀ,True
chọc sàn,ꪫꪰꪀ ꪎꪱꪫ,False
chọc sàn,ꪫꪰꪀ ꪛꪱꪉ,True
văn,ꪪꪽ,False
"mưu, mưu đồ",ꪪꪽ,False
văn hòa,ꪪꪽ ꪕꪱꪥ,False
văn thoáng,ꪪꪽ ꪕꪱꪥ,True
nhanh,ꪫꪽ,False
"chóng, mau",ꪫꪽ,False
cợn mau,ꪫꪽ,True
tọt,ꪫ꫁ꪽ,False
vặn,ꪫ꫁ꪽ,False
vặn,ꪫ꫁ꪽ,False
vằn vèo,ꪫ꫁ꪽ ꪵꪫ꫁,False
y vèo,ꪫ꫁ꪽ ꪵꪫ꫁,True
ngoằn ngoèo,ꪫ꫁ꪽ ꪵꪫ꫁,False
ngoằn ngoèo,ꪫ꫁ꪽ ꪥ꪿ꪱ,True
vặn vẹo,ꪫ꫁ꪽ ꪵꪫ꫁,False
vắng,ꪪꪰ꪿ꪉ,False
"rọi,",ꪅꪙꪰ꫁ꪉ,True
"khuất bóng, khuất núi",ꪪꪰ꪿ꪉ,False
"lồi bóng, phình, núi",ꪪꪰ꪿ꪉ,True
vũng,ꪫꪰꪉ,False
vũng,ꪏ꫁ꪱꪥ,True
vực,ꪫꪰꪉ,False
huỳnh,ꪫꪰꪉ,True
vực,ꪄꪤꪮꪉ,True
bể máu,ꪫꪰꪉ ꪹꪩꪒ,False
huy hoàng,ꪫꪰꪉ ꪻꪎ,False
bổ,ꪫꪾꪚ,False
híp,ꪫꪾꪚ,True
bươn,ꪫꪾꪚ,False
một mạch,ꪫꪾꪚ ꪫꪾꪚ,False
trăn mạch,ꪫꪾꪚ ꪫꪾꪚ,True
"một khuâng,",ꪫꪾꪚ ꪫꪾꪚ,True
cúm,ꪪꪰꪒ,False
nẫu,ꪼꪢ꫁,True
"nhức đầu sổ mũi, hắt hơi sổ mũi",ꪪꪰꪒ ꪼꪮ,False
"nhức hầm, sổ trửng hắt hơi sổ mũi",ꪪꪰꪒ ꪼꪮ,True
"quả, đầu sổ mũi, hắt hơi sổ mũi",ꪹꪣ꪿ ꪼꪮ,True
Phật,ꪫꪰꪒ,False
quại,ꪫꪰꪒ,False
lộn,ꪫꪰꪒ,False
vẽ,ꪵꪪ꫁,False
vẽ,ꪋꪮꪀ,True
ốc,ꪁꪴ꫁ꪣ,True
vẽ vời,ꪵꪪ꫁ ꪪ꪿ꪮꪉ,False
vẽ chì,ꪵꪪ꫁ ꪹꪄꪸꪚ,True
ngăn,ꪵꪫ,False
"nghỉ chân, ghé",ꪵꪫ꪿,False
"đảo, tạt, tắp",ꪵꪫ꪿,False
"yêu, thừa tắp",ꪵꪫ꪿,True
khoáy,ꪵꪫ꫁,False
vòng,ꪵꪪꪙ,False
vòng,ꪹꪁꪷꪝꪥ,True
nhẫn,ꪵꪪꪙ ꪣꪳ,False
nhẫn,ꪹꪩ꪿ꪙ ꪉꪱꪒ,True
bè bè,ꪵꪪꪙ ꪵꪪ,False
"lình, bè",ꪎꪲ꪿ꪀ ꪵꪪ,True
vòng nhỏ,ꪵꪪ꫁ꪙ,False
lại,ꪵꪫꪙ,False
hơi,ꪵꪫꪙ,False
hơi,ꪀꪫꪸꪒ,True
"đỡ, hơn",ꪵꪫꪙ,False
rong hơn,ꪵꪫꪙ,True
kíng,ꪵꪫ꪿ꪙ,False
"đảo,",ꪵꪫ꪿ꪙ,True
gương,ꪵꪫ꪿ꪙ,False
"kính, kính mắt",ꪵꪫ꪿ꪙ ꪔꪱ,False
kính râm,ꪵꪫ꪿ꪙ ꪔꪱ ꪵꪒꪒ,False
kính râm,ꪵꪫ꪿ꪙ ꪜ꪿ꪮꪣ ꪵꪒꪒ,True
kính râm,ꪵꪫ꪿ꪙ ꪹꪀꪱ ꪵꪒꪒ,True
kính lão,ꪵꪫ꪿ꪙ ꪔꪱ ꪹꪖꪱ꫁,False
kính lão,ꪹꪨ ꪔꪱ ꪹꪖꪱ꫁,True
gương sáng,ꪵꪫ꪿ꪙ ꪵꪏꪉ,False
nọ sáng,ꪵꪫ꪿ꪙ ꪹꪈꪱ,True
giãy sáng,ꪵꪫ꪿ꪙ ꪵꪏꪉ,True
"gương mẫu, mẫu mực",ꪵꪫ꪿ꪙ ꪵꪏꪉ,False
"gương mẫu, mẫu mực",ꪄꪮꪙ ꪵꪏꪉ,True
vèo vèo,ꪵꪫꪫ ꪵꪫꪫ,False
"mím, vèo",ꪵꪫꪫ ꪵꪫꪫ,True
oe oe,ꪵꪫꪫ ꪵꪫꪫ,False
chụm oe,ꪵꪫꪫ ꪵꪫꪫ,True
"mẻ, sứt",ꪵꪫ꪿ꪫ,False
tì,ꪵꪫꪒ,False
đặt,ꪵꪫꪒ,False
khèo,ꪹꪅꪸ,True
ngã lòng,ꪹꪫꪸ ꪻꪊ,False
rộng hoác,ꪹꪫꪸꪀ,False
rộng òm,ꪹꪫꪸꪀ,True
toang toác,ꪹꪫꪸꪀ ꪫꪱꪥ,False
huếch hoác,ꪹꪫꪸ꫁ ꪫꪰ꪿ꪉ,False
ngày,ꪹꪫꪸꪙ,False
kê,ꪹꪫꪸꪙ,True
trưa,ꪹꪫꪸꪙ,False
"đườn,",ꪹꪫꪸꪙ,True
"sớm tối, sớm khuya",ꪹꪫꪸꪙ ꪁꪳꪙ,False
mai rày,ꪹꪫꪸꪙ ꪝꪴꪀ,False
lánh,ꪹꪫꪸ꫁ꪙ,False
tránh được,ꪹꪫꪸ꫁ꪙ ꪀꪱꪥ,False
trốn tránh,ꪹꪫꪸ꫁ꪙ ꪝ꪿ꪱꪥ,False
loạng choạng,ꪹꪫꪸ꪿ꪉ ꪹꪫꪸ,False
loạng choạng,ꪹꪯꪷ꪿ ꪹꪫꪸ,True
lược,ꪪꪲ,False
cọm,ꪪꪲ,True
lược thưa,ꪪꪲ ꪬ꪿ꪱꪉ,False
"bõm, thưa",ꪎꪨꪲꪒ ꪬ꪿ꪱꪉ,True
"lược bí, lược mau",ꪪꪲ ꪖꪰꪒ,False
"lược bí, lược mau",ꪹꪁꪷꪀ ꪖꪰꪒ,True
"lách bí, lược mau",ꪪꪲ ꪙꪾ,True
quạt,ꪫꪲ,False
quạt,ꪥꪱꪥ,True
quạt,ꪫꪲ,False
quạt,ꪹꪎꪙ,True
thảm thiết,ꪫꪲ ꪫꪱꪥ,False
quạt nãn,ꪫꪲ ꪎꪱꪙ,False
việc,ꪫꪸꪀ,False
khố,ꪫꪸꪀ,True
lết,ꪫꪸꪀ,True
chuyện,ꪫꪸꪀ,False
viễn,ꪪꪸ꫁ꪙ,False
vấn,ꪫꪸꪙ,False
bành,ꪫꪸꪉ,False
cháu,ꪫꪸꪉ,True
"lũy, chiến lũy, thành",ꪫꪸꪉ,False
"lũy, chiến lũy, thành",ꪵꪙꪫ,True
sắt mẻ,ꪪꪲ꫁ꪙ ꪵꪫ꪿ꪫ,False
"đưa, đung đưa",ꪫꪲ꪿ꪉ,False
"đưa, ngốn, đưa",ꪫꪲ꪿ꪉ,True
đu,ꪫꪲ꪿ꪉ,False
"mối,",ꪫꪲ꪿ꪉ,True
dấn thân,ꪫꪲ꪿ꪉ ꪁꪲꪉ,False
dấn nghiêng,ꪫꪲ꪿ꪉ ꪁꪲꪉ,True
lặc thân,ꪫꪲ꪿ꪉ ꪁꪲꪉ,True
"bâng khuâng, xốn xang",ꪫꪲ꪿ꪉ ꪫꪮꪙ,False
"bâng thò nhún, xang",ꪫꪲ꪿ꪉ ꪫꪮꪙ,True
rít,ꪪꪲꪒ ꪪꪲꪒ,False
rít,ꪣ꪿ꪽ ꪪꪲꪒ,True
té,ꪫꪲꪒ,False
té,ꪹꪁꪸ꪿ꪉ,True
vi vút,ꪫꪲꪫ ꪫꪲꪫ,False
tênh tênh,ꪫꪲꪫ ꪫꪲꪫ,False
tênh tênh,ꪙꪱꪣ ꪫꪲꪫ,True
lép bép,ꪵꪫꪩꪒ ꪵꪫꪩꪒ,False
lép sệch,ꪵꪫꪩꪒ ꪵꪫꪩꪒ,True
bon,ꪫꪷ꪿,False
giòn,ꪫꪷ꪿,False
"bay bổng, bổng",ꪫꪷ꪿,False
nỏ mồm,ꪫꪷ꪿ ꪶꪎꪚ,False
nỏ mồm,ꪶꪛ ꪶꪎꪚ,True
nhem nhẻm,ꪫ꫁ꪮꪥ ꪫ꫁ꪮꪥ,False
nhem nhẻm,ꪫ꫁ꪮꪥ ꪹꪏ,True
véo veon,ꪫꪮꪙ,False
vầng veon,ꪫꪮꪙ,True
"nhớ nhung, nhớ thương",ꪫꪮꪙ,False
vòng,ꪫꪮꪉ,False
vòng,ꪬꪫꪱ,True
bâng bâng,ꪫ꪿ꪮꪉ ꪫ꪿ꪮꪉ,False
văn vẳng,ꪫ꪿ꪮꪉ ꪫ꪿ꪮꪉ,False
vi vu,ꪫ꪿ꪮꪉ ꪫ꪿ꪮꪉ,False
võng,ꪫ꫁ꪮꪉ,False
cáng,ꪫ꫁ꪮꪉ,False
kiệu tay,ꪫ꫁ꪮꪉ ꪣꪳ,False
"mọn, ví,",ꪫ꫁ꪮꪉ ꪣꪳ,True
choang,ꪫꪮꪚ,False
óp xọp,ꪫꪮꪚ ꪹꪫꪱ꪿,False
óp thừng,ꪫꪮꪚ ꪹꪫꪱ꪿,True
xóp xọp,ꪫꪮꪚ ꪵꪫꪚ,False
chứ,ꪹꪩꪸ,False
loảng,ꪹꪩꪸ,True
hả,ꪹꪫꪷꪥ,False
vũng,ꪹꪫꪷ꪿ꪙ,False
vũng,ꪄꪐꪱꪀ,True
"xỏ,",ꪹꪫꪷ꪿ꪙ,True
uyển chuyển,ꪹꪫꪷ꪿ꪙ ꪹꪫꪷ꪿ꪙ,False
lượn lờ,ꪹꪫꪷ꪿ꪙ ꪹꪫꪷ꪿ꪙ,False
lượn lờ,ꪹꪫꪷ꪿ꪙ ꪹꪠꪷ꪿ꪉ,True
hàng rào quây,ꪹꪫꪷꪉ,False
chai bợn quây,ꪹꪫꪷꪉ,True
hàng rào nghe,ꪹꪫꪷꪉ,True
lín đáo,ꪹꪫꪷꪒ,False
cú đáo,ꪹꪫꪷꪒ,True
lật mặt,ꪹꪫꪷꪒ ꪻꪊ,False
lật mặt,ꪹꪫꪷꪒ ꪎꪴꪣ,True
vẩn vơ,ꪹꪫꪷꪒ ꪹꪫꪷ,False
chờn vờn,ꪹꪫꪷꪒ ꪹꪫꪷ,False
giam vờn,ꪹꪫꪷꪒ ꪹꪫꪷ,True
lởn vởn,ꪹꪫꪷꪒ ꪹꪫꪷ,False
vạt vởn,ꪹꪫꪷꪒ ꪹꪫꪷ,True
lởn khoa,ꪹꪫꪷꪒ ꪹꪫꪷ,True
vuông,ꪪꪺꪉ,False
"chạp,",ꪪꪺꪉ,True
quậy,ꪫꪳꪒ,False
vùng vằng,ꪫꪳꪒ ꪫ꫁ꪱꪫ,False
vùng vằng,ꪫꪳꪒ ꪕꪳꪒ,True
"lừ, vằng",ꪫꪳꪒ ꪫ꫁ꪱꪫ,True
vung vảy,ꪫꪳꪒ ꪫꪳꪒ,False
xõng vảy,ꪫꪳꪒ ꪫꪳꪒ,True
vùng,ꪫꪳ꫁ꪒ ꪏꪩꪰꪀ,False
kêu,ꪮꪷ,False
chuối,ꪮꪷ,True
"mọng, mọng nước",ꪮꪷ꫁ ꪔꪷ꫁,False
"mọng, mọng thờ",ꪮꪷ꫁ ꪔꪷ꫁,True
à,ꪯꪷ꪿,False
dom,ꪯꪷ꪿,True
mía,ꪮ꫁ꪮꪥ,False
mía,ꪵꪁ꪿ꪉ,True
lõi,ꪮ꫁ꪮꪥ,False
mía tía,ꪮ꫁ꪮꪥ ꪒꪾ,False
mía tía,ꪮ꫁ꪮꪥ ꪥ꫁ꪱ,True
lùng,ꪬꪱ,False
"kiếm, lần",ꪬꪱ,False
"gập, lần",ꪬꪱ,True
"kiếm, quết",ꪬꪱ,True
đòi,ꪬꪱ,False
mà,ꪬꪱ,False
"sắp, định",ꪬꪱ,False
về với,ꪬꪱ,False
về với,ꪵꪁ꫁ꪀ,True
món với,ꪬꪱ,True
về cho,ꪬꪱ,False
về cho,ꪶꪗꪒ,True
thở,ꪬꪱ ꪻꪊ,False
thở,ꪢꪲꪫ ꪻꪊ,True
thở,ꪖꪱꪥ ꪻꪊ,True
hà hơi,ꪬꪱ ꪻꪊ,False
hà xỉn,ꪐ꫁ꪱꪥ ꪻꪊ,True
"khó thở, ngạt hơi, ngạt, nghẹn thở",ꪬꪱ ꪻꪊ ꪁꪾꪚ,False
tức thở,ꪬꪱ ꪻꪊ ꪁꪰꪒ,False
e ngại,ꪬꪱ ꪻꪊ ꪁꪰꪒ,False
e ngại,ꪬꪱ ꪎꪲ ꪁꪰꪒ,True
nhờ cậy.thân thích,ꪬꪱ ꪻꪊ ꪭꪷ꪿,False
thoáng cậy.thân lụn,ꪬꪱ ꪻꪊ ꪭꪷ꪿,True
dễ chịu,ꪬꪱ ꪻꪊ ꪶꪩ꪿ꪉ,False
"thứ, vâng",ꪬꪱ ꪻꪊ ꪶꪩ꪿ꪉ,True
"chắc dạ, chắc bụng",ꪬꪱ ꪻꪊ ꪢ꫁ꪽ,False
chắc chi chắc pũ,ꪬꪱ ꪻꪊ ꪢ꫁ꪽ,True
khó thở,ꪬꪱ ꪻꪊ ꪠꪳꪒ,False
khó thở,ꪵꪔꪚ ꪩꪮꪚ ꪠꪳꪒ,True
lại sức,ꪬꪱ ꪵꪭꪉ,False
"lại lụn,mạt",ꪬꪱ ꪵꪭꪉ,True
lập gia đình,ꪬꪱ ꪹꪭꪙ,False
lập kỉnh đình,ꪬꪱ ꪹꪭꪙ,True
"đi bước nữa, tái giá",ꪬꪱ ꪹꪭꪙ ꪻꪢ꪿,False
"đi bước côi ồ, giá",ꪬꪱ ꪹꪭꪙ ꪻꪢ꪿,True
"cơn, trận",ꪬ꪿ꪱ,False
chan trận,ꪬ꪿ꪱ,True
màu,ꪬ꪿ꪱ,False
ơi,ꪬ꪿ꪱ,False
nước phân chuồng,ꪬ꪿ꪱ ꪚ꫁ꪱꪙ,False
sẫm phân chuồng,ꪶꪝ꫁ ꪚ꫁ꪱꪙ,True
phong trào,ꪬ꪿ꪱ ꪡꪮꪉ,False
phong trào,ꪬ꪿ꪱ ꪶꪒ,True
"năm, lăm, nhăm",ꪬ꫁ꪱ,False
năm mươi,ꪬ꫁ꪱ ꪎꪲꪚ,False
năm mươi,ꪬ꫁ꪱ ꪁꪙꪱꪚ,True
ta,ꪭꪱ,False
"dịch, dịch tễ",ꪭ꪿ꪱ,False
thòi dịch tường,ꪭ꪿ꪱ,True
toi,ꪭ꪿ꪱ,False
dọn,ꪭ꫁ꪱ,False
xua,ꪭ꫁ꪱ,False
"bay,",ꪭ꫁ꪱ,True
phá,ꪭ꫁ꪱ,False
trách,ꪵꪭ꫁ꪀ,False
trách,ꪢꪮꪀ,True
ngửa,ꪬꪱꪥ,False
"ngẩng, ngửng",ꪬꪱꪥ,False
dáng ngửng,ꪬꪱꪥ,True
"ngẩng, ngửng",ꪖꪮꪙ,True
ngước,ꪬꪱꪥ,False
"kĩ,",ꪬꪱꪥ,True
sáng,ꪬꪱꪥ,False
sáng,ꪤꪮꪒ,True
hóng,ꪬꪱꪥ,True
"giày, dép, guốc",ꪭꪱꪥ,False
"tú dép, guốc",ꪭꪱꪥ,True
giày vải,ꪭꪱꪥ ꪠ꫁ꪱꪥ,False
giày da,ꪭꪱꪥ ꪘꪰꪉ,False
giày da,ꪕꪳꪒ ꪘꪰꪉ,True
"bào thai, dạ con",ꪭꪱꪥ,False
"gio thai, huy con",ꪭꪱꪥ,True
bào đắng dạ con,ꪭꪱꪥ,True
bính,ꪭꪱꪥ,False
guốc,ꪭꪱꪥ ꪚ꫁ꪮꪣ,False
"triều,",ꪅꪴꪣ ꪚ꫁ꪮꪣ,True
dép,ꪭꪱꪥ ꪵꪤꪚ,False
dép,ꪹꪬ꪿ꪉ ꪵꪤꪚ,True
ủng,ꪭꪱꪥ ꪗꪴꪉ,False
ủng,ꪹꪀꪷꪚ ꪗꪴꪉ,True
chuyền,ꪭ꪿ꪱꪥ,False
leo trèo,ꪭ꪿ꪱꪥ,False
suông trèo,ꪭ꪿ꪱꪥ,True
xấu,ꪭ꫁ꪱꪥ,False
hỏng,ꪭ꫁ꪱꪥ,False
"dơ, bẩn",ꪭ꫁ꪱꪥ,False
hại,ꪭ꫁ꪱꪥ,False
gườm,ꪭ꫁ꪱꪥ,True
xấu,ꪭ꫁ꪱꪥ,False
lưỡi,ꪭ꫁ꪱꪥ,True
xấu,ꪭ꫁ꪱꪥ,False
luật,ꪭ꫁ꪱꪥ,True
xấu tính,ꪭ꫁ꪱꪥ ꪀꪱꪒ,False
xấu trắng,ꪭ꫁ꪱꪥ ꪀꪱꪒ,True
xấu trục,ꪼꪔ꫁ ꪀꪱꪒ,True
xấu xí,ꪭ꫁ꪱꪥ ꪹꪭꪸꪀ,False
xấu xí,ꪭ꫁ꪱꪥ ꪏ꪿ꪱꪣ,True
"tồi tàn, tiêu điều",ꪭ꫁ꪱꪥ ꪄꪱꪒ,False
"tồi tàn, đắc điều",ꪭ꫁ꪱꪥ ꪄꪱꪒ,True
xấu xa,ꪭ꫁ꪱꪥ ꪢꪮꪉ,False
xấu ập,ꪭ꫁ꪱꪥ ꪢꪮꪉ,True
tâm địa,ꪕ꫁ꪮꪉ ꪻꪊ,False
"khắc, tự, tự khắc",ꪬꪱꪀ,False
"khắc, nghệch tự khắc",ꪬꪱꪀ,True
"lề tự, an khắc",ꪬꪱꪀ,True
tủ lạnh,ꪔꪴ꫁ ꪹꪤꪸꪙ,False
vốn dĩ,ꪬꪱꪀ,False
vốn tếch,ꪬꪱꪀ,True
khác,ꪬꪱꪀ,False
"nhưng mà, nhưng",ꪬꪱꪀ ꪫ꪿ꪱ,False
"nhưng mà, sạt",ꪬꪱꪀ ꪫ꪿ꪱ,True
nhưng ràn nhưng,ꪶꪊꪀ ꪫ꪿ꪱ,True
rễ,ꪭꪱꪀ,False
rễ,ꪶꪁꪩ꫁,True
"nôn, mửa, nôn mửa",ꪭꪱꪀ,False
"nôn, sát nhặm mửa",ꪭꪱꪀ,True
"nôn, mửa, nôn thiết,",ꪭꪱꪀ,True
nôn ọe,ꪭꪱꪀ ꪛꪩ꫁ꪮꪀ,False
ha hả,ꪭꪱꪀ ꪭꪱꪀ,False
"rút, nhừ,",ꪭꪱꪀ ꪭꪱꪀ,True
"khiêng, khênh",ꪬꪱꪣ,False
"ghế, khênh",ꪬꪱꪣ,True
ương,ꪬ꪿ꪱꪣ,False
"võ vàng, xanh xao",ꪬ꪿ꪱꪣ ꪹꪨꪉ,False
"võ vàng, khừ xao",ꪘꪰꪒ ꪹꪨꪉ,True
"võ vàng, xịu, xao",ꪬ꪿ꪱꪣ ꪹꪨꪉ,True
cấm,ꪬ꫁ꪱꪣ,False
chóc,ꪬ꫁ꪱꪣ,True
káo,ꪬ꫁ꪱꪣ,True
"can, ngăn, can ngăn, gàn",ꪬ꫁ꪱꪣ,False
hãm,ꪬ꫁ꪱꪣ,False
hãm,ꪵꪁꪒ,True
"lưu,hãm, giữ",ꪬ꫁ꪱꪣ,False
cấm đoán,ꪬ꫁ꪱꪣ ꪹꪀꪷ꪿ꪣ,False
"ngăn trở, ngăn rào",ꪬ꫁ꪱꪣ ꪬꪺꪉ,False
"ngăn trở, ngăn rào",ꪋꪮꪀ ꪬꪺꪉ,True
nhỡ,ꪭꪱꪣ,False
"choai, choai choai",ꪭꪱꪣ,False
thưa,ꪭꪱꪣ,False
cách,ꪭꪱꪣ,False
"thóp,",ꪭꪱꪣ,True
xa cách,ꪭꪱꪣ ꪬ꪿ꪱꪉ,False
bỏ hóa,ꪭꪱꪣ ꪼꪬ꪿,False
ám hóa,ꪒꪲꪒ ꪼꪬ꪿,True
thái nghén,ꪭꪱꪣ ꪣꪲ,False
bọ nẹt,ꪬꪱꪙ,False
han,ꪬꪱꪙ,False
gan dạ,ꪬꪱꪙ,False
"ngõ, dạ",ꪩ꫁ꪮꪉ,True
"anh dũng, dũng cảm",ꪬꪱꪙ ꪀ꫁ꪱ,False
"anh dũng, dũng cảm",ꪥꪾ꫁ ꪀ꫁ꪱ,True
"anh miếng, dũng cảm",ꪬꪱꪙ ꪀ꫁ꪱ,True
"gan lì, gan liền",ꪬꪱꪙ ꪬ꪿ꪱ,False
"líu lì, gan liền",ꪊ꫁ꪱꪥ ꪬ꪿ꪱ,True
dũng mãnh,ꪬꪱꪉ ꪵꪣ꫁ꪉ,False
dũng mãnh,ꪬꪱꪉ ꪀꪨꪽ,True
dũng ẹo,ꪬꪱꪉ ꪵꪣ꫁ꪉ,True
gan góc,ꪬꪱꪙ ꪉꪱꪙ,False
gan góc,ꪬꪱꪙ ꪵꪏ꪿,True
thiết vụ,ꪏꪲ꫁ꪫ ꪉꪱꪙ,True
ngỗng,ꪬ꪿ꪱꪙ,False
dượng,ꪶꪩꪒ,True
dang,ꪬ꪿ꪱꪙ ꪥꪱꪉ,False
"xồm,",ꪬ꪿ꪱꪙ ꪥꪱꪉ,True
ngỗng trời,ꪬ꪿ꪱꪙ ꪡ꫁ꪱ,False
nghệ,ꪬ꫁ꪱꪙ,False
bại liệt,ꪬ꫁ꪱꪙ,False
"bại dịch,",ꪬ꫁ꪱꪙ,True
què,ꪬ꫁ꪱꪙ,False
ngải,ꪬ꫁ꪱꪙ ꪹꪨꪉ,False
ngao,ꪬ꫁ꪱꪙ ꪹꪨꪉ,True
"rồ,",ꪬ꫁ꪱꪙ ꪹꪨꪉ,True
bệnh gan,ꪬ꫁ꪱꪙ ꪎ꫁ꪱꪙ,False
bệnh trếu,ꪬ꫁ꪱꪙ ꪎ꫁ꪱꪙ,True
hàn,ꪭꪱꪙ,False
sàn,ꪭ꫁ꪱꪙ,False
sàn,ꪹꪜꪸ꪿ꪉ,True
bậc,ꪭ꫁ꪱꪙ,False
tẩn,ꪭ꫁ꪱꪙ,True
hạn,ꪭ꫁ꪱꪙ,False
"đẳng cấp, tầng lớp",ꪭ꫁ꪱꪙ ꪶꪁꪙ,False
"đẳng cấp, tầng tang,",ꪭ꫁ꪱꪙ ꪶꪁꪙ,True
"đẳng ngạt, tầng lớp",ꪭ꫁ꪱꪙ ꪶꪁꪙ,True
hạn khuống,ꪭ꫁ꪱꪙ ꪄ꪿ꪺꪉ,False
"lễ, khuống",ꪭ꫁ꪱꪙ ꪄ꪿ꪺꪉ,True
đuôi,ꪬꪱꪉ,False
tà,ꪬꪱꪉ,False
"cực,",ꪬꪱꪉ,True
tà,ꪶꪑꪉ,True
bốc phét,ꪬꪱꪉ ꪭꪲ,False
cụp đuôi,ꪬꪱꪉ ꪬꪲꪚ,False
quấy đuôi,ꪛ꪿ꪮꪥ ꪬꪲꪚ,True
đuôi nheo,ꪬꪱꪉ ꪔꪱ,False
tóc đuôi dế,ꪬꪱꪉ ꪔꪷ꪿ ꪵꪙꪒ,False
tóc chàng dế,ꪔ꪿ꪮꪙ ꪔꪷ꪿ ꪵꪙꪒ,True
thưa,ꪬ꪿ꪱꪉ,False
cách,ꪬ꪿ꪱꪉ,False
lì,ꪬ꪿ꪱꪉ,True
lang,ꪬ꪿ꪱꪉ,False
"dang dở, lỡ dở",ꪬ꪿ꪱꪉ ꪀꪱꪉ,False
"họng dở, lỡ dở",ꪬ꪿ꪱꪉ ꪀꪱꪉ,True
"trắng, dở, lỡ dở",ꪬ꪿ꪱꪉ ꪀꪱꪉ,True
cách biệt,ꪬ꪿ꪱꪉ ꪵꪭꪣ,False
cách cọt,ꪬ꪿ꪱꪉ ꪵꪭꪣ,True
thưa thớt,ꪬ꪿ꪱꪉ ꪬꪲ꪿ꪉ,False
giàn,ꪬ꫁ꪱꪉ,False
lẳn,ꪬ꫁ꪱꪉ,True
"đặt, đánh",ꪬ꫁ꪱꪉ,False
"đặt, đánh",ꪚ꪿ꪱꪉ,True
"đặt, ghép",ꪬ꫁ꪱꪉ,True
đóng,ꪬ꫁ꪱꪉ,False
vuông,ꪬ꫁ꪱꪉ,True
hằng ngày,ꪬ꫁ꪱꪉ ꪣꪳ꫁,False
máng,ꪭꪱꪉ,False
"tổ, ổ",ꪭꪱꪉ,False
dồi ổ,ꪭꪱꪉ,True
"hàng, hàng lối",ꪭꪱꪉ,False
hàng,ꪭꪱꪉ,False
sấy,ꪭꪱꪉ,False
thứ dân,ꪭꪱꪉ ꪹꪤꪸꪙ,False
thứ dân,ꪭꪱꪉ ꪨꪷ,True
tập thể,ꪭꪱꪉ ꪶꪭꪣ,False
"đỡ, thể",ꪭꪱꪉ ꪶꪭꪣ,True
ống máng,ꪭꪱꪉ ꪩꪲꪙ,False
"dây, máng",ꪭꪱꪉ ꪩꪲꪙ,True
khung,ꪭ꪿ꪱꪉ,False
hom,ꪭ꪿ꪱꪉ,False
"vóc, xác",ꪭ꪿ꪱꪉ,False
trệch xác,ꪛꪳ꫁ꪀ,True
chõ xác,ꪭ꪿ꪱꪉ,True
hoang,ꪭ꪿ꪱꪉ,False
bỏ dở,ꪭ꫁ꪱꪉ,False
bỏ dở,ꪶꪁ꪿,True
li dị,ꪭ꫁ꪱꪉ,False
li lươm,ꪭ꫁ꪱꪉ,True
li hôn,ꪭ꫁ꪱꪉ ꪫꪱꪉ,False
li hôn,ꪭ꫁ꪱꪉ ꪹꪁꪷꪉ,True
cụt hôn,ꪤ꪿ꪮꪣ ꪫꪱꪉ,True
chốn,ꪵꪬ꪿ꪉ,False
"sưng,",ꪵꪬ꪿ꪉ,True
lẽ,ꪵꪬ꪿ꪉ,False
cạn,ꪵꪬ꫁ꪉ,False
"rút, vơi",ꪵꪬ꫁ꪉ,False
ngoang ngoảng,ꪵꪬ꫁ꪉ ꪛꪱꪚ,False
cạn ráo,ꪵꪬ꫁ꪉ ꪁꪮꪒ,False
cạn chỗm,ꪚ꪿ꪱꪫ ꪁꪮꪒ,True
khô cạn,ꪵꪬ꫁ꪉ ꪻꪄ꪿,False
"chã mười,",ꪵꪬ꫁ꪉ ꪻꪄ꪿,True
sức,ꪵꪭꪉ,False
sống,ꪵꪭꪉ,False
nghẹ,ꪜꪸ꪿ꪉ,True
khỏe,ꪵꪭꪉ,False
khỏe,ꪐꪮꪚ,True
"mạnh, cường",ꪵꪭꪉ,False
"già, quá",ꪵꪭꪉ,False
tươi,ꪵꪭꪉ,False
quá tay,ꪵꪭꪉ ꪣꪳ,False
yếm,ꪵꪭ꫁ꪉ,False
răm,ꪵꪭ꫁ꪉ,True
ngáp,ꪬꪱꪫ,False
"treo mõm, treo mỏ",ꪬꪱꪫ ꪹꪬꪀ,False
"treo mõm, đùi mỏ",ꪁꪳ꪿ꪙ ꪹꪬꪀ,True
"vải mõm, treo hiu",ꪬꪱꪫ ꪹꪬꪀ,True
"vêu mồm, trơ mắt",ꪬꪱꪫ ꪹꪬꪀ,False
chông lao,ꪬ꪿ꪱꪫ,False
"vãi, thẩm",ꪬ꪿ꪱꪫ,True
"thì thào, thì thầm",ꪬ꪿ꪱꪫ ꪬ꪿ꪱꪫ,False
"mảnh thào, thì thầm",ꪬ꪿ꪱꪫ ꪄꪱꪙ,True
"lưu thào, thì thầm",ꪬ꪿ꪱꪫ ꪬ꪿ꪱꪫ,True
khô,ꪬ꫁ꪱꪫ,False
"treo mõm, treo mỏ",ꪬꪱꪫ ꪹꪬꪀ,False
"treo mõm, sơ vai,",ꪬꪱꪫ ꪹꪬꪀ,True
"vêu mồm, trơ mắt",ꪬꪱꪫ ꪹꪬꪀ,False
"vêu mồm, mẫn mắt",ꪬꪱꪫ ꪹꪬꪀ,True
chông lao,ꪬ꪿ꪱꪫ,False
"ôi, lao",ꪬ꪿ꪱꪫ,True
"thì thào, thì thầm",ꪬ꪿ꪱꪫ ꪬ꪿ꪱꪫ,False
"tha thào, thì thầm",ꪏꪉꪰ꪿ꪉ ꪬ꪿ꪱꪫ,True
mạnh giỏi,ꪬ꫁ꪱꪫ ꪋꪳ꪿ꪙ,False
mạnh khoải,ꪬ꫁ꪱꪫ ꪋꪳ꪿ꪙ,True
mạnh giỏi,ꪬ꫁ꪱꪫ ꪼꪤ꪿,True
khỏe khoắn,ꪬ꫁ꪱꪫ ꪵꪭꪉ,False
khỏe khoắn,ꪬ꫁ꪱꪫ ꪨꪳꪀ,True
"khỏe bẻ,",ꪬ꫁ꪱꪫ ꪵꪭꪉ,True
mạnh khỏe,ꪬ꫁ꪱꪫ ꪬꪽ,False
khỏe mạnh,ꪬ꫁ꪱꪫ ꪅ꫁ꪽ,False
cú mạnh,ꪬ꫁ꪱꪫ ꪅ꫁ꪽ,True
chò,ꪭꪱꪫ,False
đòn tay,ꪭꪱꪫ,False
đòn tay,ꪕꪴ꪿ꪣ,True
đòn tay bắt chéo,ꪭꪱꪫ ꪋ꫁ꪱꪥ,False
"đòn chà, bắt chéo",ꪭꪱꪫ ꪹꪭꪸꪒ,True
đòn ngang bờ rào,ꪭꪱꪫ ꪭ꫁ꪺ,False
"đòn xoảng cấp, rào",ꪭꪱꪫ ꪭ꫁ꪺ,True
chò chỉ,ꪭꪱꪫ ꪼꪢ,False
nướng chỉ,ꪭꪱꪫ ꪼꪢ,True
thử,ꪭ꪿ꪱꪫ,False
"tấp tểnh, lớ xớ",ꪭ꪿ꪱꪫ,False
"miếng, ổ lớ xớ",ꪡ꪿ꪱꪣ,True
vu vơ,ꪭ꪿ꪱꪫ,False
vu mỏm,ꪭ꪿ꪱꪫ,True
gượng,ꪭ꪿ꪱꪫ,False
"liều, bừa",ꪭ꪿ꪱꪫ,False
"cười gượng, cười theo",ꪭ꪿ꪱꪫ ꪬꪺ,False
"cười gượng, cười nhích,",ꪭ꪿ꪱꪫ ꪬꪺ,True
liều lĩnh,ꪭ꪿ꪱꪫ ꪩꪮꪙ,False
nguy hiểm,ꪢꪲ꪿ꪙ ꪁꪰꪒ,False
nguy phu,ꪢꪲ꪿ꪙ ꪁꪰꪒ,True
hào,ꪭ꫁ꪱꪫ,False
hào,ꪐꪲ꪿ꪉ,True
căng sữa,ꪭ꫁ꪱꪫ,False
"vệt, sữa",ꪭ꫁ꪱꪫ,True
"dở, tái",ꪭ꫁ꪱꪫ ꪭꪱꪒ,False
"dở, rù",ꪭ꫁ꪱꪫ ꪭꪱꪒ,True
"thoi thóp, hấp hối",ꪭ꫁ꪱꪫ ꪭꪱꪒ,False
thoi trừ hấp hối,ꪭ꫁ꪱꪫ ꪭꪱꪒ,True
"thoi thóp, hấp tích",ꪭ꫁ꪱꪫ ꪭꪱꪒ,True
"gánh, quang gánh",ꪬꪱꪚ,False
"gánh, bụi, gánh",ꪬꪱꪚ,True
gánh,ꪬꪱꪚ,False
"gian,",ꪬꪱꪚ,True
gánh vác,ꪬꪱꪚ ꪵꪚꪀ,False
gánh vác,ꪹꪎꪸ꫁ꪙ ꪵꪚꪀ,True
dơ xương,ꪬꪱꪚ ꪒꪴꪀ,False
trộ,ꪭꪱꪚ,False
trộ,ꪎꪰꪒ,True
bạc nhạc,ꪭꪱꪚ ꪭ꫁ꪱ,False
nệm nhạc,ꪭꪱꪚ ꪭ꫁ꪱ,True
đè nén,ꪭꪱꪚ ꪹꪔꪸꪉ,False
"chay, quạch",ꪬꪱꪒ,False
ghềnh,ꪬꪱꪒ,False
trầu cau,ꪬꪱꪒ ꪝꪴ,False
trầu rạp,ꪥꪴꪥ ꪝꪴ,True
khà khà,ꪭꪱꪒ ꪭꪱꪒ,False
chét rét,ꪭꪱꪒ ꪘꪱꪫ,False
nãn rét,ꪝꪸ꪿ ꪘꪱꪫ,True
chét rét,ꪭꪱꪒ ꪹꪎꪸꪨꪉ,True
chấy,ꪹꪬꪱ,False
rù,ꪹꪬꪱ,False
ủ rũ,ꪹꪬꪱ,False
thảo quả,ꪹꪬꪱ꪿,False
sủa,ꪹꪬꪱ꪿,False
ngõ,ꪹꪬꪱ꪿,True
căn bóng,ꪹꪬꪱ꪿ ꪹꪉꪱ,False
căn nhẫy,ꪹꪬꪱ꪿ ꪹꪉꪱ,True
rễ cái,ꪹꪬꪱ꫁,False
rễ đổ,ꪹꪬꪱ꫁,True
mập,ꪹꪬꪱ꫁,False
gốc rễ,ꪹꪬꪱ꫁ ꪭꪱꪀ,False
"cỗi nguồn, cỗi rễ, cội nguồn",ꪹꪬꪱ꫁ ꪭꪱꪀ,False
"cỗi ra, cỗi rễ, cội nguồn",ꪹꪬꪱ꫁ ꪭꪱꪀ,True
"ngoảy nguồn, cỗi rễ, cội nguồn",ꪹꪬꪱ꫁ ꪭꪱꪀ,True
"ta, mình",ꪹꪭꪱ,False
lịa mình,ꪹꪭꪱ,True
"hầu, lễ",ꪹꪭꪱ,False
dậu,ꪹꪭꪱ꫁,False
"danh,",ꪹꪭꪱ꫁,True
tụ,ꪹꪭꪱ꫁,False
tụ tập,ꪹꪭꪱ꫁ ꪶꪭꪣ,False
tụ tập,ꪔꪲ꪿ ꪶꪭꪣ,True
cho,ꪻꪬ꫁,False
hàm,ꪻꪬ꫁,True
cho,ꪻꪬ꫁,False
giá,ꪻꪬ꫁,False
cho chết,ꪻꪬ꫁ ꪔꪱꪥ,False
eo chết,ꪶꪕ ꪔꪱꪥ,True
"cho nấc,",ꪁꪱꪚ ꪔꪱꪥ,True
"thề chết, thề độc",ꪻꪬ꫁ ꪔꪱꪥ,False
"thề chết, thề cảu",ꪻꪬ꫁ ꪔꪱꪥ,True
thửa,ꪻꪭ꪿,False
chõ,ꪼꪬ,False
chum,ꪼꪬ,False
chum nhỏ,ꪼꪬ ꪚꪰꪀ,False
nơm nhỏ,ꪼꪬ ꪚꪰꪀ,True
chum nhỏ,ꪼꪬ ꪹꪗꪸ꫁ꪉ,True
"chum to, kiệu",ꪼꪬ ꪬꪱꪣ,False
chum mồm kiệu,ꪼꪬ ꪬꪱꪣ,True
chõ tre,ꪼꪬ ꪩꪱꪙ,False
chõ,ꪼꪬ ꪘꪳ꫁ꪉ,False
chõ cất rượu,ꪼꪬ ꪎꪸꪫ,False
"chõ cất trưởng,",ꪼꪬ ꪎꪸꪫ,True
làm,ꪼꪬ꪿,False
đánh,ꪼꪬ꪿,False
nện,ꪼꪬ꪿,False
ở,ꪼꪬ꪿,True
cấy chay,ꪼꪬ꪿ ꪼꪊ,False
canh tác,ꪼꪬ꪿ ꪹꪠ,False
canh lận,ꪼꪬ꪿ ꪹꪠ,True
khóc,ꪼꪬ꫁,False
"vờ khóc, khóc dối",ꪼꪬ꫁ ꪵꪚ꫁ꪫ,False
"gợn khóc, khóc trầy,",ꪼꪬ꫁ ꪵꪚ꫁ꪫ,True
vờ bắt khóc dối,ꪼꪬ꫁ ꪵꪚ꫁ꪫ,True
"hay khóc, mau nước mắt",ꪼꪬ꫁ ꪼꪒ꫁,False
"hay khóc, mau nước dẹt",ꪼꪬ꫁ ꪼꪒ꫁,True
"đắng khóc, mau nước bùm",ꪼꪬ꫁ ꪼꪒ꫁,True
khóc lóc,ꪼꪬ꫁ ꪬꪮꪙ,False
khóc nhè,ꪼꪬ꫁ ꪣ꪿ꪮꪥ,False
chay nhè,ꪼꪬ꫁ ꪔ꪿ꪱꪙ,True
khóc than,ꪼꪬ꫁ ꪶꪕ꫁ꪀ,False
khóc than,ꪼꪬ꫁ ꪯꪴꪀ,True
bọ mạt,ꪼꪭ,False
bọ nhảy,ꪼꪭ,True
si,ꪼꪭ,False
dắt,ꪼꪭ,True
nương,ꪼꪭ꪿,False
"phí,",ꪼꪭ꪿,True
nương phá hoang,ꪼꪭ꪿ ꪩ꪿ꪱꪫ,False
nương phá mòn,ꪔꪱꪉ ꪩ꪿ꪱꪫ,True
nương thâm canh,ꪼꪭ꪿ ꪶꪩ꫁ꪀ,False
chuối toạc mời,ꪼꪭ꪿ ꪶꪩ꫁ꪀ,True
"ruộng nương, ruộng rẫy",ꪼꪭ꪿ ꪙꪱ,False
"ruộng nương, tiếp, rẫy",ꪵꪭ꪿ ꪙꪱ,True
"ruộng nương, cha, rẫy",ꪼꪋ ꪙꪱ,True
"ruộng vườn, nương rẫy",ꪼꪭ꪿ ꪎꪺꪙ,False
khan,ꪼꪭ꫁,False
gầy yếu,ꪼꪭ꫁ ꪋꪲ꫁ꪙ,False
"gầy mắt,",ꪼꪭ꫁ ꪋꪲ꫁ꪙ,True
"gãy, đổ",ꪼꪭ꫁ ꪄꪷ꪿,False
nhàm lựu,ꪼꪭ꫁ ꪄꪷ꪿,True
gãy,ꪼꪭ꫁ ꪄꪷ꪿,False
"bẻ, vặn",ꪼꪭ꫁ ꪄꪷ꪿,False
"bẻ, vặn",ꪣꪮꪒ ꪄꪷ꪿,True
nhổ bão,ꪬꪰꪀ ꪵꪮꪫ,False
bẻ cò,ꪬꪰꪀ ꪄꪷ꫁,False
bẻ khục,ꪬꪰꪀ ꪄꪷ꫁ ꪣꪳ,False
"bẻ chấm,",ꪬꪰꪀ ꪄꪷ꫁ ꪣꪳ,True
khoằm,ꪬꪰꪀ ꪩꪉꪴ꫁ꪣ,False
câm miệng,ꪬꪰꪀ ꪶꪎꪚ,False
câm miệng,ꪹꪕꪷꪙ ꪝꪱꪒ,True
"mến, yêu, mến yêu",ꪭꪰꪀ,False
"mến, chắt mến yêu",ꪭꪰꪀ,True
"mến, yêu, mến xưng",ꪭꪰꪀ,True
"thông gia, thân gia",ꪭꪰꪀ ꪻꪊ,False
"thông gia, thân gia",ꪉꪱꪉ ꪻꪊ,True
nách,ꪭꪰꪀ ꪵꪭ꫁,False
nách,ꪭꪰꪀ ꪨꪲ꫁,True
"mật thiết, nối khố",ꪭꪰꪀ ꪭꪷ꪿,False
vồ vập,ꪭꪰꪀ ꪭ꫁ꪮꪙ,False
"vồ sợ,",ꪭꪰꪀ ꪭ꫁ꪮꪙ,True
"cảm tình riêng, tư túi",ꪭꪰꪀ ꪄ꫁ꪮꪙ,False
"cảm xồm, riêng, tư túi",ꪭꪰꪀ ꪄ꫁ꪮꪙ,True
"cảm tình riêng, tư túi",ꪵꪜꪨꪚ ꪄ꫁ꪮꪙ,True
"thương yêu, quý mến",ꪭꪰꪀ ꪵꪝꪉ,False
"thắng yêu, quý mến",ꪭꪰꪀ ꪵꪝꪉ,True
"yêu quý, yêu dấu, thân thương",ꪭꪰꪀ ꪹꪎꪉ,False
"yêu quý, yêu hội, thân lợp",ꪝꪴꪒ ꪹꪎꪉ,True
dái,ꪬꪾ,False
"quả cân, trái cân",ꪬꪾ ꪒꪸ꪿ꪉ,False
"quả cân, trái cân",ꪛ꫁ꪱꪙ ꪖ꪿ꪱꪙ,True
sa đì,ꪬꪾ ꪶꪮ꫁ꪉ,False
"thâm, đì",ꪈꪲꪒ ꪶꪮ꫁ꪉ,True
sa đì,ꪬꪸ꪿ꪣ ꪶꪮ꫁ꪉ,True
tiết canh,ꪬꪾ꪿,False
"hay, canh",ꪁꪫꪱꪙ,True
"gianh, canh",ꪬꪾ꪿,True
chặt,ꪬꪾ꫁,False
"sặc sỡ, màu sặc sỡ",ꪬꪾ꫁ ꪹꪭꪀ,False
"bàng sỡ, màu sặc sỡ",ꪬꪾ꫁ ꪹꪭꪀ,True
rộ,ꪬꪾ꫁ ꪹꪭꪀ,False
rắn,ꪬꪾ꫁ ꪹꪭꪀ,True
rộ,ꪬꪾ꫁ ꪉꪸꪫ,True
giổi,ꪭꪾ,False
tạc,ꪥꪴ꪿ꪣ,True
cuộn,ꪭꪾ,False
"cuốn, cuộn",ꪭꪾ,False
"cuốn, nượm",ꪭꪾ,True
"cuốn, lồi",ꪭꪾ,True
"cuộn tròn, bó tròn",ꪭꪾ ꪭꪮꪀ,False
"cuộn tròn, bó tròn",ꪭꪾ ꪹꪣꪸ꫁ꪉ,True
"cuộn tròn, mỗi tròn",ꪭꪾ ꪭꪮꪀ,True
bó chiếu,ꪭꪾ ꪭꪮꪀ,False
quay,ꪬꪽ,False
săn,ꪬꪽ,False
săn,ꪹꪥꪸꪒ,True
quắn,ꪬꪽ,False
quắn,ꪹꪅꪸ꪿ꪉ,True
chắc,ꪬꪽ,False
"rắn rỏi, cứng cáp",ꪬꪽ ꪚꪬꪷ,False
"rắn lệ, cứng khứ",ꪬꪽ ꪚꪬꪷ,True
rắn trọc cứng cáp,ꪬꪽ ꪚꪬꪷ,True
hăng máu,ꪬꪽ ꪵꪭꪉ,False
hăng văn,ꪬꪽ ꪵꪭꪉ,True
tráng kiện,ꪬꪽ ꪵꪭꪉ,False
tráng kiện,ꪔꪳꪉ ꪁꪩ꪿ꪽ,True
xoắn tít,ꪬꪽ ꪬꪮꪥ,False
ngất,ꪬꪽ ꪬꪮꪥ,False
bấc,ꪬꪽ ꪬꪮꪥ,True
tê bại,ꪬꪽ ꪬꪮꪥ,False
gây bại,ꪬꪽ ꪹꪮꪸꪙ,True
"hăng hái, hẵm hở",ꪬꪽ ꪭꪳ,False
"hăng hái, hẵm hở",ꪬꪽ ꪄ꪿ꪺꪉ,True
quay tít,ꪬꪽ ꪮꪲ꫁ꪉ ꪮꪲ꫁ꪉ,False
"quay yên,",ꪬꪽ ꪮꪲ꫁ꪉ ꪮꪲ꫁ꪉ,True
"nổ, tít",ꪬꪽ ꪶꪩ꫁ꪀ ꪮꪲ꫁ꪉ,True
"chuột rút, co gân, bại",ꪬꪽ ꪵꪀ꪿ꪫ,False
"chuột pin, co gân, bại",ꪠꪳ꪿ꪙ ꪵꪀ꪿ꪫ,True
quay tít thò lò,ꪬꪽ ꪁꪩꪲ꪿ꪫ ꪁꪩꪲ꪿ꪫ,False
niềng tít ngoảng lò,ꪬꪽ ꪁꪩꪲ꪿ꪫ ꪁꪩꪲ꪿ꪫ,True
chắc nịch,ꪬꪽ ꪩꪉꪴ꪿ꪉ,False
"thái, tiện",ꪬ꪿ꪽ,False
"đó, đây",ꪬ꫁ꪽ,False
"hăng máu, hăng tiết",ꪭꪽ,False
"hăng khảnh, hăng nhỉ",ꪭꪽ,True
"hăng máu, hăng ẩu",ꪭꪽ,True
hết nấc,ꪭ꫁ꪽ,False
hết đá,ꪭ꫁ꪽ,True
hết khuyết,ꪭ꫁ꪽ,True
mạt đời,ꪭ꫁ꪽ ꪋ꪿ꪺ,False
mạt mùi,ꪭ꫁ꪽ ꪁꪷ꪿,True
khít khịt,ꪭ꫁ꪽ ꪋꪴꪚ,False
dụm khịt,ꪹꪚꪱ꪿ ꪋꪴꪚ,True
khít khịt,ꪭ꫁ꪽ ꪵꪩ꫁ꪉ,True
phát chán,ꪭ꫁ꪽ ꪹꪜꪷꪒ,False
đền chán,ꪵꪯꪩꪒ ꪹꪊꪷ꪿ꪣ,True
giàu,ꪭꪰ꪿ꪉ,False
giàu sang,ꪭꪰ꪿ꪉ ꪶꪩ꫁ꪙ,False
giàu sang,ꪹꪁꪱ ꪶꪩ꫁ꪙ,True
khom sang,ꪭꪰ꪿ꪉ ꪶꪩ꫁ꪙ,True
giàu có,ꪭꪰ꪿ꪉ ꪣꪲ,False
giàu dặng,ꪭꪰ꪿ꪉ ꪣꪲ,True
giàu sang,ꪭꪰ꪿ꪉ ꪣꪲ,False
"chít, thắt, đóng",ꪭꪰ꫁ꪉ,False
"chít, thắt, đóng",ꪐꪴꪥ,True
rọ,ꪬꪾꪚ,False
"đóng, đậy",ꪬꪾꪚ,False
"đóng, mài",ꪬꪾꪚ,True
"ngăn, chặn",ꪬꪾꪚ,False
"nhàu, nhăn nhúm",ꪬꪾꪚ ꪬꪷ꪿,False
quà cáp,ꪬꪾꪚ ꪬꪷ꪿,False
gói ghém,ꪬꪾꪚ ꪬꪷ꪿,False
hữu ghém,ꪬꪾꪚ ꪬꪷ꪿,True
ngăn suối,ꪬꪾꪚ ꪙꪾ꫁,False
diễu suối,ꪬꪾꪚ ꪙꪾ꫁,True
ất,ꪭꪾꪚ,False
đớp,ꪭꪾꪚ,False
"rặt,",ꪭꪾꪚ,True
"bắt, đỡ",ꪭꪾꪚ,False
rước,ꪭꪾꪚ,False
rước,ꪹꪮꪒ,True
sạn,ꪬꪰꪒ,False
trẹt,ꪬꪰꪒ,True
lắm sạn,ꪊꪰꪒ ꪋꪱ,False
lắm sôi,ꪊꪰꪒ ꪋꪱ,True
"thắt, nịt, tét",ꪭꪰꪒ,False
"riết, ghì, xiết, xiết chặt",ꪭꪰꪒ,False
"riết, ghì, xiết, xiết chặt",ꪤꪱꪥ,True
"riết, ghì, tâu, xiết thuộc",ꪭꪰꪒ,True
"chặt, chập",ꪭꪰꪒ,False
áp chập,ꪭꪰꪒ,True
"tọp, tóp",ꪭꪰꪒ,False
thắt,ꪭꪰꪒ,False
phiên,ꪭꪰꪒ,True
hái từng bông,ꪭꪰꪒ,False
chài,ꪵꪬ,False
nhát,ꪵꪬ,False
trẻo,ꪵꪬ,True
lánh mặt,ꪵꪬ ꪘ꫁ꪱ,False
tày mặt,ꪵꪬ ꪘ꫁ꪱ,True
canh,ꪵꪬ꪿,False
thực,ꪵꪬ꪿,True
canh phòng,ꪵꪬ꪿ ꪵꪬꪙ,False
canh khoá,ꪵꪬ꪿ ꪵꪬꪙ,True
the,ꪵꪭ,False
quyện,ꪵꪭ,True
he,ꪵꪭ,False
"rôm, rôm sảy",ꪵꪭ ꪵꪒꪒ,False
"rôm, nết trôn",ꪵꪭ ꪵꪒꪒ,True
dưỡng lão,ꪵꪭ ꪹꪖꪱ꫁,False
hò,ꪵꪭ꪿,False
diệp,ꪵꪭ꪿,True
giang,ꪵꪭ꫁,False
rúc rích,ꪵꪬꪀ ꪵꪬꪀ,False
khì khì,ꪵꪭꪀ ꪵꪭꪀ,False
khì mo:,ꪵꪭꪀ ꪏꪰꪒ,True
vàng vàng,ꪵꪭ꪿ꪣ,False
nghển,ꪵꪬꪙ,False
khát,ꪵꪬꪙ,True
mất tự nhiên,ꪵꪬꪙ ꪵꪬ,False
mất mộng nhiên,ꪁꪩꪷ꫁ ꪣꪾꪚ,True
hến,ꪵꪬ꪿ꪙ,False
hến,ꪵꪬ꪿ꪙ ꪵꪬ꫁,False
gặm,ꪵꪬ꫁ꪙ,False
ăn bòn,ꪵꪬ꫁ꪙ ꪬꪺ,False
"hẹn, hẹn hò",ꪵꪭ꫁ꪙ,False
sừng hẹn hò,ꪤ꫁ꪱ,True
"hẹn, cái, hò",ꪵꪭ꫁ꪙ,True
giao hẹn,ꪵꪭ꫁ꪙ ꪊꪱꪫ,False
hố sâu,ꪵꪬꪫ,False
hố giang,ꪵꪬꪫ,True
"héo, khô, teo",ꪵꪬ꪿ꪫ,False
"héo, khô, giao",ꪵꪬ꪿ꪫ,True
"héo, tuân teo",ꪵꪬ꪿ꪫ,True
nhăn,ꪵꪬ꪿ꪫ,False
"bộ,",ꪁꪴꪥ,True
nhăn nheo,ꪵꪬ꪿ꪫ ꪵꪚꪔ꫁ꪫ,False
khô đét,ꪵꪬ꪿ꪫ ꪵꪚꪔ꫁ꪫ,False
héo queo,ꪵꪬ꪿ꪫ ꪵꪬ꫁ꪉ,False
"thẳm, queo",ꪵꪬ꪿ꪫ ꪵꪬ꫁ꪉ,True
héo hon,ꪵꪬ꪿ꪫ ꪵꪬ꫁ꪉ,False
héo hon,ꪵꪬ꪿ꪫ ꪩꪾꪚ,True
nhăn nhó,ꪵꪬ꪿ꪫ ꪑꪲ꫁ꪫ ꪑꪲ꫁ꪫ,False
xương uy,ꪵꪬ꪿ꪫ ꪑꪲ꫁ꪫ ꪑꪲ꫁ꪫ,True
nhăn nhó,ꪵꪬ꪿ꪫ ꪑꪲ꫁ꪫ ꪵꪕꪫ,True
củ ấu,ꪵꪬ꫁ꪫ,False
củ khoảng,ꪵꪬ꫁ꪫ,True
"mảnh khảnh, dong dỏng",ꪵꪭꪫ,False
mảnh kém dong dỏng,ꪵꪭꪫ,True
ngẩng,ꪵꪭꪫ,False
ngẩng,ꪹꪨ꫁ꪙ,True
"vồng, vống",ꪵꪭꪫ,False
"mồ, mả",ꪵꪭ꪿ꪫ,False
"mồ, bỏ,",ꪵꪭ꪿ꪫ,True
"nhá, mả",ꪵꪭ꪿ꪫ,True
"tang, hiếu",ꪵꪭ꪿ꪫ,False
mầm hiếu,ꪵꪭ꪿ꪫ,True
"tang, mơn,",ꪵꪭ꪿ꪫ,True
tang ma,ꪵꪭ꪿ꪫ ꪬꪮꪉ,False
bẳt ma,ꪵꪭ꪿ꪫ ꪬꪮꪉ,True
"bẫy, dò",ꪵꪭ꫁ꪫ,False
bẫy đạp,ꪵꪭ꫁ꪫ ꪄꪴꪣ,False
sập bẫy,ꪵꪭ꫁ꪫ ꪨ꪿ꪽ,False
bẫy cần,ꪵꪭ꫁ꪫ ꪝꪱꪙ,False
"đuôi, cần",ꪵꪭ꫁ꪫ ꪝꪱꪙ,True
bẫy cần,ꪵꪭ꫁ꪫ ꪔꪮꪒ,False
dụng cụ để hái tường bông lúa một,ꪵꪬꪚ,False
dụng cụ để hái tường bông lúa một,ꪩꪰ꪿ꪉ,True
"dụng thành, để hái tường bông lúa một",ꪹꪤꪷꪙ,True
"khàn, khản",ꪵꪬꪚ,False
tê giác,ꪵꪭꪒ,False
rế,ꪹꪬꪸ꪿,False
chưa,ꪹꪭꪸ,False
"bậc,",ꪹꪭꪸ,True
còn xơi,ꪹꪭꪸ ꪉ꪿ꪱꪥ,False
còn xơi,ꪕꪾ ꪉ꪿ꪱꪥ,True
"chưa gì, chưa gì đã",ꪹꪭꪸ ꪎꪰꪉ,False
"chưa gì, chưa nghiến, đã",ꪹꪭꪸ ꪎꪰꪉ,True
"sáo, gì, chưa sợi, đã",ꪹꪭꪸ ꪎꪰꪉ,True
thấy,ꪹꪬꪸꪙ,False
thấy,ꪹꪮꪷꪙ,True
thấy bóng,ꪹꪬꪸꪙ ꪶꪀ꫁ꪙ,False
thấy bóng,ꪹꪘꪸ꪿ꪀ ꪶꪀ꫁ꪙ,True
thấy bóng,ꪹꪬꪸꪙ ꪹꪮꪷ,True
sinh đẻ,ꪹꪬꪸꪙ ꪘ꫁ꪱ,False
sinh đẻ,ꪹꪬꪸꪙ ꪕꪮꪒ,True
ghê,ꪹꪭꪸ꪿ꪉ,False
quá,ꪹꪭꪸ꪿ꪉ,False
thi,ꪀꪲ꪿,True
ghê gớm,ꪹꪭꪸ꪿ꪉ ꪋ꫁ꪱ,False
ghê gớm,ꪹꪭꪸ꪿ꪉ ꪶꪄꪒ,True
ve,ꪹꪬꪸꪚ,False
ve,ꪮꪳ꪿ꪉ,True
ve,ꪋ꪿ꪱꪣ,True
nấm,ꪹꪬꪸꪒ,False
nấm tái chuột,ꪹꪬꪸꪒ ꪚꪲ꫁,False
"nấm trần, chuột",ꪹꪬꪸꪒ ꪚꪲ꫁,True
nấm tai voi,ꪹꪬꪸꪒ ꪀꪒ꫁ꪱꪉ,False
"nấm vạc, voi",ꪹꪬꪸꪒ ꪥꪴ,True
nấm rừng,ꪹꪬꪸꪒ ꪶꪁꪙ,False
nấm hương,ꪹꪬꪸꪒ ꪬꪮꪣ,False
nấm bóc,ꪹꪬꪸꪒ ꪬꪮꪣ,True
nấm thâm,ꪹꪬꪸꪒ ꪬꪮꪣ,True
"nấm rơm, nấm rạ",ꪹꪬꪸꪒ ꪄꪲ꫁ ꪁꪫꪱꪥ,False
"mụn, rơm, đực, bằn",ꪹꪬꪸꪒ ꪄꪲ꫁ ꪁꪫꪱꪥ,True
nấm mối,ꪹꪬꪸꪒ ꪜꪺꪀ,False
mộc nhĩ,ꪹꪬꪸꪒ ꪔꪘꪴ꪿ꪙ,False
hềnh hệch,ꪹꪭꪸꪒ ꪹꪭꪸꪒ,False
âm hộ,ꪬꪲ,False
"âm sũng,",ꪬꪲ,True
"vít, dằn",ꪬꪲ꪿,False
"vít, dằn",ꪎ꪿ꪮꪥ,True
dài,ꪭꪲ,False
dài ngoẵng,ꪭꪲ ꪀꪨꪰꪉ,False
dài ngoẵng,ꪹꪔꪸ꪿ꪀ ꪀꪨꪰꪉ,True
liên miên,ꪭꪲ ꪭ꫁ꪱꪥ,False
hủi miên,ꪭꪲ ꪭ꫁ꪱꪥ,True
dài thượt,ꪭꪲ ꪭꪸꪒ,False
"dài đườn, dài thươn",ꪭꪲ ꪵꪁꪓꪒ,False
"thừa, đườn, dài thươn",ꪭꪲ ꪵꪁꪓꪒ,True
hì hì,ꪭꪲ꪿ ꪭꪲ꪿,False
phía hì,ꪭꪲ꪿ ꪭꪲ꪿,True
"trổ, hì",ꪭꪲ꪿ ꪭꪲ꪿,True
kì đà,ꪬꪸ꫁,False
"đổ, trút, xối",ꪬꪸ꫁,False
"đổ, trút, xối",ꪉꪷ꪿,True
"vãi, vương",ꪭꪸ꪿,False
"vãi, vương",ꪬꪮꪀ,True
rơi,ꪭꪸ꪿,False
phơ,ꪭꪸ꪿,True
chen,ꪭꪸ꪿,True
vương vãi,ꪭꪸ꪿ ꪭꪱꪥ,False
dừa vãi,ꪭꪸ꪿ ꪭꪱꪥ,True
vương thần,ꪭꪸ꪿ ꪭꪱꪥ,True
"thiếc, nhôm",ꪬꪸꪀ,False
kêu,ꪭꪸꪀ,False
kêu,ꪼꪚ꪿,True
kêu gọi,ꪭꪸꪀ ꪭ꪿ꪱ,False
gọi hồn,ꪭꪸꪀ ꪄꪺꪙ,False
cho là,ꪭꪸꪀ ꪫ꪿ꪱ,False
cho là,ꪢꪽ ꪫ꪿ꪱ,True
gọi là,ꪭꪸꪀ ꪫ꪿ꪱ,False
giữ,ꪬꪸꪣ,False
"kiêng kị, kiêng khem",ꪬꪸꪣ ꪁꪾ,False
bộc nịch kiêng khem,ꪬꪸꪣ ꪁꪾ,True
"giữ mình, thủ thân",ꪬꪸꪣ ꪣꪷ꪿,False
"giữ mình, thủ cơm",ꪬꪸꪣ ꪕꪷ,True
phòng giữ,ꪬꪸꪣ ꪡꪮꪉ,False
phòng hùynh,ꪅꪴꪣ ꪡꪮꪉ,True
giữ miệng,ꪬꪸꪣ ꪶꪎꪚ,False
"xin, miệng",ꪬꪸꪣ ꪶꪎꪚ,True
giữ miệng,ꪬꪸꪣ ꪹꪊꪸꪚ,True
hiếm,ꪬꪸꪣ,False
hiểm,ꪬꪸ꫁ꪣ,False
"rọi,",ꪬꪸ꫁ꪣ,True
"em yêu, anh yêu",ꪭꪸꪣ,False
"em yêu, anh hồ",ꪭꪸꪣ,True
"hùng, yêu, anh yêu",ꪭꪸꪣ,True
sún,ꪬꪸ꫁ꪙ,False
mòn,ꪬꪸ꫁ꪙ,False
trụi thui lủi,ꪬꪸ꫁ꪙ ꪁꪩꪷ꪿,False
trụi thui nhánh,ꪬꪸ꫁ꪙ ꪁꪩꪷ꪿,True
học,ꪭꪸꪙ,False
học hành,ꪭꪸꪙ ꪵꪮꪚ,False
học hành,ꪏꪩꪴꪒ ꪵꪮꪚ,True
xoan,ꪭꪸ꪿ꪙ,False
"nghiêng, lệch",ꪬꪸ꪿ꪉ,False
"nghịt, lệch",ꪬꪸ꪿ꪉ,True
"trành, nánh",ꪬꪸ꪿ꪉ,False
thiên,ꪬꪸ꪿ꪉ,False
hiếng,ꪬꪸ꪿ꪉ,False
"lắng tai, giỏng tai",ꪬꪸ꪿ꪉ ꪬꪴ,False
"lắng tai, giỏng mơn,",ꪬꪸ꪿ꪉ ꪬꪴ,True
lắng nghe,ꪬꪸ꪿ꪉ ꪡꪰꪉ,False
lắng mòng:,ꪬꪸ꪿ꪉ ꪡꪰꪉ,True
nghe ngóng,ꪬꪸ꪿ꪉ ꪡꪰꪉ,False
phàu phàu,ꪭꪸꪉ ꪭꪸꪉ,False
phàu phàu,ꪭꪸꪉ ꪭ꪿ꪺ,True
sánh vai,ꪭꪸꪉ ꪵꪁ,False
sánh cọ,ꪭꪸꪉ ꪵꪁ,True
sánh đôi,ꪭꪸꪉ ꪵꪠꪉ,False
hiếp,ꪬꪸꪚ,False
"hà hiếp, ức hiếp",ꪬꪸꪚ ꪥ꫁ꪱ,False
hà huỳnh ức hiếp,ꪬꪸꪚ ꪥ꫁ꪱ,True
hút,ꪬꪸꪒ,False
"trầy,",ꪬꪸꪒ,True
hút,ꪉꪸ꫁ꪙ,True
"đườn đưỡn, lê thê",ꪭꪸꪒ ꪭꪸꪒ,False
"đườn đưỡn, gắp thê",ꪭꪸꪒ ꪒ꫁ꪱꪣ,True
"đườn đưỡn, trói bẫm",ꪭꪸꪒ ꪭꪸꪒ,True
"hiếu, hiếu hỉ",ꪬꪸ꪿ꪫ,False
cành,ꪭꪸꪫ,False
đĩ tính,ꪭꪸꪫ,False
"đĩ thăm,",ꪹꪢꪷꪐ,True
chim cắt,ꪭꪸ꪿ꪫ,False
chim cắt,ꪐꪺꪀ,True
hiệu,ꪭꪸ꫁ꪫ,False
hiệu,ꪑ꫁ꪱꪫ,True
"nơi quen thân, chỗ quen thuộc",ꪭꪸ꫁ꪫ,False
"nơi quầng thân, chỗ quen thuộc",ꪭꪸ꫁ꪫ,True
khúc khích,ꪬꪲꪀ ꪬꪲꪀ,False
khúc dãi,ꪬꪲꪀ ꪬꪲꪀ,True
"mé, bờ, rìa, lề",ꪭꪲꪣ,False
trên cạn,ꪭꪲꪣ ꪶꪚ꪿ꪀ,False
"bên lề, bên bờ",ꪭꪲꪣ ꪹꪡꪥ,False
"bên lề, cấp bờ",ꪭꪲꪣ ꪹꪡꪥ,True
môi,ꪭꪲꪣ ꪶꪎꪚ,False
lòng đào,ꪭꪲ꫁ꪣ,False
"lòng Ông,",ꪖꪽ,True
đất,ꪬꪲꪙ,False
đất,ꪵꪅꪫꪙ,True
"đá, đá cuội",ꪬꪲꪙ,False
"đá, che cuội",ꪬꪲꪙ,True
"đá, đá ồn",ꪬꪲꪙ,True
đá giăm,ꪬꪲꪙ ꪵꪭ꪿,False
"đá lành,",ꪬꪲꪙ ꪵꪭ꪿,True
đá sỏi,ꪬꪲꪙ ꪭꪷ,False
"đá đánh,",ꪬꪲꪙ ꪭꪷ,True
đá mài,ꪬꪲꪙ ꪩꪾꪚ,False
đá mài,ꪬꪲꪙ ꪵꪐꪣ,True
"đá hộc, đá tảng",ꪬꪲꪙ ꪠꪱ,False
đá lửa,ꪬꪲꪙ ꪼꪡ,False
đá tính,ꪬꪲꪙ ꪼꪡ,True
đá vôi,ꪬꪲꪙ ꪠꪮꪙ,False
đá vôi,ꪬꪲꪙ ꪉꪮꪒ,True
"gan, chắt",ꪭꪲ꪿ꪙ,False
dĩn,ꪭꪲ꫁ꪙ,False
mới,ꪬꪲ꪿ꪉ,False
đom đóm,ꪬꪲ꪿ꪉ ꪬ꫁ꪮꪥ,False
nhạc ngựa,ꪬꪲ꪿ꪉ ꪣ꫁ꪱ,False
nhạc cước,ꪵꪭꪒ ꪣ꫁ꪱ,True
nhạc hom,ꪬꪲ꪿ꪉ ꪹꪓꪷꪥ,True
chạn,ꪬꪲ꫁ꪉ,False
gồ,ꪬꪲ꫁ꪉ,True
hương án,ꪬꪲ꫁ꪉ ꪬ꪿ꪮꪉ,False
hương án,ꪬꪲ꫁ꪉ ꪣ꪿ꪺ,True
"cái găp, cái vỉ kẹp",ꪬꪲꪚ,False
"cái găp, cái hùng, kẹp",ꪭꪮꪉ,True
rỉa,ꪬꪲꪚ,False
"tũm,",ꪬꪲꪚ,True
thót,ꪬꪲꪚ,False
"lạc,",ꪬꪲꪚ,True
nhắp,ꪬꪲꪚ,False
ớm,ꪎ꪿ꪱ,True
thu,ꪭꪲꪚ,False
ghẻ,ꪬꪲꪒ,False
ghẻ,ꪀꪱ,True
lệ,ꪭꪲꪒ,False
lệ làng,ꪭꪲꪒ ꪚ꫁ꪱꪙ,False
"lệ tệ,",ꪭꪲꪒ ꪹꪅꪷꪥ,True
phong tục,ꪭꪲꪒ ꪅꪮꪉ,False
xách,ꪬꪲ꫁ꪫ,False
"bé,",ꪩꪸꪉ,True
hãi,ꪭꪲ꪿ꪫ,False
dạ,ꪭꪲ꪿ꪫ,True
que xiên,ꪭꪲ꫁ꪫ,False
que xiên,ꪬ꪿ꪽ,True
"xóc, xâu",ꪭꪲ꫁ꪫ,False
"bỡn cợt, bợp chợp",ꪵꪭꪩ꫁ ꪵꪭꪩꪒ,False
"bỡn gần, bợp chợp",ꪵꪭꪩ꫁ ꪵꪭꪩꪒ,True
"bỡn cợt, bợp chợp",ꪵꪭꪩ꫁ ꪝꪙꪲꪉ,True
cợt nhả,ꪬꪨꪲꪀ ꪵꪬꪨꪀ,False
"cợt theo,",ꪏꪲꪒ ꪵꪬꪨꪀ,True
"đổ sụp, đổ sập",ꪬꪨꪴꪀ ꪬꪨꪲꪀ,False
"đổ sụp, đổ nếu",ꪬꪨꪴꪀ ꪬꪨꪲꪀ,True
đổ dồn,ꪬꪨꪴꪀ ꪬꪨꪲꪀ,False
đổ nhọc,ꪬꪨꪴꪀ ꪬꪨꪲꪀ,True
"mời, dồn",ꪬꪨꪴꪀ ꪬꪨꪲꪀ,True
nước ăn,ꪬꪷ,False
"nh, thiềng 1",ꪬꪷ,False
nhà táng dát giấy vàng bạc,ꪬꪷ ꪁꪾ,False
ngủn táng dát giấy vàng bạc,ꪬꪷ ꪁꪾ,True
nhà táng dát giấy vàng phồn,ꪬꪷ ꪁꪾ,True
lầu vàng,ꪬꪷ ꪁꪾ,False
đầu rồng,ꪬꪷ ꪩꪺꪉ,False
đầu giỏng,ꪬꪷ ꪩꪺꪉ,True
đầu Đẹp,ꪬꪷ ꪩꪺꪉ,True
chín mé,ꪬꪷ ꪹꪨꪙ,False
"gói, dùm, bao",ꪬꪷ꪿,False
"gói, việc, bao",ꪬꪷ꪿,True
"gói, dùm, dạo,",ꪬꪷ꪿,True
gói,ꪬꪷ꪿,False
gói tắm,ꪬꪷ꪿ ꪭꪾ,False
trú,ꪬꪷ꫁,False
nương bóng,ꪬꪷ꫁,False
"phồng, bóng",ꪬꪷ꫁,True
chớm có buồng trứng,ꪬꪷ꫁ ꪼꪎ꪿,False
bàn nạo,ꪭꪷ,False
bàn giễu,ꪭꪷ,True
"bàn đèn,",ꪭꪷ,True
nạo,ꪭꪷ,False
chung,ꪭꪷ꪿,False
ví,ꪭꪷ꪿ ꪵꪝꪫ,False
ví,ꪭꪱꪉ ꪵꪝꪫ,True
họ,ꪭꪷ꫁,False
dòng họ,ꪭꪷ꫁ ꪵꪙꪫ,False
dòng họ,ꪭꪷ꫁ ꪵꪬ꫁,True
họ hàng,ꪭꪷ꫁ ꪏꪮꪉ,False
xuýt hàng,ꪭꪷ꫁ ꪏꪮꪉ,True
hoa,ꪬꪫꪱ,False
tịt,ꪔꪱꪀ,True
trang,ꪭꪫꪱ,False
chàng,ꪭꪫꪱ,True
hòa,ꪭꪫꪱ,False
"nhạnh,",ꪭꪫꪱ,True
rầm rập,ꪭꪫꪱꪀ ꪭꪫꪱꪀ,False
rầm rập,ꪭꪫꪱꪀ ꪋꪷ꫁,True
"mường, rập",ꪭꪫꪱꪀ ꪭꪫꪱꪀ,True
ốc,ꪬꪮꪥ,False
dặc,ꪬꪮꪥ,True
roi,ꪬꪮꪥ,False
ốc bươu,ꪬꪮꪥ ꪬ꫁ꪺꪥ,False
lùng bươu,ꪬꪮꪥ ꪬ꫁ꪺꪥ,True
ốc vặn,ꪬꪮꪥ ꪙꪱ,False
"ốc yêu,",ꪬꪮꪥ ꪙꪱ,True
ốc nhồi,ꪬꪮꪥ ꪙꪾ꫁,False
"dựng, nhồi",ꪬꪮꪥ ꪙꪾ꫁,True
ốc sên,ꪬꪮꪥ ꪐ꫁ꪱ,False
"nháy, sên",ꪬꪮꪥ ꪐ꫁ꪱ,True
"lặc lè, mướp mán",ꪬ꪿ꪮꪥ,False
móc,ꪬ꫁ꪮꪥ,False
móc,ꪬ꫁ꪮꪥ,False
bám đít,ꪬ꫁ꪮꪥ ꪶꪀ꫁ꪙ,False
"bấu víu, bám víu",ꪬ꫁ꪮꪥ ꪵꪄꪫꪙ,False
"vết, dấu vết, lốt",ꪭꪮꪥ,False
"vết, dấu vết, nhũn,",ꪭꪮꪥ,True
lằn,ꪭꪮꪥ,False
lằn,ꪵꪀ꪿ꪣ,True
"cớn, cơn cớn",ꪭ꪿ꪮꪥ,False
"cớn, cơn ngừng",ꪭ꪿ꪮꪥ,True
trăm,ꪭ꫁ꪮꪥ,False
xâu,ꪭ꫁ꪮꪥ,False
lồ,ꪭ꫁ꪮꪥ,True
chuỗi,ꪭ꫁ꪮꪥ,False
xâu,ꪭ꫁ꪮꪥ,False
giáo,ꪬꪮꪀ,False
lao,ꪬꪮꪀ,False
lao,ꪫ꫁ꪽ,True
bạc,ꪬꪮꪀ,False
bạc,ꪹꪤ,True
"giáo mác, đao kiếm",ꪬꪮꪀ ꪒꪱꪚ,False
bạc phơ,ꪬꪮꪀ ꪶꪏꪝꪀ,False
gừ phơ,ꪬꪮꪀ ꪶꪏꪝꪀ,True
sóc,ꪭꪮꪀ,False
ổ,ꪭꪮꪀ,False
thức làm gia vị,ꪭ꪿ꪮꪣ,False
thức làm gia dở,ꪭ꪿ꪮꪣ,True
"thơm, hương",ꪬꪮꪣ,False
"gom, tích",ꪬꪮꪣ,False
cạo tích,ꪬꪮꪣ,True
họp,ꪬꪮꪣ,False
họp,ꪘꪰꪀ,True
"chụm, tụm",ꪬꪮꪣ,False
một loại rau mùi miền núi,ꪬꪮꪣ ꪹꪮꪱ,False
một loại rau mùi miền tây,ꪬꪮꪣ ꪹꪮꪱ,True
hành,ꪬꪮꪣ ꪚ꪿ꪺ,False
thìa là,ꪬꪮꪣ ꪋꪲ,False
hương thơm,ꪬꪮꪣ ꪹꪬꪉ,False
hương thơm,ꪬꪮꪣ ꪖ꫁ꪱꪥ,True
"húng dũi, húng thơm",ꪬꪮꪣ ꪮꪲꪉ ꪁꪲ,False
"húng dũi, thở, thơm",ꪬꪮꪣ ꪮꪲꪉ ꪁꪲ,True
"thơm ngát, thơm nức",ꪬꪮꪣ ꪀꪲ꪿ꪙ,False
"thơm ngát, thơm nức",ꪬꪮꪣ ꪁꪽ,True
"thơm ngát, miến nức",ꪬꪮꪣ ꪀꪲ꪿ꪙ,True
tỏi,ꪬꪮꪣ ꪀꪲꪚ,False
tỏi,ꪬꪮꪣ ꪚꪸꪙ,True
rau ngổ,ꪬꪮꪣ ꪉꪴ꫁,False
rau ngổ,ꪬꪮꪣ ꪹꪔꪷꪉ,True
rau ngổ,ꪵꪊꪙ ꪉꪴ꫁,True
rau mùi,ꪬꪮꪣ ꪵꪜ꫁ꪙ,False
rau mùi,ꪬꪮꪣ ꪝ꪿ꪱꪫ,True
"rau ụ,",ꪬꪮꪣ ꪵꪜ꫁ꪙ,True
mùi tàu,ꪬꪮꪣ ꪵꪜ꫁ꪙ ꪩꪱꪫ,False
mùi tàu,ꪠꪴ ꪵꪜ꫁ꪙ ꪩꪱꪫ,True
rau răm,ꪬꪮꪣ ꪼꪠ꪿,False
tía tô,ꪬꪮꪣ ꪶꪔ,False
"húng quê, húng chó",ꪬꪮꪣ ꪏꪩꪱꪉ,False
"nôn quê, húng chó",ꪬꪮꪣ ꪏꪩꪱꪉ,True
"lá lụ, lá hẹ",ꪬꪮꪣ ꪵꪏꪩꪚ,False
"lá lụ, lá mẻ",ꪚꪺꪚ ꪵꪏꪩꪚ,True
hương thơm,ꪬꪮꪣ ꪹꪬꪉ,False
gầm thơm,ꪬꪮꪣ ꪹꪬꪉ,True
"húng dũi, húng thơm",ꪬꪮꪣ ꪮꪲꪉ ꪁꪲ,False
"húng dũi, húng thơm",ꪬꪮꪣ ꪮꪲꪉ ꪎꪸꪚ,True
"hối dũi, tọp thơm",ꪬꪮꪣ ꪮꪲꪉ ꪁꪲ,True
"thơm ngát, thơm nức",ꪬꪮꪣ ꪀꪲ꪿ꪙ,False
"ẻo ngát, thơm nức",ꪬꪮꪣ ꪀꪲ꪿ꪙ,True
tỏi,ꪬꪮꪣ ꪀꪲꪚ,False
muốn,ꪬꪮꪣ ꪀꪲꪚ,True
rau ngổ,ꪬꪮꪣ ꪉꪴ꫁,False
tiết ngổ,ꪬꪮꪣ ꪉꪴ꫁,True
rau mùi,ꪬꪮꪣ ꪵꪜ꫁ꪙ,False
"rau cằm,",ꪵꪁꪣ ꪵꪜ꫁ꪙ,True
mùi tàu,ꪬꪮꪣ ꪵꪜ꫁ꪙ ꪩꪱꪫ,False
bấu tàu,ꪬꪮꪣ ꪵꪜ꫁ꪙ ꪩꪱꪫ,True
rau răm,ꪬꪮꪣ ꪼꪠ꪿,False
tía tô,ꪬꪮꪣ ꪶꪔ,False
"húng quê, húng chó",ꪬꪮꪣ ꪏꪩꪱꪉ,False
"húng chày húng buông,",ꪬꪮꪣ ꪎꪲ꪿ꪀ,True
"húng quê, um chó",ꪬꪮꪣ ꪏꪩꪱꪉ,True
"lá lụ, lá hẹ",ꪬꪮꪣ ꪵꪏꪩꪚ,False
"sống, lụ, lá hẹ",ꪬꪮꪣ ꪵꪏꪩꪚ,True
"lá cư, lá hẹ",ꪬꪮꪣ ꪵꪏꪩꪚ,True
khỏe,ꪬ꪿ꪮꪣ ꪒꪲ,False
cất cơn sốt,ꪬ꪿ꪮꪣ ꪼꪎ꫁,False
chàm trâu,ꪬ꫁ꪮꪣ,False
bủa,ꪬ꫁ꪮꪣ,False
giai,ꪶꪚꪣ,True
đuổi,ꪬ꫁ꪮꪣ,False
đuổi,ꪏꪴ꫁ꪣ,True
"hòm, hộp, bao",ꪭꪮꪣ,False
"hòm, hộp, loạt",ꪭꪮꪣ,True
hẻm,ꪭꪮꪣ,False
ti,ꪭꪮꪣ,True
ngõ hẻm,ꪭꪮꪣ ꪭꪮꪀ,False
khơ hẻm,ꪭꪮꪣ ꪭꪮꪀ,True
hẻm vực,ꪭ꪿ꪮꪣ ꪭꪷ꫁,False
hẻm rỡ,ꪭ꪿ꪮꪣ ꪭꪷ꫁,True
ron,ꪬꪮꪙ,False
mào,ꪬꪮꪙ,False
ngồi...),ꪬꪮꪙ,True
mào,ꪅ꫁ꪮꪣ,True
nhút nhát,ꪬꪮꪙ ꪬꪷ꪿,False
nhút mặn,ꪬꪮꪙ ꪬꪷ꪿,True
bồ hòn,ꪬ꪿ꪮꪙ,False
bồ san,ꪬ꪿ꪮꪙ,True
"chẳng, không",ꪬ꪿ꪮꪙ,False
ngáo ộp,ꪬ꪿ꪮꪙ ꪭꪷ꪿,False
"lồ, ộp",ꪬ꪿ꪮꪙ ꪏꪕꪴ꪿,True
khoảnh,ꪭꪮꪙ,False
vạt,ꪭꪮꪙ,False
"dẹp,",ꪭꪮꪙ,True
rẻo,ꪭꪮꪙ,False
chặt đoạn,ꪭꪮꪙ,False
chang chang,ꪭꪮꪙ ꪭꪮꪙ,False
chang chang,ꪏꪲꪀ ꪭꪮꪙ,True
"nóng, sốt",ꪭ꫁ꪮꪙ,False
lục sốt,ꪭ꫁ꪮꪙ,True
nực,ꪭ꫁ꪮꪙ,False
nực,ꪖꪴ꪿,True
"nóng bức, nóng nực",ꪭ꫁ꪮꪙ ꪹꪮꪱ꫁,False
"nóng bức, sây nực",ꪭ꫁ꪮꪙ ꪜꪰꪉ,True
nóng lòng,ꪭ꫁ꪮꪙ ꪻꪊ,False
lo toan,ꪭ꫁ꪮꪙ ꪹꪅꪷꪉ,False
"rục rịch, xắm nắm",ꪭ꫁ꪮꪙ ꪹꪅꪷꪉ,False
"rục rịch, trợt nắm",ꪭ꫁ꪮꪙ ꪹꪅꪷꪉ,True
rục hồn xắm nắm,ꪭ꫁ꪮꪙ ꪹꪅꪷꪉ,True
nóng sốt,ꪭ꫁ꪮꪙ ꪼꪎ꫁,False
nóng ruột,ꪭ꫁ꪮꪙ ꪼꪎ꫁,False
"gian, phòng, căn",ꪬ꫁ꪮꪉ,False
"gian, như căn",ꪬ꫁ꪮꪉ,True
"ô, khoang, xoang",ꪬ꫁ꪮꪉ,False
"ô, khin xoang",ꪀꪫꪱꪉ,True
hỏng nhứa,ꪬ꫁ꪮꪉ,False
nữ nhứa,ꪕ꪿ꪱꪣ,True
gian cuối nhà sàn,ꪬ꫁ꪮꪉ ꪋꪱꪙ,False
gian cuối khổ sàn,ꪬ꫁ꪮꪉ ꪋꪱꪙ,True
gian cuối nhà sàn,ꪬ꫁ꪮꪉ ꪘꪱꪙ,True
gian để nhà để thờ,ꪬ꫁ꪮꪉ ꪬ꪿ꪮꪉ,False
gian để dảy để thờ,ꪬ꫁ꪮꪉ ꪒꪲ꪿ꪉ,True
gian đầu nhà sàn,ꪬ꫁ꪮꪉ ꪀ꫁ꪫꪱꪙ,False
gian nhà chính,ꪬ꫁ꪮꪉ ꪶꪔ,False
gian nhà chính,ꪫ꫁ꪱꪙ ꪶꪔ,True
gian mái hồi,ꪬ꫁ꪮꪉ ꪕꪴꪚ,False
gian mái hồi,ꪬ꫁ꪮꪉ ꪑꪱꪣ,True
"lót, đệm",ꪭꪮꪉ,False
"lót, đệm",ꪶꪋꪒ,True
tuẫn táng,ꪭꪮꪉ ꪹꪙꪱ꪿,False
"hào, rãnh",ꪭ꪿ꪮꪉ,False
hõm,ꪭ꪿ꪮꪉ,False
hõm,ꪕꪸ꫁ꪀ,True
"suối chết, suối cạn",ꪭ꪿ꪮꪉ ꪁ꫁ꪱꪉ,False
"suối chết, nhận cạn",ꪭ꪿ꪮꪉ ꪁ꫁ꪱꪉ,True
"suối chết, suối tiện",ꪭ꪿ꪮꪉ ꪁ꫁ꪱꪉ,True
rãnh khơi,ꪭ꪿ꪮꪉ ꪨꪷ꪿,False
"đám, khơi",ꪭ꪿ꪮꪉ ꪨꪷ꪿,True
con mương,ꪭ꪿ꪮꪉ ꪹꪢꪉ,False
đông mương,ꪭ꪿ꪮꪉ ꪶꪮ꫁ꪉ,True
"kêu, hót",ꪭ꫁ꪮꪉ,False
rống,ꪭ꫁ꪮꪉ,False
de,ꪭ꫁ꪮꪉ,True
rên rẩm,ꪭ꫁ꪮꪉ ꪋꪱꪉ,False
ngoèo rẩm,ꪭ꫁ꪮꪉ ꪋꪱꪉ,True
ôm,ꪬꪮꪚ,False
"cúp,",ꪹꪀꪷꪤ꪿ꪉ,True
ôm,ꪬꪮꪚ,False
phinh,ꪬꪮꪚ,True
bon,ꪬꪮꪚ,False
"chuồng, tếch",ꪬꪮꪚ,False
đâm bổ,ꪬꪮꪚ,False
tạp bổ,ꪬꪮꪚ,True
hộc tốc,ꪬꪮꪚ ꪤꪺꪒ,False
hộc mỏ,ꪬꪮꪚ ꪯꪱꪣ,True
kìa tốc,ꪬꪮꪚ ꪤꪺꪒ,True
chuồn thẳng,ꪬꪮꪚ ꪩꪲꪒ,False
"lượt, nuộc",ꪭꪮꪚ,False
họp,ꪭꪮꪚ,False
họp,ꪹꪐꪷꪣ,True
họp hành,ꪭꪮꪚ ꪏꪴꪣ,False
họp hành,ꪀ꫁ꪱꪣ ꪏꪴꪣ,True
"lả, lử",ꪬꪮꪒ,False
mẩm lử,ꪬꪮꪒ,True
kiệt sức,ꪬꪮꪒ ꪵꪭꪉ,False
kiệt sức,ꪬꪮꪒ ꪵꪄ꪿ꪉ,True
kiệt lực,ꪬꪮꪒ ꪖꪲꪫ,False
"thu lu, xo ro, chon hỏn",ꪬꪮꪒ ꪬꪷ꫁,False
"thu lu, xo ro, chon cơi",ꪚꪸ ꪝꪱꪚ,True
hây hây,ꪬꪮꪒ ꪬꪮꪒ,False
hây hây,ꪶꪙꪙ ꪬꪮꪒ,True
"đến, tới",ꪭꪮꪒ,False
"đến, nhoai",ꪙꪳ꫁ꪀ,True
"đến, guồng,",ꪶꪙꪚ,True
nhờ đến,ꪭꪮꪒ ꪬꪱ,False
nhờ đến,ꪭꪮꪒ ꪤꪱꪫ,True
"đến nay, đén giờ",ꪭꪮꪒ ꪼꪅ꫁,False
"đến nay, vét, giờ",ꪶꪬ꪿ꪀ ꪼꪅ꫁,True
đến nơi,ꪭꪮꪒ ꪼꪅ꫁,False
đến thời,ꪭꪮꪒ ꪑꪱꪣ,False
soạt thời,ꪭꪮꪒ ꪑꪱꪣ,True
đến xoành,ꪭꪮꪒ ꪑꪱꪣ,True
lòa,ꪶꪬ꪿,False
lốp,ꪶꪬ꪿,False
rổ,ꪶꪬ꫁,False
rổ,ꪯꪲꪒ,True
non nia,ꪶꪬ꫁ ꪶꪬꪚ,False
"giải, nia",ꪶꪬ꫁ ꪵꪮ,True
"non lưới,",ꪶꪬ꫁ ꪶꪬꪚ,True
hồ,ꪶꪭ,False
hồ,ꪶꪭ,False
ầm ầm,ꪶꪭ ꪶꪭ,False
sắp ầm,ꪶꪭ ꪶꪭ,True
"hồ tiêu, hạt tiêu",ꪶꪭ ꪔꪸꪫ,False
"le tiêu, hạt tiêu",ꪶꪭ ꪔꪸꪫ,True
bùng,ꪶꪭ꪿,False
phào,ꪶꪭ꪿,False
phì phò,ꪶꪭ꪿ ꪹꪭꪸ꪿,False
phì nhênh,ꪶꪭ꪿ ꪹꪭꪸ꪿,True
ào,ꪶꪭ꪿ ꪹꪭꪸ꪿,False
tàu,ꪹꪕꪙ ꪹꪭꪸ꪿,True
bùng bùng,ꪶꪭ꪿ ꪶꪭ꪿,False
ào ào,ꪶꪭ꪿ ꪶꪭ꪿,False
hồng hộc,ꪶꪭ꪿ ꪶꪭ꪿,False
ám hộc,ꪶꪭ꪿ ꪹꪚꪸꪚ,True
"chung đụng, chung chạ",ꪶꪭ꫁ ꪶꪭꪣ,False
chung móng chung chạ,ꪶꪭ꫁ ꪶꪭꪣ,True
"dũi, đụng, chung phìa",ꪶꪭ꫁ ꪶꪭꪣ,True
sáu,ꪶꪬ꪿ꪀ,False
sáu mươi,ꪶꪬ꪿ꪀ ꪎꪲꪚ,False
"nhau, rau",ꪶꪭ꫁ꪀ,False
hốc hác,ꪶꪭ꫁ꪀ,False
"cản, hác",ꪶꪭ꫁ꪀ,True
nhếc nhác,ꪶꪭ꫁ꪀ ꪭ꫁ꪱꪥ,False
nhếc nhác,ꪶꪭ꫁ꪀ ꪣꪲ꫁,True
hoang vu,ꪶꪭ꫁ꪀ ꪹꪭ꫁,False
hoang vu,ꪶꪭ꫁ꪀ ꪼꪕ꫁,True
va,ꪶꪭꪥ,False
lượt,ꪶꪭꪥ,False
chim,ꪶꪭꪥ,True
hồi,ꪶꪭꪥ,False
hồi thiên,ꪶꪭꪥ ꪀꪱꪥ,False
hồi thúc,ꪶꪭꪥ ꪀꪱꪥ,True
hồi rập,ꪶꪭꪥ ꪀꪱꪥ,True
hồi hương,ꪶꪭꪥ ꪨꪰꪉ,False
"hồi leo,",ꪶꪭꪥ ꪨꪰꪉ,True
hồi hương,ꪶꪮ꫁ꪙ ꪨꪰꪉ,True
hội ý,ꪶꪭ꫁ꪥ,False
"hội rặt,",ꪶꪭ꫁ꪥ,True
"hội, hội nghị",ꪶꪭ꫁ꪥ,False
"hội, rốp nghị",ꪶꪭ꫁ꪥ,True
"hội, vấy nghị",ꪶꪭ꫁ꪥ,True
"hội, hội nghị",ꪶꪭ꫁ꪥ,False
hội họp,ꪶꪭ꫁ꪥ ꪭꪮꪚ,False
tụ họp,ꪶꪭ꫁ꪥ ꪶꪭꪣ,False
tụ chở,ꪶꪭ꫁ꪥ ꪶꪭꪣ,True
mủ thối,ꪶꪭꪀ ꪹꪙꪱ꪿,False
thối rữa,ꪶꪭꪀ ꪹꪙꪱ꪿,False
thối rữa,ꪶꪭꪀ ꪜ꪿ꪱꪙ,True
giền,ꪶꪬꪣ,False
chiêm,ꪶꪬꪣ,True
kín hơi,ꪶꪬꪣ,False
kín túa,ꪶꪬꪣ,True
"hết, hơi",ꪶꪬꪣ,True
mưng,ꪶꪬꪣ,False
trầm,ꪶꪬꪣ,False
trầm,ꪊꪾ꫁,True
đắp,ꪶꪬ꪿ꪣ,False
"gãy,",ꪶꪬ꪿ꪣ,True
"lù khù, lù lù",ꪶꪬ꪿ꪣ ꪶꪭ꪿ꪥ,False
lù sửa lù bấu,ꪶꪬ꪿ꪣ ꪶꪭ꪿ꪥ,True
đậy,ꪶꪬ꫁ꪣ,False
"là,",ꪶꪬ꫁ꪣ,True
"che, bưng",ꪶꪬ꫁ꪣ,False
"che, muỗm,",ꪶꪬ꫁ꪣ,True
bưng bít,ꪶꪬ꫁ꪣ ꪤꪾ,False
gươm bít,ꪶꪬ꫁ꪣ ꪤꪾ,True
bí mật,ꪶꪬ꫁ꪣ ꪤꪾ,False
bí mật,ꪶꪬ꫁ꪣ ꪶꪤꪀ,True
đậy điệm,ꪶꪬ꫁ꪣ ꪬꪲ꪿,False
tiểu điệm,ꪶꪬ꫁ꪣ ꪬꪲ꪿,True
bưng miệng,ꪶꪬ꫁ꪣ ꪶꪎꪚ,False
gom,ꪶꪭꪣ,False
"tập họp, tập trung",ꪶꪭꪣ,False
tập dấp tập trung,ꪶꪭꪣ,True
"cộng, cọng",ꪶꪭꪣ,False
"cộng, mửa",ꪶꪭꪣ,True
góp sức,ꪶꪭꪣ ꪵꪭꪉ,False
lẫn lộn,ꪶꪭꪣ ꪭꪫꪱ,False
"đổi, xửa",ꪶꪭꪣ ꪭꪫꪱ,True
"bóng mát, bóng dâm",ꪶꪭ꪿ꪣ,False
"bóng mát, bóng chang",ꪶꪭ꪿ꪣ,True
"rợp, rợp bóng",ꪶꪭ꪿ꪣ,False
"rợp, rợp ngược",ꪶꪭ꪿ꪣ,True
"rợp, thai, bóng",ꪶꪭ꪿ꪣ,True
che,ꪶꪭ꪿ꪣ,False
"lui, lùi",ꪶꪬꪙ,False
"lùi lại, rút lại",ꪶꪬꪙ ꪁꪳꪙ,False
"lùi lại, rút lén,",ꪶꪬꪙ ꪁꪳꪙ,True
giật lùi,ꪶꪬꪙ ꪨꪰꪉ,False
giật lùi,ꪵꪯꪉ ꪨꪰꪉ,True
hỗn loạn,ꪶꪬ꫁ꪙ,False
đun loạn,ꪶꪬ꫁ꪙ,True
hỗn,ꪶꪭ꫁ꪙ,False
"thình,",ꪶꪭ꫁ꪙ,True
nhộn nhạo,ꪶꪭ꫁ꪙ ꪭ꫁ꪱꪫ,False
nao nhạo,ꪶꪭ꫁ꪙ ꪭ꫁ꪱꪫ,True
nhộn nhạo,ꪶꪭ꫁ꪙ ꪵꪪ꫁ꪙ,True
đu đủ,ꪶꪬ꪿ꪉ,False
tăm đủ,ꪐꪰꪉ,True
tưởng nhớ,ꪶꪬ꪿ꪉ ꪬꪱ,False
tưởng lố,ꪶꪬ꪿ꪉ ꪬꪱ,True
tưởng vót,ꪄꪲꪉ ꪬꪱ,True
thầu dầu,ꪶꪬ꪿ꪉ ꪬ꫁ꪮꪣ,False
bộp,ꪶꪭꪉ,False
khuôn,ꪶꪭꪉ,False
khung,ꪶꪭꪉ,False
che,ꪶꪭꪉ ꪵꪮꪚ,False
to xác,ꪶꪭꪉ ꪹꪭꪸꪉ,False
cóc xác,ꪶꪭꪉ ꪵꪥꪚ,True
"sáo, lạy",ꪶꪭꪉ ꪹꪭꪸꪉ,True
"nong, nống",ꪶꪬꪚ,False
"nong, đích",ꪶꪬꪚ,True
hộp,ꪶꪭꪚ,False
diệt,ꪶꪭꪚ,True
hộp,ꪹꪒ꪿,True
hình,ꪶꪭꪚ,False
mẽ,ꪶꪭꪚ,False
"hình hài, hình dạng",ꪶꪭꪚ ꪭ꪿ꪱꪉ,False
"sắp hài, hình dạng",ꪶꪭꪚ ꪭ꪿ꪱꪉ,True
"run, chun, co, quăn",ꪶꪬꪒ,False
co rụt,ꪶꪬꪒ ꪮꪽ ꪑ꪿ꪽ,False
khe rụt,ꪶꪬꪒ ꪮꪽ ꪑ꪿ꪽ,True
"quắt queo, cằn cọc",ꪶꪬꪒ ꪮꪽ ꪑ꪿ꪽ,False
quắt đoạn cằn cọc,ꪶꪬꪒ ꪮꪽ ꪑ꪿ꪽ,True
héo quắt,ꪶꪬꪒ ꪵꪬ꪿ꪫ,False
co quắp,ꪶꪬꪒ ꪬꪷ꪿,False
co vòi,ꪶꪬꪒ ꪬꪷ꫁,False
"co đong,",ꪶꪬꪒ ꪬꪷ꫁,True
co dúm,ꪶꪬꪒ ꪯꪴ꪿ꪙ ꪑꪴ꪿ꪙ,False
co dúm,ꪵꪁꪫ꫁ꪙ ꪯꪴ꪿ꪙ ꪜꪮꪣ,True
này,ꪹꪭꪷꪀ,False
rầm rập,ꪹꪭꪷꪣ ꪹꪭꪷꪣ,False
lâu,ꪹꪬꪷꪉ,False
ghen,ꪹꪬꪷꪉ,False
"cheng,",ꪹꪬꪷꪉ,True
lâu lâu,ꪹꪬꪷꪉ ꪹꪚꪱ꪿ ꪙꪱꪙ,False
lâu lâu,ꪹꪬꪷꪉ ꪹꪚꪱ꪿ ꪝꪸ꫁ꪙ,True
lâu chắp,ꪹꪬꪷꪉ ꪹꪚꪱ꪿ ꪵꪁ꪿ꪉ,True
ghen ghét,ꪹꪬꪷꪉ ꪋꪰꪉ,False
lâu đời,ꪹꪬꪷꪉ ꪋ꪿ꪺ,False
lâu trêu,ꪹꪬꪷꪉ ꪋ꪿ꪺ,True
lâu đời,ꪹꪬꪷꪉ ꪝꪥꪴꪚ,True
cách biệt,ꪹꪬꪷꪉ ꪬ꪿ꪱꪉ,False
lâu dài,ꪹꪬꪷꪉ ꪭꪲ,False
hiết rương,ꪹꪬꪷꪉ ꪭꪸꪣ,True
ghen tuông,ꪹꪬꪷꪉ ꪵꪀꪙ,False
thây tuông,ꪹꪬꪷꪉ ꪵꪀꪙ,True
ghen tị,ꪹꪬꪷꪉ ꪵꪀꪙ,False
"khỏng muốn,",ꪹꪬꪷꪉ ꪶꪬ꫁,True
"lâu nay, lâu rồi",ꪹꪬꪷꪉ ꪵꪩ꫁ꪫ,False
hững hờ,ꪹꪬꪷ꪿ꪉ ꪹꪬꪷ,False
hững chừa,ꪹꪬꪷ꪿ꪉ ꪹꪬꪷ,True
oang hờ,ꪹꪬꪷ꪿ꪉ ꪹꪬꪷ,True
hấp,ꪹꪬꪷꪚ,False
ngớt,ꪹꪬꪷꪒ,False
"nh,",ꪹꪬꪷꪒ,True
dó,ꪬꪴ,False
tai,ꪬꪴ,False
quai,ꪬꪴ,False
thính tai,ꪬꪴ ꪶꪩ꪿ꪉ,False
thính tai,ꪬꪴ ꪋꪴ꫁ꪥ,True
tai mắt,ꪬꪴ ꪔꪱ,False
cọ răng,ꪬꪴ꪿ ꪵꪄ꫁ꪫ,False
cọ răng,ꪬꪴ꪿ ꪐꪱꪫ,True
lỗ,ꪭꪴ,False
hang,ꪭꪴ,False
ùng,ꪭꪴ,True
hú,ꪭꪴ,False
hú,ꪬꪫꪱ,True
lỗ chân lông,ꪭꪴ ꪶꪄꪙ,False
lỗ chân giễu,ꪭꪴ ꪶꪄꪙ,True
hú vía,ꪭꪴ ꪄꪺꪙ,False
hú vía,ꪭꪴ ꪹꪮꪷ꫁ꪙ,True
lỗ thông hơi,ꪭꪴ ꪉꪮꪥ,False
"lỗ trưa, hơi",ꪭꪴ ꪉꪮꪥ,True
mỏ khoét,ꪭꪴ ꪹꪉꪀ,False
lỗ đáo,ꪭꪴ ꪶꪖ꫁ꪉ,False
cái mồm,ꪭꪴ ꪶꪎꪚ,False
cái hư,ꪭꪴ ꪶꪎꪚ,True
lê,ꪭꪴ꪿,False
"biết, hay",ꪭꪴ꫁,False
"biết, thít",ꪭꪴ꫁,True
hiểu,ꪭꪴ꫁,False
"biết thừa, biết tỏng",ꪭꪴ꫁ ꪀꪱꪥ ꪫ꪿ꪱ,False
"biết thừa, lết tỏng",ꪭꪴ꫁ ꪀꪱꪥ ꪫ꪿ꪱ,True
"biết thừa, biết trặn",ꪭꪴ꫁ ꪚꪒꪱ ꪫ꪿ꪱ,True
khéo léo,ꪭꪴ꫁ ꪋ꪿ꪱꪉ,False
khéo léo,ꪭꪴ꫁ ꪁꪾ,True
biết tính,ꪭꪴ꫁ ꪻꪊ,False
"buổi, tính",ꪭꪴ꫁ ꪻꪊ,True
tỉnh người,ꪭꪴ꫁ ꪊꪰꪀ ꪶꪁꪙ,False
dột người,ꪭꪴ꫁ ꪊꪰꪀ ꪊꪸ꫁,True
biết điều,ꪭꪴ꫁ ꪊꪰꪀ ꪶꪁꪙ,False
biết tay,ꪭꪴ꫁ ꪊꪰꪀ ꪣꪳ,False
"biết thân, nên thân",ꪭꪴ꫁ ꪊꪰꪀ ꪹꪣ꪿,False
biết lim bảng thân,ꪭꪴ꫁ ꪛ꪿ꪺꪙ ꪹꪣ꪿,True
thông hiểu,ꪭꪴ꫁ ꪨꪰꪀ,False
biết võ,ꪭꪴ꫁ ꪣꪳ,False
biết võ,ꪁꪱꪣ ꪣꪳ,True
biết ngan,ꪭꪴ꫁ ꪣꪳ,True
thức giấc,ꪭꪴ꫁ ꪹꪣ꪿,False
tỉnh giấc,ꪭꪴ꫁ ꪹꪣ꪿ ꪄꪫꪱꪀ,False
tỉnh giấc,ꪭꪴ꫁ ꪹꪣ꪿ ꪹꪮ,True
tỉnh giấc,ꪭꪴ꫁ ꪹꪣ꪿ ꪣꪴꪒ,True
biết bụng,ꪭꪴ꫁ ꪼꪎ꫁,False
khè bụng,ꪭꪴ꫁ ꪼꪎ꫁,True
biết bụng,ꪭꪴ꫁ ꪭꪲ꪿,True
"đầu, thủ",ꪬꪺ,False
củ,ꪬꪺ,False
cot,ꪬꪺ,True
cạp,ꪬꪺ,False
rù,ꪬꪺ,True
ngòi,ꪬꪺ,False
cốt,ꪬꪺ,False
cốt,ꪣ꫁ꪮꪙ,True
thoa,ꪬꪺ,True
cười,ꪬꪺ,False
ban tối,ꪬꪺ ꪁꪾ꪿,False
"cân, tối",ꪬꪺ ꪁꪾ꪿,True
khuyên tối,ꪬꪺ ꪁꪾ꪿,True
"tim, trái tim",ꪬꪺ ꪻꪊ,False
"tim, trái đời,",ꪬꪺ ꪻꪊ,True
tấm lòng,ꪬꪺ ꪻꪊ,False
tính tình,ꪬꪺ ꪻꪊ,False
"tâm trí, tâm não",ꪬꪺ ꪻꪊ,False
"dạm: trí, tâm não",ꪬꪺ ꪻꪊ,True
tâm lồm ngồi não,ꪥ꫁ꪱꪣ ꪻꪊ,True
đầu óc,ꪬꪺ ꪻꪊ,False
đầu lạc,ꪬꪺ ꪻꪊ,True
tinh thần,ꪬꪺ ꪻꪊ,False
lặt thần,ꪬꪺ ꪻꪊ,True
tinh nhanh,ꪬꪺ ꪻꪊ,True
tư tưởng,ꪬꪺ ꪻꪊ,False
mất hồn,ꪬꪺ ꪻꪊ ꪔꪱꪥ,False
"đầu không, chỉ toàn đầu",ꪬꪺ ꪁꪩ꫁ꪮꪀ,False
"đầu không, chỉ toàn túp",ꪬꪺ ꪁꪩ꫁ꪮꪀ,True
"xuê không, chỉ đương đầu",ꪬꪺ ꪁꪩ꫁ꪮꪀ,True
phì cười,ꪬꪺ ꪵꪯꪭꪀ,False
phì cười,ꪬꪺ ꪹꪯꪸꪭꪀ,False
phì cười,ꪬꪺ ꪫꪲ,True
"đầu không, chỉ cái đầu",ꪬꪺ ꪭ꪿ꪱꪉ,False
"đầu không, sáo, cái đầu",ꪬꪺ ꪭ꪿ꪱꪉ,True
"đầu không, chỉ cái tác",ꪬꪺ ꪭ꪿ꪱꪉ,True
ngông cuồng,ꪬꪺ ꪭ꪿ꪱꪉ,False
sâu chân,ꪬꪺ ꪬꪷ,False
sâu chân,ꪬꪺ ꪣꪳꪉ,True
phần đầu,ꪬꪺ ꪬꪷ,False
phần đầu,ꪹꪯꪷ꫁ ꪶꪎ꫁ꪙ,True
phần đầu,ꪒ꫁ꪺꪉ ꪬꪷ,True
đầu mối,ꪬꪺ ꪬꪷ,False
mũi thuyền,ꪬꪺ ꪹꪭ,False
mũi thuyền,ꪬꪺ ꪋ꪿ꪱꪉ,True
"hộ, hộ gia đình",ꪬꪺ ꪹꪭꪙ,False
"hộ, hộ gia môi",ꪬꪺ ꪹꪭꪙ,True
"hộ, hộ gia đình",ꪬꪺ ꪼꪙ,True
cửa nhà,ꪬꪺ ꪹꪭꪙ,False
đầu ruồi,ꪬꪺ ꪵꪣꪉ ꪉꪺꪙ,False
đầu ruồi,ꪀ꫁ꪺ ꪵꪣꪉ ꪉꪺꪙ,True
đầu ruồi,ꪬꪺ ꪹꪘꪸ꪿ꪀ ꪉꪺꪙ,True
khuyết,ꪬꪺ ꪵꪣꪉ ꪉꪺꪙ,False
bồ,ꪬꪺ ꪵꪣꪉ ꪉꪺꪙ,True
bụng dưới,ꪬꪺ ꪹꪘꪱ꪿,False
đầu nguồn,ꪬꪺ ꪙꪾ꫁,False
ruỗng nguồn,ꪬꪺ ꪙꪾ꫁,True
sẹo nguồn,ꪎꪲ꪿ ꪙꪾ꫁,True
đầu tóc lưa thưa,ꪬꪺ ꪵꪐ,False
đầu rã phụ thưa,ꪬꪺ ꪵꪐ,True
tóc quăn,ꪬꪺ ꪐꪷ,False
tóc quăn,ꪏꪣꪰꪀ ꪐꪷ,True
"cười tủm, cười nụ",ꪬꪺ ꪐꪴ꫁ꪣ,False
cười nực cười nụ,ꪹꪨꪷ꫁ꪙ ꪐꪴ꫁ꪣ,True
"danh hão, hư danh",ꪬꪺ ꪜꪱ ꪀ꪿ꪱ,False
"danh hão, bản danh",ꪬꪺ ꪜꪱ ꪀ꪿ꪱ,True
lộn đầu,ꪬꪺ ꪜꪰꪀ,False
cười khì,ꪬꪺ ꪔꪱꪥ,False
"cứng đầu, cứng cổ",ꪬꪺ ꪵꪔꪀ,False
"bặm đầu, cứng tứ",ꪬꪺ ꪵꪔꪀ,True
cười phá,ꪬꪺ ꪹꪖꪷꪨꪒ,False
lả lướt,ꪬꪺ ꪼꪪ,False
lả lướt,ꪬꪺ ꪉ꪿ꪮꪙ,True
đầu lòng,ꪬꪺ ꪎꪱꪫ,False
lứa đầu,ꪬꪺ ꪎꪱꪫ,False
chuồm đầu,ꪬꪺ ꪎꪱꪫ,True
cười đứt ruột,ꪬꪺ ꪼꪎ꫁ ꪠ꫁ꪽ,False
"cười toáng, ruột",ꪬꪺ ꪼꪎ꫁ ꪠ꫁ꪽ,True
cười tác ruột,ꪬꪺ ꪼꪎ꫁ ꪠ꫁ꪽ,True
đầu thành xơ,ꪬꪺ ꪶꪎꪙ,False
đầu thành xơ,ꪬꪺ ꪶꪚ꪿ꪥ,True
"săn, săn bắt",ꪬ꪿ꪺ,False
"săn, săn nỏ,",ꪬ꪿ꪺ,True
"róc, chảy",ꪭ꪿ꪺ,False
"róc, lum",ꪭ꪿ꪺ,True
dột,ꪭ꪿ꪺ,False
ấy,ꪭ꪿ꪺ,True
rào,ꪭ꫁ꪺ,False
"hàng rào, bằng đòn ngang dài",ꪭ꫁ꪺ ꪭꪱꪫ,False
hàng quăng bằng đòn ngang dài,ꪭ꫁ꪺ ꪭꪱꪫ,True
"hàng rào, bằng đòn cáu dài",ꪭ꫁ꪺ ꪭꪱꪫ,True
rào giậu,ꪭ꫁ꪺ ꪹꪭꪀ,False
rào khắm,ꪭ꫁ꪺ ꪔꪳꪀ,True
phên rào,ꪭ꫁ꪺ ꪵꪎ꪿ꪉ,False
"phên hấp,",ꪭ꫁ꪺ ꪵꪎ꪿ꪉ,True
"tất tả, tất tưởi",ꪬꪴ꪿ꪀ ꪹꪬ꪿,False
"tất tả, tất thầu",ꪬꪴ꪿ꪀ ꪼꪚ꪿,True
"ễnh, tả, tất tưởi",ꪬꪴ꪿ꪀ ꪊꪱꪥ,True
"cứa, quẹt",ꪭꪴ꫁ꪀ,False
"cứa, quẹt",ꪩꪱꪉ,True
cứa mạnh,ꪭꪴ꫁ꪀ ꪭꪴ꪿,False
cứa mạnh,ꪭꪴ꫁ꪀ ꪒ꫁ꪽ,True
xồng xộc,ꪭꪴ꫁ꪀ ꪭꪴ꪿,False
"sặt thìa,",ꪭꪴ꫁ꪀ ꪭꪴ꪿,True
xồng xộc,ꪭꪴ꫁ꪀ ꪯꪩ꪿ꪺꪥ,True
cửi,ꪬꪴꪀ,False
cửi canh,ꪬꪴꪀ ꪙꪱꪀ,False
"cửi nhồi,",ꪩꪷ꫁ ꪙꪱꪀ,True
cửi canh,ꪬꪴꪀ ꪣ꪿ꪮꪉ,True
túm,ꪬꪴ꪿ꪣ,False
túm,ꪜ꪿ꪱꪫ,True
chạng vạng,ꪬꪴ꪿ꪣ ꪬ꪿ꪱꪣ,False
"hốc cá, ổ chà",ꪭꪴ꫁ꪣ,False
"hốc cá, ổ nhỡ,",ꪭꪴ꫁ꪣ,True
"hình, tranh",ꪬꪴ꪿ꪙ,False
"hình, quạc",ꪬꪴ꪿ꪙ,True
xén măng,ꪬꪴ꪿ꪙ,True
tượng,ꪬꪴ꪿ꪙ,False
kẽ,ꪬꪴ꪿ꪙ,True
hình lăng trụ,ꪬꪴ꪿ꪙ ꪚꪰ꫁ꪉ,False
hình nhúm trụ,ꪬꪴ꪿ꪙ ꪚꪰ꫁ꪉ,True
hình bình hành,ꪬꪴ꪿ꪙ ꪋ꫁ꪱꪥ ꪎꪺꪥ,False
xẻ bình hành,ꪬꪴ꪿ꪙ ꪋ꫁ꪱꪥ ꪎꪺꪥ,True
hình chóp nón,ꪬꪴ꪿ꪙ ꪊꪮꪣ ꪀꪴꪚ,False
hình tẽ nón,ꪬꪴ꪿ꪙ ꪊꪮꪣ ꪀꪴꪚ,True
"hình nộm, hình rơm, hình người",ꪬꪴ꪿ꪙ ꪶꪁꪙ,False
"hình nộm, gạch rơm, hình người",ꪬꪴ꪿ꪙ ꪶꪁꪙ,True
người ngợm,ꪬꪴ꪿ꪙ ꪶꪁꪙ,False
người ngợm,ꪏꪴꪙ ꪶꪁꪙ,True
nghạnh ngợm,ꪬꪴ꪿ꪙ ꪶꪁꪙ,True
hình tròn,ꪬꪴ꪿ꪙ ꪁꪺꪉ ꪶꪣꪙ,False
hình thang,ꪬꪴ꪿ꪙ ꪼꪒ,False
hình thang,ꪨꪲ꫁ꪫ ꪼꪒ,True
hình thoi,ꪬꪴ꪿ꪙ ꪵꪀ꪿ꪙ ꪹꪀ꫁ꪣ,False
dõi thoi,ꪬꪴ꪿ꪙ ꪵꪀ꪿ꪙ ꪹꪀ꫁ꪣ,True
hình chìm,ꪬꪴ꪿ꪙ ꪙꪾ꫁,False
hình chìm,ꪬꪴ꪿ꪙ ꪵꪋ,True
bóng thù,ꪬꪴ꪿ꪙ ꪹꪉꪱ,False
bóng thù,ꪎꪲ꫁ꪫ ꪹꪉꪱ,True
"bóng dáng, hình dáng",ꪬꪴ꪿ꪙ ꪹꪉꪱ,False
tượng Phật,ꪬꪴ꪿ꪙ ꪠꪱ ꪹꪊꪱ꫁,False
hình chữ nhật,ꪬꪴ꪿ꪙ ꪎꪲ꪿ ꪝꪲ꫁ꪀ,False
hình chữ thơi,ꪬꪴ꪿ꪙ ꪎꪲ꪿ ꪝꪲ꫁ꪀ,True
cột,ꪭꪴꪙ,False
rối ruột,ꪭꪴꪙ ꪻꪊ,False
"hâm, bung",ꪬꪴꪉ,False
cầu vồng,ꪭꪴꪉ,False
cầu vồng,ꪶꪚ꪿ꪥ,True
cầu móc,ꪭꪴꪉ,True
hùng hoàng,ꪭꪴꪉ ꪭꪰꪉ ꪵꪄꪫ,False
sáng,ꪭꪴ꪿ꪉ,False
"thúng,",ꪭꪴ꪿ꪉ,True
rạng,ꪭꪴ꪿ꪉ,False
tháp,ꪭꪴ꪿ꪉ,True
"sớm tối, sớm hôm",ꪭꪴ꪿ꪉ ꪁꪾ꪿,False
"sớm nang sớm nâng,",ꪭꪴ꪿ꪉ ꪁꪾ꪿,True
sáng sớm,ꪭꪴ꪿ꪉ ꪹꪋꪱ꫁,False
"đỏ rực, sáng trưng",ꪭꪴ꪿ꪉ ꪋꪳꪀ,False
đỏ rén sáng thu,ꪭꪴ꪿ꪉ ꪋꪳꪀ,True
rực rỡ,ꪭꪴ꪿ꪉ ꪹꪭ꪿,False
rực rỡ,ꪹꪚꪱ ꪹꪭ꪿,True
chói lọi,ꪭꪴ꪿ꪉ ꪹꪭ꪿,False
le lói,ꪭꪴ꪿ꪉ ꪣꪮꪉ ꪣꪮꪉ,False
táng lói,ꪭꪴ꪿ꪉ ꪣꪮꪉ ꪣꪮꪉ,True
sáng trong,ꪭꪴ꪿ꪉ ꪶꪣꪉ ꪶꪣꪉ,False
sáng trong,ꪭꪴ꪿ꪉ ꪶꪣꪉ ꪼꪄ,True
sáng trong,ꪭꪴ꪿ꪉ ꪎꪺꪀ ꪶꪣꪉ,True
"sáng bạch, sáng rõ",ꪭꪴ꪿ꪉ ꪎꪱꪥ,False
"khoắn bạch, sáng rõ",ꪭꪴ꪿ꪉ ꪎꪱꪥ,True
sáng trong,ꪭꪴ꪿ꪉ ꪻꪎ,False
sáng tồng,ꪭꪴ꪿ꪉ ꪻꪎ,True
"hào nhoáng, choáng lộn",ꪭꪴ꪿ꪉ ꪻꪎ,False
"hào nhoáng, khệ lộn",ꪭꪴ꪿ꪉ ꪻꪎ,True
rạng rỡ,ꪭꪴ꪿ꪉ ꪻꪎ,False
diều hâu,ꪭꪴ꫁ꪉ,False
diều,ꪭꪴ꫁ꪉ ꪶꪩꪣ,False
"vó, khoắng",ꪬꪺꪥ,False
"vó, khoắng",ꪮꪴꪒ,True
"chuồi, khui",ꪬꪺꪥ,False
cha khui,ꪬꪺꪥ,True
vơ sạch,ꪬꪺꪥ ꪕꪾꪚ,False
suối,ꪬ꫁ꪺꪥ,False
khe lạch,ꪬ꫁ꪺꪥ ꪭ꪿ꪮꪉ,False
khe lạch,ꪬ꫁ꪺꪥ ꪹꪜꪸꪈ꫁ꪉ,True
hân hoan,ꪭꪺꪥ ꪬꪮꪣ,False
"tàn, lụi",ꪭ꫁ꪺꪥ,False
"tàn, ắp",ꪭ꫁ꪺꪥ,True
lực lụi,ꪭ꫁ꪺꪥ,True
khuất,ꪭ꫁ꪺꪥ,False
cùng,ꪭ꪿ꪺꪣ,False
trùng,ꪭ꪿ꪺꪣ,False
xóm giềng,ꪭ꪿ꪺꪣ ꪚ꫁ꪱꪙ,False
xóm giềng,ꪭ꪿ꪺꪣ ꪬ꪿ꪱꪙ,True
cùng họ ngoại,ꪭ꪿ꪺꪣ ꪙꪱꪥ,False
chào chiến quả,ꪭ꪿ꪺꪣ ꪙꪱꪥ,True
cùng họ nội,ꪭ꪿ꪺꪣ ꪜꪴ꪿,False
chần,ꪭ꫁ꪺꪣ,False
"tành,",ꪭ꫁ꪺꪣ,True
hạ,ꪬ꪿ꪺꪙ,False
hạ,ꪀ꫁ꪮꪉ,True
băm,ꪬ꪿ꪺꪙ,True
rút ngắn,ꪬ꪿ꪺꪙ,False
điếu ngắn,ꪬ꪿ꪺꪙ,True
rút (như),ꪬ꪿ꪺꪙ,True
nới bớt,ꪬ꪿ꪺꪙ,False
ung,ꪭ꪿ꪺꪙ,False
giữ,ꪬꪺꪉ,False
nụ,ꪬꪺꪉ,True
rụng,ꪬ꪿ꪺꪉ,False
"rã, rã rời",ꪬ꪿ꪺꪉ,False
"rã, trăng, rời",ꪬ꪿ꪺꪉ,True
tụt nõ,ꪬ꪿ꪺꪉ ꪀ꫁ꪱꪙ,False
"tụt bết,",ꪬ꪿ꪺꪉ ꪀ꫁ꪱꪙ,True
tụt nghễ,ꪬ꪿ꪺꪉ ꪀ꫁ꪱꪙ,True
một loại bu gà,ꪭꪺꪉ,False
một tặng bu gà,ꪭꪺꪉ,True
bông,ꪭꪺꪉ,False
sào,ꪭ꪿ꪺꪉ,False
tân,ꪭ꫁ꪺꪉ,False
"mơn,",ꪭ꫁ꪺꪉ,True
"hót, hốt, vơ",ꪬꪺꪚ,False
chuốc,ꪬꪺꪚ,False
chuốc,ꪣꪰ꪿ꪉ,True
gộp chặt,ꪭꪺꪚ,False
"nhõm, chặt",ꪭꪺꪚ,True
"rổ, rá",ꪬꪺꪒ,False
xeo lộp,ꪜ꪿ꪱꪥ,True
vo,ꪬꪺꪒ,False
lọc lấy nước tro,ꪬꪺꪒ ꪒꪰ꪿ꪉ,False
lọc lấy nước tro,ꪼꪮ꫁ ꪒꪰ꪿ꪉ,True
thon thót,ꪬꪺꪒ ꪬꪺꪒ,False
rít thót,ꪬꪺꪒ ꪬꪺꪒ,True
vãi,ꪭꪺꪒ,False
thàm,ꪬꪴꪚ,False
vơ vét,ꪬꪴꪚ ꪬꪺꪥ,False
chíu nõ,ꪬꪴꪚ ꪬꪺꪥ,True
vá víu,ꪬꪴꪚ ꪠꪴꪉ,False
vá víu,ꪬꪴꪚ ꪶꪤꪉ,True
vá dìm,ꪬꪴꪚ ꪠꪴꪉ,True
múi,ꪭꪴꪒ,False
"yếu,",ꪭꪴꪒ,True
tuốt,ꪭꪴꪒ,False
"chân,",ꪭꪴꪒ,True
tễnh,ꪭꪴꪒ,True
"câu, đoạn",ꪭꪴꪒ,False
"bừng bừng, hầm hập",ꪭꪴꪒ ꪭꪴꪒ,False
"bừng bừng, ngấm hập",ꪭꪴꪒ ꪭꪴꪒ,True
"bừng bừng, khuy hập",ꪄꪫꪲꪥ ꪵꪓꪉ,True
kia,ꪭꪳ,False
hổn hển,ꪭꪳ ꪭ꪿ꪱ,False
vòi hển,ꪭꪳ ꪭ꪿ꪱ,True
"ngắn, dài",ꪭꪳ ꪭ꪿ꪱ,False
"ngắn, nga",ꪭꪳ ꪭ꪿ꪱ,True
"ngắn, phưỡn",ꪣ꪿ꪮꪥ ꪭ꪿ꪱ,True
"hay, hay là",ꪭꪳ ꪫ꪿ꪱ,False
"hay, hay ꪔꪰ꫁ꪉ",ꪭꪳ ꪫ꪿ꪱ,True
hừ,ꪭꪳ꪿,False
vẹo,ꪭꪳ꪿,True
bổng,ꪭꪳ꫁,False
ngoải,ꪝ꫁ꪱꪫ,True
vùng,ꪭꪳ꫁,False
vùng,ꪕꪴ꫁,True
tung,ꪭꪳ꫁,False
ẩu,ꪹꪡꪷꪙ,True
"mồ hôi, bồ hôi",ꪹꪬ꪿,False
mồ nhích bồ hôi,ꪹꪬ꪿,True
"mồ hôi, bồ nhen",ꪹꪬ꪿,True
hơi nước ngưng tụ,ꪹꪬ꪿,False
"nhọc, nước ngưng tụ",ꪹꪬ꪿,True
"mồ hôi, mồ kê",ꪹꪬ꪿ ꪼꪁ,False
"công sức, sức lao động",ꪹꪬ꪿ ꪵꪭꪉ,False
"công sức, sức lao cữ,",ꪹꪬ꪿ ꪵꪭꪉ,True
"công sức, trễ lao động",ꪹꪬ꪿ ꪵꪭꪉ,True
toát dương,ꪹꪬ꪿ ꪡꪱꪒ,False
toát lặng,ꪹꪬ꪿ ꪡꪱꪒ,True
xó dương,ꪹꪬ꪿ ꪡꪱꪒ,True
thuyền,ꪹꪭ,False
thuyền,ꪢ꫁ꪺꪥ,True
thuyền bè,ꪹꪭ ꪵꪝ,False
thuyền bè,ꪠꪐꪱ ꪵꪝ,True
"tàu thủy, tàu chiến",ꪹꪭ ꪼꪡ,False
"tàu thủy, tàu chiến",ꪹꪭ ꪑꪲ,True
hửng,ꪹꪭ꪿,False
"thoắt,",ꪹꪭ꪿,True
rực,ꪹꪭ꪿,False
rộ,ꪹꪭ꪿,False
sáng rực,ꪹꪭ꪿ ꪋꪳꪀ,False
sáng quýt,ꪹꪭ꪿ ꪋꪳꪀ,True
sáng trưng,ꪹꪭ꪿ ꪤꪱꪀ,False
sáng xoe,ꪹꪭ꪿ ꪤꪱꪀ,True
sáng trưng,ꪹꪭ꪿ ꪡ꫁ꪱꪉ,True
rực rỡ,ꪹꪭ꪿ ꪹꪭꪉ,False
nở rộ,ꪹꪭ꪿ ꪹꪠꪸ꪿ꪉ,False
nở rộ,ꪚꪸꪙ ꪝꪲ꫁ꪀ,True
"hoang, hóa",ꪹꪭ꫁,False
thường,ꪹꪭ꫁,False
hoang hóa,ꪹꪭ꫁ ꪭꪱꪣ,False
hoang vọ,ꪹꪭ꫁ ꪭꪱꪣ,True
hoang phế,ꪹꪭ꫁ ꪭ꪿ꪱꪉ,False
hoang phế,ꪜꪳ꫁ ꪭ꪿ꪱꪉ,True
hoang vắng: pá pũ hựa mòng: núi rừng hoang vắng,ꪹꪭ꫁ ꪢꪮꪉ,False
hoang vắng: pá pũ hựa mòng: óng phệ hảo vắng,ꪹꪭ꫁ ꪢꪮꪉ,True
hoang vắng: pá pũ ước mòng: núi rừng hoang vắng,ꪹꪭ꫁ ꪢꪮꪉ,True
tệ,ꪬꪳ꪿ꪀ,False
dụi,ꪬꪳ꪿ꪀ,True
"cách, mức",ꪬꪳ꪿ꪀ,False
này,ꪭꪳꪀ,False
vỉ,ꪬꪳꪣ,False
đàn môi,ꪬꪳꪙ,False
đàn cái,ꪬꪳꪙ,True
viêm,ꪹꪊꪸꪚ,False
giương,ꪬꪳꪙ,False
"sợi ngang, canh",ꪬꪳꪙ ꪬꪳꪀ,False
"sợi ngang, khò",ꪬꪳꪙ ꪬꪳꪀ,True
"nhàng ngang, canh",ꪬꪳꪙ ꪥ꫁ꪱꪀ,True
"hăng, he",ꪭꪳꪙ,False
tê,ꪭꪳꪙ,False
mủm,ꪭꪳꪙ,True
đau xót,ꪭꪳꪙ ꪻꪊ,False
địu xót,ꪭꪳꪙ ꪻꪊ,True
rát ruột,ꪭꪳꪙ ꪼꪎ꫁,False
rầm rầm,ꪭꪳ꫁ꪙ ꪭꪳ꫁ꪙ,False
rầm rầm,ꪭꪳ꫁ꪙ ꪅꪑ꪿ꪱꪫ,True
ào ạt,ꪭꪳ꫁ꪙ ꪭꪳ꫁ꪙ,False
ào ạt,ꪭꪳ꫁ꪙ ꪶꪢꪒ,True
phưng phức,ꪭꪳ꪿ꪉ ꪭꪳ꪿ꪉ,False
tỉnh táo,ꪹꪭ꪿ꪥ,False
lợi,ꪹꪬꪀ,False
lợi,ꪊ꫁ꪱ,True
mang,ꪹꪬꪀ,False
hàm ếch,ꪹꪬꪀ ꪶꪬꪉ,False
hàm ếch,ꪹꪬꪀ ꪒꪸꪒ,True
lên,ꪹꪬ꫁ꪙ,False
sắm sửa,ꪹꪬ꫁ꪙ,False
sắm sửa,ꪩ꫁ꪱꪥ,True
nhà,ꪹꪭꪙ,False
nhà bếp,ꪹꪭꪙ ꪹꪚꪸꪚ,False
nhà buôn,ꪹꪭꪙ ꪁ꫁ꪱ,False
nhà buôn,ꪹꪭꪙ ꪡꪲ꪿,True
"mấu, lệnh",ꪹꪭꪙ ꪁ꫁ꪱ,True
nhà trường,ꪹꪭꪙ ꪹꪋꪉ,False
"nhà thương, bệnh viện",ꪹꪭꪙ ꪤꪱ,False
"nhà thương, bệnh vi",ꪹꪭꪙ ꪤꪱ,True
"xoèn thương, bệnh viện",ꪹꪭꪙ ꪻꪠ,True
nhà cửa,ꪹꪭꪙ ꪤ꫁ꪱꪫ,False
nhà ráo,ꪹꪭꪙ ꪤ꫁ꪱꪫ,True
gia đình,ꪹꪭꪙ ꪤ꫁ꪱꪫ,False
rên đình,ꪹꪭꪙ ꪤ꫁ꪱꪫ,True
nhà đất,ꪹꪭꪙ ꪒꪲꪙ,False
"nhà đám, nhà có tang",ꪹꪭꪙ ꪭ꫁ꪱꪥ,False
"nhà đám, nhịng gấu tang",ꪵꪭꪒ ꪭ꫁ꪱꪥ,True
nhà sàn,ꪹꪭꪙ ꪭ꫁ꪱꪙ,False
nhà sàn,ꪖꪷ꫁ ꪭ꫁ꪱꪙ,True
cửa hàng,ꪹꪭꪙ ꪀ꪿ꪫꪱꪙ,False
cửa hàng,ꪐꪱꪉ ꪀ꪿ꪫꪱꪙ,True
móc: hàng,ꪹꪭꪙ ꪀ꪿ꪫꪱꪙ,True
"cửa hàng, nhà hàng",ꪹꪭꪉ ꪭꪱꪉ,False
"cửa hàng, nhà cử",ꪹꪭꪉ ꪭꪱꪉ,True
"lừa, hàng, nhà hàng",ꪹꪭꪉ ꪢꪮꪥ,True
nhà mồ,ꪹꪭꪙ ꪵꪭ꪿ꪫ,False
"nhà muối,",ꪹꪭꪙ ꪵꪭ꪿ꪫ,True
nhà táng,ꪹꪭꪙ ꪬꪷ,False
hội trường,ꪹꪭꪙ ꪶꪭ꫁ꪥ,False
mấu trường,ꪹꪭꪙ ꪶꪭ꫁ꪥ,True
nhà khách,ꪹꪭꪙ ꪵꪄꪀ,False
"nhà tiêu, nhà xí",ꪹꪭꪙ ꪄꪲ꫁,False
"nhà đớn, nhà xí",ꪹꪭꪙ ꪄꪲ꫁,True
gia thất,ꪹꪭꪙ ꪀꪲꪙ,False
"nhà tranh, nhà gianh",ꪹꪭꪙ ꪐ꫁ꪱ,False
nhà nước,ꪹꪭꪙ ꪹꪣꪉ,False
"nhà trành,",ꪹꪭꪙ ꪹꪣꪉ,True
"nhà ông, nhà quyền quý",ꪹꪭꪙ ꪶꪮꪉ,False
"nhà ông, nhà quyền quý",ꪵꪏꪁꪉ ꪶꪮꪉ,True
nhà vua,ꪹꪭꪙ ꪜꪺ,False
nhà quan,ꪹꪭꪙ ꪀꪫꪱꪙ,False
mớ quan,ꪹꪭꪙ ꪀꪫꪱꪙ,True
"quê nhà, quê hưỡng",ꪹꪭꪙ ꪹꪀꪸꪫꪥ,False
"bỡn nhà, quê hưỡng",ꪹꪭꪙ ꪹꪀꪸꪫꪥ,True
đúc mặc quê hưỡng,ꪹꪭꪙ ꪹꪀꪸꪫꪥ,True
nhà tạo,ꪹꪭꪙ ꪕ꫁ꪱꪫ,False
nhà tạo,ꪶꪩꪒ ꪕ꫁ꪱꪫ,True
nhà tây,ꪹꪭꪙ ꪼꪔ,False
"nhà xước,",ꪹꪭꪙ ꪼꪔ,True
thiên phủ,ꪹꪭꪙ ꪵꪖꪙ,False
thiên táp,ꪹꪭꪙ ꪵꪖꪙ,True
nhà kê,ꪹꪭꪙ ꪔꪷ꪿ ꪀꪲ꪿,False
khung kê,ꪡꪴ ꪔꪷ꪿ ꪀꪲ꪿,True
nhà trọ,ꪹꪭꪙ ꪶꪕ꪿,False
nhà tù,ꪹꪭꪙ ꪕꪴ,False
vi trùng hăn-xen,ꪹꪭ꫁ꪙ,False
vi trùng tróng,ꪹꪭ꫁ꪙ,True
hủi,ꪹꪭ꫁ꪙ,False
phong,ꪬꪴ꪿ꪥ,False
phong,ꪵꪀ꫁,True
phong,ꪚꪲ꫁,True
mày đay,ꪹꪭ꫁ꪙ ꪀꪮꪚ ꪶꪨ꫁ꪉ,False
mày đay,ꪶꪬ꪿ꪀ ꪀꪮꪚ ꪶꪨ꫁ꪉ,True
mày đay,ꪹꪭ꫁ꪙ ꪭꪮꪥ,False
"hương, nhang",ꪹꪬꪉ,False
mắng nhang,ꪵꪀ꪿ꪙ,True
hương khói,ꪹꪬꪉ ꪕꪸꪙ,False
nghi,ꪹꪬ꪿ꪉ,False
gấc,ꪹꪬ꪿ꪉ,True
đoán,ꪹꪬ꪿ꪉ,False
nhầm,ꪹꪬ꪿ꪉ,True
nghi ngờ,ꪹꪬ꪿ꪉ ꪬꪱꪥ,False
hưởng,ꪹꪬ꫁ꪉ,False
dợn,ꪹꪬ꫁ꪉ,True
lém,ꪹꪬ꫁ꪉ,True
càng,ꪹꪭ꪿ꪉ,False
"vai,",ꪹꪭ꪿ꪉ,True
vừa,ꪹꪭ꪿ꪉ,False
"quang, hửng nắng",ꪹꪭ꫁ꪉ,False
rệp,ꪹꪭꪒ,False
"lượt thượt, lướt thướt",ꪹꪭꪒ ꪹꪭꪒ,False
"lửa, thượt, lướt cứt,",ꪹꪭꪒ ꪹꪭꪒ,True
"tha thướt, thướt tha",ꪹꪭꪒ ꪹꪭꪒ,False
"hon thướt, thướt tha",ꪹꪭꪒ ꪹꪭꪒ,True
"vù, ù",ꪬꪳꪚ,False
"gắng lên, cố lên",ꪬꪳꪚ ꪄꪳ꫁ꪙ,False
"gắng chun, cố lên",ꪬꪳꪚ ꪄꪳ꫁ꪙ,True
"mẻ, lên, cố lên",ꪬꪳꪚ ꪄꪳ꫁ꪙ,True
cố lên,ꪬꪳꪚ ꪻꪎ꪿,False
"x, hự 1",ꪭꪳꪒ,False
"x, tạy tê",ꪭꪳꪒ,True
"x, hự đầu,",ꪭꪳꪒ,True
di sản,ꪩꪱꪉ ꪋꪸꪙ,False
chon sản,ꪩꪱꪉ ꪎ꪿ꪮꪙ,True
trấu sản,ꪩꪱꪉ ꪋꪸꪙ,True
trâm,ꪬ꫁ꪱ,False
"nhám,",ꪬ꫁ꪱ,True
lo,ꪨꪷ,False
xe máy,ꪵꪎ ꪼꪢ꪿,False
ô tô,ꪶꪯ꪿ ꪶꪕ꪿,False
"ô kín,",ꪶꪯ꪿ ꪶꪕ꪿,True
ô bão,ꪶꪯ꪿ ꪖ꫁ꪱꪫ,True
ra gì,ꪮꪮꪀ ꪎꪰꪉ,False
"bùng bục, mã rạng",ꪔꪮꪉ ꪹꪕꪱ꫁,False
"bùng bẩm mã rỗi,",ꪔꪮꪉ ꪹꪕꪱ꫁,True
thành nghạnh đỏ,ꪔꪲ꫁ꪫ ꪵꪒꪉ,False
thành rợp đỏ,ꪔꪲ꫁ꪫ ꪵꪒꪉ,True
lảnh nghạnh đỏ,ꪔꪲ꫁ꪫ ꪵꪒꪉ,True
thành nghành nam,ꪔꪲ꫁ꪫ ꪢꪮꪉ,False
thành nghành nam,ꪶꪮ꫁ ꪹꪔꪷ꪿,True
rằng ray,ꪢꪴ ꪋꪳ꪿ꪙ,False
chôn ray,ꪢꪴ ꪋꪳ꪿ꪙ,True
Thái,ꪼꪕ,False
Kinh,ꪵꪀꪫ,False
"sỡ,",ꪵꪀꪫ,True
đánh,ꪊ꫁ꪱꪥ,False
đánh,ꪘ꪿ꪺꪉ,True
triệu,ꪩ꫁ꪱꪙ,False
phồng,ꪩ꫁ꪱꪙ,True
"sâu đá, rết nước",ꪤꪱ ꪹꪔꪷ꪿,False
"sâu đá, tà nước",ꪮꪲ꪿ꪣ ꪹꪮ꫁ꪣ,True
muốn,ꪤ꪿ꪱ,False
rùa,ꪹꪔ꪿ꪱ,False
nhâm,ꪹꪔ꪿ꪱ,False
bầu,ꪹꪔ꫁ꪱ,False
bầu,ꪹꪔ꫁ꪱ,False
về,ꪹꪔ꫁ꪱ,False
về,ꪶꪮꪚ,True
bầu nậm,ꪹꪔ꫁ꪱ ꪹꪄ꫁ꪱ,False
bầu ngỏng,ꪹꪔ꫁ꪱ ꪹꪄ꫁ꪱ,True
hồ lô,ꪹꪔ꫁ꪱ ꪝꪴ꪿ꪉ,False
"nồi, phiếm",ꪹꪔ꫁ꪱ ꪝꪴ꪿ꪉ,True
thổi,ꪹꪜ꪿ꪱ,False
trống,ꪹꪜ꪿ꪱ,False
rỗng,ꪹꪜ꪿ꪱ,False
hô hấp nhân tạo,ꪹꪜ꪿ꪱ ꪬꪴ,False
hô cót nhân tạo,ꪹꪜ꪿ꪱ ꪬꪴ,True
hô hấp hắc tạo,ꪹꪜ꪿ꪱ ꪬꪴ,True
"trống hốc, trống không, rỗng tuếch",ꪹꪜ꪿ꪱ ꪄꪲ꫁ꪉ,False
búi,ꪹꪜ꫁ꪱ,False
sửu,ꪹꪜ꫁ꪱ,False
chắp,ꪹꪜ꫁ꪱ,True
xúm,ꪹꪜ꫁ꪱ,False
"chao ôi, chao ơi",ꪹꪜ꫁ꪱ ꪹꪯꪷꪥ,False
"chao ôi, cà kề,",ꪹꪜ꫁ꪱ ꪝ꪿ꪱꪙ,True
tiên nhân,ꪹꪜ꫁ꪱ ꪹꪜꪷ꪿ꪙ,False
"ông cha, cha ông, ông bà",ꪹꪜ꫁ꪱ ꪜꪴ꪿,False
"ông víu, cha ông, ông bà",ꪹꪜ꫁ꪱ ꪜꪴ꪿,True
"ông cha, cha ông, ông bà",ꪹꪜ꫁ꪱ ꪪꪱ,True
tổ tiên,ꪹꪜ꫁ꪱ ꪜꪴ꪿,False
tổ hoắt,ꪹꪜ꫁ꪱ ꪵꪒꪉ,True
tổ suyễn,ꪹꪜ꫁ꪱ ꪜꪴ꪿,True
thổi,ꪹꪜ꪿ꪱ,False
thổi,ꪹꪜ꪿ꪱ,False
lộp,ꪹꪜ꪿ꪱ,True
thổi,ꪹꪜ꪿ꪱ,False
thổi,ꪮꪸ꪿ꪉ,True
"biển, nước biển",ꪙꪾ꫁ ꪹꪚꪸ꫁,False
"nguồn, mạch nước",ꪙꪾ꫁ ꪚꪷ꪿,False
"băng, nước đóng băng",ꪙꪾ꫁ ꪹꪜꪸꪙ ꪔ꫁ꪮꪙ,False
"sức, nước đóng vòi",ꪙꪾ꫁ ꪹꪜꪸꪙ ꪔ꫁ꪮꪙ,True
"sẽ, thì sẽ",ꪊꪰ꪿ꪉ,False
gấc,ꪢꪱꪀ ꪹꪄ꫁ꪱ,False
